fund_code,fund_name,theme_hint,investability_hint,investability_note,is_current,latest_nav_date,latest_price,return_5d_pct,previous_5d_pct,acceleration_5d_pp,return_20d_pct,previous_20d_pct,acceleration_20d_pp,return_60d_pct,return_126d_pct,return_252d_pct,volatility_20d_ann_pct,max_drawdown_60d_pct,distance_from_60d_high_pct,portfolio_size_try,investor_count,history_observations,stock_pct,foreign_stock_pct,foreign_security_pct,foreign_etf_pct,precious_metals_pct,eurobond_pct,government_bond_pct,private_sector_bond_pct,investment_fund_pct,etf_pct,term_deposit_pct,repo_pct,reverse_repo_pct,derivative_pct,dataset_latest_date,breakdown_date,generated_at_local
AAL,ATA PORTFÖY PARA PİYASASI (TL) FONU,Diğer / Belirsiz,EXCLUDE,Para piyasası fonu,True,2026-09-28,3.622,0.6925,0.6605,0.032,2.7815,1.6917,1.0898,7.7456,18.2529,42.9711,1.2179,-1.1634,0.0,1767039517.19,4291.0,329,0.0,0.0,0.0,0.0,0.0,0.0,9.89,1.42,0.0,0.0,0.0,0.0,39.63,0.0,2026-09-28,2026-09-28,2026-09-28 14:23:46
AC4,PARDUS PORTFÖY PARA PİYASASI (TL) FON,Diğer / Belirsiz,EXCLUDE,Para piyasası fonu,True,2026-09-28,4.162,0.7116,0.5903,0.1213,2.7817,3.2217,-0.4401,9.8654,22.9825,49.8833,1.3619,-0.015,0.0,1903961658.96,4106.0,329,0.0,0.0,0.0,0.0,0.0,0.0,12.93,0.0,0.0,0.0,0.0,0.0,0.0,0.0,2026-09-28,2026-09-28,2026-09-28 14:23:46
AIS,AK PORTFÖY PARA PİYASASI KATILIM FONU,Katılım,EXCLUDE,Para piyasası fonu,True,2026-09-28,0.1116,0.6448,0.6883,-0.0435,2.7813,3.02,-0.2386,9.3999,21.8059,46.8415,1.1987,0.0,0.0,10794985767.41,25051.0,329,0.0,0.0,0.0,0.0,0.0,0.0,0.0,0.0,0.0,0.0,0.0,0.0,0.0,0.0,2026-09-28,2026-09-28,2026-09-28 14:23:46
ALE,AK PORTFÖY PARA PİYASASI (TL) FONU,Diğer / Belirsiz,EXCLUDE,Para piyasası fonu,True,2026-09-28,14.025,0.6755,0.6555,0.02,2.7374,2.9849,-0.2475,9.3152,21.5184,46.0495,1.1993,0.0,0.0,78398392521.2,138907.0,329,0.0,0.0,0.0,0.0,0.0,0.0,14.79,0.36,0.0,0.0,0.0,0.0,46.52,0.0,2026-09-28,2026-09-28,2026-09-28 14:23:46
ANL,AK PORTFÖY ALTERNATİF BANK PARA PİYASASI (TL)FONU,Bankacılık / Finans,EXCLUDE,Para piyasası fonu,True,2026-09-28,38.9213,0.6866,0.6248,0.0618,2.7363,3.0605,-0.3242,9.3903,21.695,46.4819,1.217,0.0,0.0,868320856.81,3544.0,329,0.0,0.0,0.0,0.0,0.0,0.0,10.24,7.1,0.0,0.0,0.0,0.0,58.17,0.0,2026-09-28,2026-09-28,2026-09-28 14:23:46
BGP,AK PORTFÖY ÜÇÜNCÜ PARA PİYASASI (TL) FONU,Diğer / Belirsiz,EXCLUDE,Para piyasası fonu,True,2026-09-28,6.7903,0.6874,0.6621,0.0253,2.7923,3.0583,-0.266,9.5361,21.9129,47.1676,1.2212,0.0,0.0,50556433127.13,28685.0,329,0.0,0.0,0.0,0.0,0.0,0.0,15.22,0.3,0.0,0.0,0.0,0.0,46.04,0.0,2026-09-28,2026-09-28,2026-09-28 14:23:46
BIP,İSTANBUL PORTFÖY BİRİNCİ PARA PİYASASI SERBEST (TL) FON,Diğer / Belirsiz,EXCLUDE,Para piyasası fonu,True,2026-09-28,1.7048,0.7099,0.6969,0.013,2.8711,3.13,-0.2589,9.7821,22.4261,48.027,1.3277,0.0,0.0,2688430021.75,188.0,329,0.0,0.0,0.0,0.0,0.0,0.0,0.19,0.0,0.0,0.0,0.0,0.0,64.12,0.0,2026-09-28,2026-09-28,2026-09-28 14:23:46
BPV,BTCTURK PORTFÖY PARA PİYASASI (TL) FONU,Diğer / Belirsiz,EXCLUDE,Para piyasası fonu,True,2026-09-28,1.0128,0.6981,0.5805,0.1176,,,,,,,,-0.0041,0.0,30384812.11,1.0,11,0.0,0.0,0.0,0.0,0.0,0.0,28.39,0.0,0.0,0.0,0.0,0.0,19.8,0.0,2026-09-28,2026-09-28,2026-09-28 14:23:46
BPZ,BULLS PORTFÖY PARA PİYASASI (TL) FONU,Diğer / Belirsiz,EXCLUDE,Para piyasası fonu,True,2026-09-28,1.6502,0.2048,0.4908,-0.286,2.4973,3.4865,-0.9892,10.0911,23.9843,50.7719,1.4177,0.0,0.0,1076277021.82,2376.0,309,0.0,0.0,0.0,0.0,0.0,0.0,30.77,0.0,0.0,0.0,0.0,0.0,0.0,0.0,2026-09-28,2026-09-28,2026-09-28 14:23:46
BRG,TEB PORTFÖY BURGAN BANK PARA PİYASASI (TL) FONU,Bankacılık / Finans,EXCLUDE,Para piyasası fonu,True,2026-09-28,5.3148,0.7006,0.628,0.0725,2.7612,3.0426,-0.2815,9.4267,21.7766,46.8487,1.2245,0.0,0.0,2015278727.92,1640.0,329,0.0,0.0,0.0,0.0,0.0,0.0,16.13,0.0,0.0,0.0,0.0,0.0,41.28,0.0,2026-09-28,2026-09-28,2026-09-28 14:23:46
BTP,TRİVE PORTFÖY PARA PİYASASI SERBEST FON,Diğer / Belirsiz,EXCLUDE,Para piyasası fonu,True,2026-09-28,0.6203,0.7392,0.8282,-0.089,3.3006,3.3972,-0.0966,11.195,21.031,-11.8671,1.5063,0.0,0.0,419272583.0,18.0,329,0.0,0.0,0.0,0.0,0.0,0.0,0.0,0.0,0.0,0.0,0.0,0.0,28.35,0.0,2026-09-28,2026-09-28,2026-09-28 14:23:46
BVF,BV PORTFÖY PARA PİYASASI (TL) FON,Diğer / Belirsiz,EXCLUDE,Para piyasası fonu,True,2026-09-28,1.4727,0.7053,0.7316,-0.0264,3.0456,3.1578,-0.1123,9.9929,22.9082,,1.3109,0.0,0.0,1756433076.64,620.0,243,0.0,0.0,0.0,0.0,0.0,0.0,10.95,16.94,0.0,0.0,0.0,0.0,7.23,0.0,2026-09-28,2026-09-28,2026-09-28 14:23:46
CFO,ROTA PORTFÖY İKİNCİ PARA PİYASASI FONU,Diğer / Belirsiz,EXCLUDE,Para piyasası fonu,True,2026-09-28,2.6159,0.6909,0.6667,0.0241,2.8099,3.023,-0.2131,9.4958,22.0212,47.3634,1.277,0.0,0.0,1653447377.81,358.0,329,0.0,0.0,0.0,0.0,0.0,0.0,11.82,0.0,0.0,0.0,0.0,0.0,73.88,0.0,2026-09-28,2026-09-28,2026-09-28 14:23:46
DAP,DESTEK PORTFÖY PARA PİYASASI FONU,Diğer / Belirsiz,EXCLUDE,Para piyasası fonu,True,2026-09-28,1.0594,0.7382,0.653,0.0851,2.9624,,,,,,1.2496,0.0,0.0,146315148.67,692.0,37,0.0,0.0,0.0,0.0,0.0,0.0,11.79,0.0,0.0,0.0,0.0,0.0,10.26,0.0,2026-09-28,2026-09-28,2026-09-28 14:23:46
DCB,DENİZ PORTFÖY PARA PİYASASI SERBEST (TL) FON,Diğer / Belirsiz,EXCLUDE,Para piyasası fonu,True,2026-09-28,4.9555,0.6938,0.6969,-0.0032,2.8398,2.9966,-0.1568,9.5305,22.0923,47.1139,1.2998,0.0,0.0,131005609901.31,21516.0,329,0.0,0.0,0.0,0.0,0.0,0.0,0.05,0.16,0.0,0.0,0.0,0.0,31.64,0.0,2026-09-28,2026-09-28,2026-09-28 14:23:46
DCN,DENİZ PORTFÖY ÜÇÜNCÜ PARA PİYASASI (TL) FONU,Diğer / Belirsiz,EXCLUDE,Para piyasası fonu,True,2026-09-28,1.4915,0.6837,0.5597,0.124,2.6258,2.9956,-0.3698,9.1809,21.3047,45.9773,1.2773,0.0,0.0,136410937.98,1021.0,266,0.0,0.0,0.0,0.0,0.0,0.0,28.67,0.0,0.0,0.0,0.0,0.0,58.45,0.0,2026-09-28,2026-09-28,2026-09-28 14:23:46
DGH,ATA PORTFÖY PARA PİYASASI SERBEST (TL) FON,Diğer / Belirsiz,EXCLUDE,Para piyasası fonu,True,2026-09-28,11.2224,0.7061,0.7169,-0.0107,2.919,3.0564,-0.1375,9.749,22.6623,49.1191,1.3324,0.0,0.0,2274156648.21,208.0,329,0.0,0.0,0.0,0.0,0.0,0.0,0.0,0.86,0.0,0.0,0.0,0.0,43.74,0.0,2026-09-28,2026-09-28,2026-09-28 14:23:46
DIP,DENİZ PORTFÖY İKİNCİ PARA PİYASASI SERBEST (TL) FON,Diğer / Belirsiz,EXCLUDE,Para piyasası fonu,True,2026-09-28,1.6423,0.7043,0.7154,-0.0112,2.8919,3.0536,-0.1617,9.7241,22.5538,48.2761,1.3244,0.0,0.0,51524892430.84,2060.0,313,0.0,0.0,0.0,0.0,0.0,0.0,0.0,0.0,0.0,0.0,0.0,0.0,0.0,0.0,2026-09-28,2026-09-28,2026-09-28 14:23:46
DL2,DENİZ PORTFÖY İKİNCİ PARA PİYASASI (TL) FONU,Diğer / Belirsiz,EXCLUDE,Para piyasası fonu,True,2026-09-28,2.5727,0.7134,0.585,0.1284,2.7079,3.0586,-0.3507,9.4197,21.5976,46.935,1.2262,0.0,0.0,6740061218.37,615.0,329,0.0,0.0,0.0,0.0,0.0,0.0,31.5,1.55,0.0,0.0,0.0,0.0,25.28,0.0,2026-09-28,2026-09-28,2026-09-28 14:23:46
DLY,DENİZ PORTFÖY PARA PİYASASI (TL) FONU,Diğer / Belirsiz,EXCLUDE,Para piyasası fonu,True,2026-09-28,6.3049,0.6937,0.6144,0.0793,2.7094,2.9996,-0.2902,9.2883,21.4753,46.3084,1.2128,0.0,0.0,59720859402.61,305622.0,329,0.0,0.0,0.0,0.0,0.0,0.0,21.42,2.2,0.0,0.0,0.0,0.0,35.31,0.0,2026-09-28,2026-09-28,2026-09-28 14:23:46
DNP,DENİZ PORTFÖY PARA PİYASASI KATILIM SERBEST (TL) FON,Katılım,EXCLUDE,Para piyasası fonu,True,2026-09-28,1.4915,0.6425,0.7122,-0.0697,2.8183,3.0465,-0.2283,9.4716,21.8653,46.6092,1.2836,0.0,0.0,1507136686.46,401.0,264,0.0,0.0,0.0,0.0,0.0,0.0,0.0,0.0,0.0,0.0,0.0,0.0,0.0,0.0,2026-09-28,2026-09-28,2026-09-28 14:23:46
ECB,GLOBAL MD PORTFÖY PARA PİYASASI (TL) FONU,Diğer / Belirsiz,EXCLUDE,Para piyasası fonu,True,2026-09-28,55.4996,0.7007,0.658,0.0428,2.7576,2.9902,-0.2326,9.3214,21.4144,45.9201,1.1875,0.0,0.0,1148652078.14,3133.0,329,0.0,0.0,0.0,0.0,0.0,0.0,6.39,0.0,0.0,0.0,0.0,0.0,56.71,0.0,2026-09-28,2026-09-28,2026-09-28 14:23:46
EDP,NEO PORTFÖY KORUNCUK EĞİTİME DESTEK PARA PİYASASI SERBEST FON,Diğer / Belirsiz,EXCLUDE,Para piyasası fonu,True,2026-09-28,1.2151,0.6503,0.6573,-0.0069,2.808,3.2238,-0.4158,9.9336,,,1.2722,0.0,0.0,200082487.96,71.0,121,0.0,0.0,0.0,0.0,0.0,0.0,0.0,0.0,0.0,0.0,0.0,0.0,75.67,0.0,2026-09-28,2026-09-28,2026-09-28 14:23:46
EIL,ASTRA PORTFÖY PARA PİYASASI (TL) FONU,Diğer / Belirsiz,EXCLUDE,Para piyasası fonu,True,2026-09-28,5.4955,0.7703,0.6839,0.0864,3.0041,3.1199,-0.1158,9.8405,22.614,49.1495,1.3487,0.0,0.0,654129850.48,1020.0,329,0.0,0.0,0.0,0.0,0.0,0.0,14.46,42.41,0.0,0.0,0.0,0.0,23.13,0.0,2026-09-28,2026-09-28,2026-09-28 14:23:46
EKL,KUVEYT TÜRK PORTFÖY EMLAK KATILIM BANKASI PARA PİYASASI KATILIM FONU,Bankacılık / Finans,EXCLUDE,Para piyasası fonu,True,2026-09-28,1.8905,0.6577,0.6593,-0.0016,2.6741,2.8728,-0.1987,9.0155,21.0018,44.9856,1.2224,0.0,0.0,1766096284.11,1223.0,329,0.0,0.0,0.0,0.0,0.0,0.0,0.0,0.0,0.0,0.0,0.0,0.0,0.0,0.0,2026-09-28,2026-09-28,2026-09-28 14:23:46
ENR,QNB PORTFÖY ENPARA PARA PİYASASI (TL) FONU,Diğer / Belirsiz,EXCLUDE,Para piyasası fonu,True,2026-09-28,1.2516,0.7049,0.6669,0.038,2.8349,3.0794,-0.2445,9.5951,21.9146,,1.2724,0.0,0.0,2206792743.2,12661.0,145,0.0,0.0,0.0,0.0,0.0,0.0,13.51,3.79,0.0,0.0,0.0,0.0,31.76,0.0,2026-09-28,2026-09-28,2026-09-28 14:23:46
EP1,EMLAK KATILIM PORTFÖY PARA PİYASASI KATILIM (TL) FONU,Katılım,EXCLUDE,Para piyasası fonu,True,2026-09-28,1.1096,0.6917,0.6979,-0.0062,2.8357,2.9293,-0.0936,9.3345,,,1.2917,0.0,0.0,13152742965.36,2355.0,70,0.0,0.0,0.0,0.0,0.0,0.0,0.0,0.0,0.0,0.0,0.0,0.0,0.0,0.0,2026-09-28,2026-09-28,2026-09-28 14:23:46
EPA,EMAA BLUE PORTFÖY PARA PİYASASI KATILIM (TL) FONU,Katılım,EXCLUDE,Para piyasası fonu,True,2026-09-28,1.4305,0.6722,0.6982,-0.026,2.8385,2.974,-0.1355,9.4232,21.6237,,1.2745,0.0,0.0,637165211.28,138.0,240,0.0,0.0,0.0,0.0,0.0,0.0,0.0,0.0,0.0,0.0,0.0,0.0,0.0,0.0,2026-09-28,2026-09-28,2026-09-28 14:23:46
EPP,EMAA BLUE PORTFÖY PARA PİYASASI SERBEST FON,Diğer / Belirsiz,EXCLUDE,Para piyasası fonu,True,2026-09-28,1.5406,0.7061,0.7313,-0.0252,2.9605,3.0634,-0.103,9.7973,22.5874,48.3236,1.3583,0.0,0.0,1828672678.4,49.0,276,0.0,0.0,0.0,0.0,0.0,0.0,2.53,0.0,0.0,0.0,0.0,0.0,0.05,0.0,2026-09-28,2026-09-28,2026-09-28 14:23:46
EPT,EMAA BLUE PORTFÖY PARA PİYASASI (TL) FONU,Diğer / Belirsiz,EXCLUDE,Para piyasası fonu,True,2026-09-28,1.3874,0.7054,0.6519,0.0535,2.7881,3.0559,-0.2678,9.5026,21.9513,,1.1829,0.0,0.0,1219617572.36,59.0,216,0.0,0.0,0.0,0.0,0.0,0.0,14.3,0.67,0.0,0.0,0.0,0.0,18.74,0.0,2026-09-28,2026-09-28,2026-09-28 14:23:46
FFD,FİBA PORTFÖY ÜÇÜNCÜ PARA PİYASASI (TL) FONU,Diğer / Belirsiz,EXCLUDE,Para piyasası fonu,True,2026-09-28,0.0529,0.6886,0.6278,0.0608,2.6568,2.9899,-0.3331,9.1914,21.6444,46.491,1.1688,0.0,0.0,220171662.32,68.0,329,0.0,0.0,0.0,0.0,0.0,0.0,48.16,0.0,0.0,0.0,0.0,0.0,38.2,0.0,2026-09-28,2026-09-28,2026-09-28 14:23:46
FHP,FİBA PORTFÖY ÖPY PARA PİYASASI SERBEST (TL) ÖZEL FON,Diğer / Belirsiz,EXCLUDE,Para piyasası fonu,True,2026-09-28,3.5383,0.7001,0.708,-0.0079,2.9018,3.0579,-0.1561,9.6934,22.2741,47.7185,1.3302,0.0,0.0,8502081873.75,45.0,329,0.0,0.0,0.0,0.0,0.0,0.0,0.06,0.0,0.0,0.0,0.0,0.0,56.6,0.0,2026-09-28,2026-09-28,2026-09-28 14:23:46
FI5,QNB PORTFÖY PARA PİYASASI (TL) FONU,Diğer / Belirsiz,EXCLUDE,Para piyasası fonu,True,2026-09-28,770.8411,0.6957,0.6426,0.0531,2.7737,3.0217,-0.2479,9.4228,21.6752,46.5804,1.2514,0.0,0.0,118166451596.57,52481.0,329,0.0,0.0,0.0,0.0,0.0,0.0,14.52,2.86,0.0,0.0,0.0,0.0,30.82,0.0,2026-09-28,2026-09-28,2026-09-28 14:23:46
FIL,FİBA PORTFÖY PARA PİYASASI (TL) FONU,Diğer / Belirsiz,EXCLUDE,Para piyasası fonu,True,2026-09-28,0.386,0.695,0.6504,0.0446,2.758,3.0235,-0.2655,9.4061,21.6748,46.8217,1.1696,0.0,0.0,15265048846.83,20525.0,329,0.0,0.0,0.0,0.0,0.0,0.0,16.72,2.81,0.0,0.0,0.0,0.0,33.46,0.0,2026-09-28,2026-09-28,2026-09-28 14:23:46
FPI,FONMAP PORTFÖY BİRİNCİ PARA PİYASASI (TL) FONU,Diğer / Belirsiz,EXCLUDE,Para piyasası fonu,True,2026-09-28,2.745,0.6758,0.6592,0.0166,2.8854,3.0614,-0.1759,9.4362,21.5258,45.8574,1.2081,-0.0066,0.0,41110270.99,175.0,329,0.0,0.0,0.0,0.0,0.0,0.0,12.72,0.0,0.0,0.0,0.0,0.0,73.34,0.0,2026-09-28,2026-09-28,2026-09-28 14:23:46
FSF,FİBA PORTFÖY PARA PİYASASI SERBEST (TL) FON,Diğer / Belirsiz,EXCLUDE,Para piyasası fonu,True,2026-09-28,7.1895,0.6903,0.6935,-0.0032,2.846,3.0095,-0.1635,9.5513,21.9085,46.8992,1.3036,0.0,0.0,13666595145.97,7756.0,329,0.0,0.0,0.0,0.0,0.0,0.0,1.54,1.28,0.0,0.0,0.0,0.0,40.11,0.0,2026-09-28,2026-09-28,2026-09-28 14:23:46
FSK,QNB PORTFÖY İKİNCİ PARA PİYASASI (TL) FONU,Diğer / Belirsiz,EXCLUDE,Para piyasası fonu,True,2026-09-28,6.3467,0.6933,0.5882,0.105,2.7083,3.0897,-0.3814,9.3928,21.3949,46.5531,1.2405,0.0,0.0,5200558267.58,2563.0,329,0.0,0.0,0.0,0.0,0.0,0.0,23.44,10.38,0.0,0.0,0.0,0.0,17.93,0.0,2026-09-28,2026-09-28,2026-09-28 14:23:46
FTL,ONE PORTFÖY PARA PİYASASI KATILIM FONU,Katılım,EXCLUDE,Para piyasası fonu,True,2026-09-28,1.5908,0.6932,0.6739,0.0193,2.8212,2.9435,-0.1223,9.3747,21.4966,45.9101,1.2786,0.0,0.0,160011199.12,574.0,307,0.0,0.0,0.0,0.0,0.0,0.0,0.0,0.0,0.0,0.0,0.0,0.0,0.0,0.0,2026-09-28,2026-09-28,2026-09-28 14:23:46
GAL,GARANTİ PORTFÖY İKİNCİ PARA PİYASASI (TL) FONU,Diğer / Belirsiz,EXCLUDE,Para piyasası fonu,True,2026-09-28,424.5378,0.6866,0.5939,0.0927,2.6494,2.9974,-0.348,9.1192,20.7577,45.0168,1.1998,0.0,0.0,92837753180.97,58610.0,329,0.0,0.0,0.0,0.0,0.0,0.0,16.52,5.41,0.0,0.0,0.0,0.0,45.32,0.0,2026-09-28,2026-09-28,2026-09-28 14:23:46
GJH,GARANTİ PORTFÖY PARA PİYASASI SERBEST (TL) FON,Diğer / Belirsiz,EXCLUDE,Para piyasası fonu,True,2026-09-28,4.0852,0.6831,0.6831,-0.0,2.7825,2.9505,-0.168,9.3411,21.5937,46.218,1.2662,0.0,0.0,117466865710.05,22906.0,329,0.0,0.0,0.0,0.0,0.0,0.0,0.0,0.0,0.0,0.0,0.0,0.0,72.45,0.0,2026-09-28,2026-09-28,2026-09-28 14:23:46
GKH,GARANTİ PORTFÖY PARA PİYASASI KATILIM SERBEST (TL) FON,Katılım,EXCLUDE,Para piyasası fonu,True,2026-09-28,4.6546,0.6648,0.6618,0.003,2.7842,2.9144,-0.1301,9.204,21.4434,45.4101,1.1843,0.0,0.0,3939503390.18,1928.0,329,0.0,0.0,0.0,0.0,0.0,0.0,0.0,0.0,0.0,0.0,0.0,0.0,0.0,0.0,2026-09-28,2026-09-28,2026-09-28 14:23:46
GMN,GLOBAL MD PORTFÖY BİRİNCİ PARA PİYASASI SERBEST (TL) FON,Diğer / Belirsiz,EXCLUDE,Para piyasası fonu,True,2026-09-28,1.4164,0.7121,0.6845,0.0276,2.811,2.9793,-0.1683,9.4467,21.3833,,1.1301,0.0,0.0,82510113.53,27.0,232,0.0,0.0,0.0,0.0,0.0,0.0,16.14,0.0,0.0,0.0,0.0,0.0,24.29,0.0,2026-09-28,2026-09-28,2026-09-28 14:23:46
GNP,GARANTİ PORTFÖY NEMA PARA PİYASASI (TL) FONU,Diğer / Belirsiz,EXCLUDE,Para piyasası fonu,True,2026-09-28,1.5269,0.676,0.612,0.064,2.6236,2.9796,-0.3561,9.1331,20.9985,45.3876,1.1476,0.0,0.0,1557282534.61,1783.0,283,0.0,0.0,0.0,0.0,0.0,0.0,17.5,0.0,0.0,0.0,0.0,0.0,77.79,0.0,2026-09-28,2026-09-28,2026-09-28 14:23:46
GO6,ONE PORTFÖY PARA PİYASASI (TL) FONU,Diğer / Belirsiz,EXCLUDE,Para piyasası fonu,True,2026-09-28,4.4088,0.2174,0.6879,-0.4706,2.3924,3.2875,-0.8951,9.3097,23.1159,51.9382,2.2488,-0.3691,0.0,1521515543.83,2380.0,329,0.0,0.0,0.0,0.0,0.0,0.0,4.87,15.58,0.0,0.0,0.0,0.0,18.38,0.0,2026-09-28,2026-09-28,2026-09-28 14:23:46
GOP,GOLDEN GLOBAL PORTFÖY PARA PİYASASI KATILIM FONU,Katılım,EXCLUDE,Para piyasası fonu,True,2026-09-28,1.276,1.0321,1.1241,-0.0921,3.6827,3.1234,0.5593,10.6578,23.5881,,1.9659,0.0,0.0,235530216.09,1051.0,146,0.0,0.0,0.0,0.0,0.0,0.0,0.0,0.0,0.0,0.0,0.0,0.0,0.0,0.0,2026-09-28,2026-09-28,2026-09-28 14:23:46
GPN,GARANTİ PORTFÖY PARA PİYASASI KATILIM (TL) FONU,Katılım,EXCLUDE,Para piyasası fonu,True,2026-09-28,1.4451,0.6697,0.7121,-0.0424,2.8066,3.0233,-0.2167,9.4952,21.8475,,1.2705,0.0,0.0,5477864901.5,5603.0,243,0.0,0.0,0.0,0.0,0.0,0.0,0.0,0.0,0.0,0.0,0.0,0.0,0.0,0.0,2026-09-28,2026-09-28,2026-09-28 14:23:46
GPZ,GARANTİ PORTFÖY ÜÇÜNCÜ PARA PİYASASI FONU,Diğer / Belirsiz,EXCLUDE,Para piyasası fonu,True,2026-09-28,2.0402,0.7024,0.666,0.0364,2.8244,3.216,-0.3915,9.6728,21.8484,47.1501,1.2844,0.0,0.0,7457358756.67,289.0,329,0.0,0.0,0.0,0.0,0.0,0.0,13.64,7.48,0.0,0.0,0.0,0.0,53.76,0.0,2026-09-28,2026-09-28,2026-09-28 14:23:46
GTL,GARANTİ PORTFÖY BİRİNCİ PARA PİYASASI (TL) FONU,Diğer / Belirsiz,EXCLUDE,Para piyasası fonu,True,2026-09-28,0.1398,0.6885,0.6408,0.0478,2.7601,3.0121,-0.252,9.3135,21.41,45.9184,1.261,0.0,0.0,174758113732.88,349211.0,329,0.0,0.0,0.0,0.0,0.0,0.0,15.42,2.71,0.0,0.0,0.0,0.0,38.69,0.0,2026-09-28,2026-09-28,2026-09-28 14:23:46
GUC,GARANTİ PORTFÖY ÜÇÜNCÜ PARA PİYASASI SERBEST (TL) ÖZEL FON,Diğer / Belirsiz,EXCLUDE,Para piyasası fonu,True,2026-09-28,1.5238,0.7071,0.6969,0.0102,2.8405,3.0414,-0.2009,9.6028,22.2099,47.9956,1.2953,0.0,0.0,729261784.85,1.0,270,0.0,0.0,0.0,0.0,0.0,0.0,0.0,0.0,0.0,0.0,0.0,0.0,96.21,0.0,2026-09-28,2026-09-28,2026-09-28 14:23:46
HIP,HSBC PORTFÖY İKİNCİ PARA PİYASASI (TL) FONU,Diğer / Belirsiz,EXCLUDE,Para piyasası fonu,True,2026-09-28,2.2529,0.682,0.6372,0.0447,2.7216,2.9631,-0.2415,9.4827,21.9806,47.3033,1.1761,0.0,0.0,2053541093.38,1092.0,329,0.0,0.0,0.0,0.0,0.0,0.0,10.48,0.0,0.0,0.0,0.0,0.0,80.47,0.0,2026-09-28,2026-09-28,2026-09-28 14:23:46
HKJ,HEDEF PORTFÖY PARA PİYASASI SERBEST FON,Diğer / Belirsiz,EXCLUDE,Para piyasası fonu,True,2026-09-28,1.455,0.2222,0.5285,-0.3063,2.4273,3.4791,-1.0518,9.9987,23.7161,,1.3652,0.0,0.0,7228573290.57,1813.0,214,0.0,0.0,0.0,0.0,0.0,0.0,0.0,0.0,0.0,0.0,0.0,0.0,0.0,0.0,2026-09-28,2026-09-28,2026-09-28 14:23:46
HLL,ZİRAAT PORTFÖY HALKBANK PARA PİYASASI (TL) FONU,Bankacılık / Finans,EXCLUDE,Para piyasası fonu,True,2026-09-28,0.3969,0.6934,0.6451,0.0484,2.7632,3.0258,-0.2626,9.4227,21.8744,46.5947,1.2108,0.0,0.0,49811544299.11,1027933.0,329,0.0,0.0,0.0,0.0,0.0,0.0,14.48,1.54,0.0,0.0,0.0,0.0,14.53,0.0,2026-09-28,2026-09-28,2026-09-28 14:23:46
HPH,HEDEF PORTFÖY PARA PİYASASI KATILIM FONU,Katılım,EXCLUDE,Para piyasası fonu,True,2026-09-28,2.451,0.3451,0.5067,-0.1616,2.2717,2.7137,-0.4421,7.9316,20.1504,44.5304,1.0969,0.0,0.0,4045544348.12,6593.0,329,0.0,0.0,0.0,0.0,0.0,0.0,0.0,0.0,0.0,0.0,0.0,0.0,0.0,0.0,2026-09-28,2026-09-28,2026-09-28 14:23:46
HSL,HSBC PORTFÖY PARA PİYASASI (TL) FONU,Diğer / Belirsiz,EXCLUDE,Para piyasası fonu,True,2026-09-28,428.1134,0.6821,0.6382,0.0438,2.705,2.9575,-0.2525,9.2648,21.5469,46.2771,1.2127,0.0,0.0,25937510346.04,23955.0,329,0.0,0.0,0.0,0.0,0.0,0.0,10.07,0.0,0.0,0.0,0.0,0.0,72.18,0.0,2026-09-28,2026-09-28,2026-09-28 14:23:46
HTF,HSBC PORTFÖY PARA PİYASASI SERBEST (TL) FON,Diğer / Belirsiz,EXCLUDE,Para piyasası fonu,True,2026-09-28,1.5021,0.6836,0.6805,0.0031,2.7635,2.9471,-0.1836,9.3458,21.6151,46.308,1.2707,0.0,0.0,4180759705.88,501.0,270,0.0,0.0,0.0,0.0,0.0,0.0,0.0,0.0,0.0,0.0,0.0,0.0,83.86,0.0,2026-09-28,2026-09-28,2026-09-28 14:23:46
HVT,ALLBATROSS PORTFÖY BİRİNCİ PARA PİYASASI (TL) FONU,Diğer / Belirsiz,EXCLUDE,Para piyasası fonu,True,2026-09-28,4.9277,0.7294,0.7011,0.0283,3.0194,3.2901,-0.2707,10.1451,23.3533,52.3125,1.3126,0.0,0.0,426110650.04,1391.0,329,0.0,0.0,0.0,0.0,0.0,0.0,13.16,0.0,0.0,0.0,0.0,0.0,35.24,0.0,2026-09-28,2026-09-28,2026-09-28 14:23:46
HYV,HEDEF PORTFÖY PARA PİYASASI (TL) FONU,Diğer / Belirsiz,EXCLUDE,Para piyasası fonu,True,2026-09-28,6.5581,0.7047,0.3911,0.3136,2.4649,2.9921,-0.5272,9.0086,21.1737,46.9399,1.055,0.0,0.0,6073784716.57,6244.0,329,0.0,0.0,0.0,0.0,0.0,0.0,17.04,0.0,0.0,0.0,0.0,0.0,0.0,0.0,2026-09-28,2026-09-28,2026-09-28 14:23:46
ICE,TEB PORTFÖY ICBC TURKEY PARA PİYASASI (TL) FONU,Diğer / Belirsiz,EXCLUDE,Para piyasası fonu,True,2026-09-28,132.4997,0.694,0.6094,0.0845,2.7186,2.9776,-0.259,9.2474,21.2384,45.9662,1.2235,0.0,0.0,1620904819.63,4593.0,329,0.0,0.0,0.0,0.0,0.0,0.0,18.11,0.0,0.0,0.0,0.0,0.0,59.3,0.0,2026-09-28,2026-09-28,2026-09-28 14:23:46
ICM,İNCİR PORTFÖY BİRİNCİ PARA PİYASASI (TL) FONU,Diğer / Belirsiz,EXCLUDE,Para piyasası fonu,True,2026-09-28,1.0144,0.6625,0.3872,0.2753,,,,,,,,0.0,0.0,1286228109.69,54.0,12,0.0,0.0,0.0,0.0,0.0,0.0,3.68,0.0,0.0,0.0,0.0,0.0,73.3,0.0,2026-09-28,2026-09-28,2026-09-28 14:23:46
IDL,AKTİF PORTFÖY PARA PİYASASI (TL) FONU,Diğer / Belirsiz,EXCLUDE,Para piyasası fonu,True,2026-09-28,6.2731,0.716,0.6088,0.1072,2.7547,3.1494,-0.3946,9.5532,21.8977,46.5633,1.2933,0.0,0.0,3523118049.35,3668.0,329,0.0,0.0,0.0,0.0,0.0,0.0,27.92,1.93,0.0,0.0,0.0,0.0,25.6,0.0,2026-09-28,2026-09-28,2026-09-28 14:23:46
IGL,TEB PORTFÖY ING BANK PARA PİYASASI (TL) FONU,Bankacılık / Finans,EXCLUDE,Para piyasası fonu,True,2026-09-28,601.5545,0.6974,0.6242,0.0732,2.744,3.03,-0.286,9.3711,21.6411,46.4451,1.2143,0.0,0.0,4638928118.72,16609.0,329,0.0,0.0,0.0,0.0,0.0,0.0,16.49,0.0,0.0,0.0,0.0,0.0,48.61,0.0,2026-09-28,2026-09-28,2026-09-28 14:23:46
IIN,INVEO PORTFÖY PARA PİYASASI SERBEST (TL) FON,Diğer / Belirsiz,EXCLUDE,Para piyasası fonu,True,2026-09-28,1.4657,0.5389,0.7286,-0.1897,2.7466,3.0239,-0.2773,10.174,23.0593,,1.5813,-0.087,0.0,1272967906.08,82.0,238,0.0,0.0,0.0,0.0,0.0,0.0,0.0,0.0,0.0,0.0,0.0,0.0,25.34,0.0,2026-09-28,2026-09-28,2026-09-28 14:23:46
IJV,İSTANBUL PORTFÖY BİRİNCİ PARA PİYASASI (TL) FONU,Diğer / Belirsiz,EXCLUDE,Para piyasası fonu,True,2026-09-28,5.857,0.6768,0.6686,0.0082,2.8057,3.1726,-0.3669,9.6252,21.8536,47.5898,1.215,0.0,0.0,3641337391.58,2397.0,329,0.0,0.0,0.0,0.0,0.0,0.0,0.0,0.0,0.0,0.0,0.0,0.0,66.86,0.0,2026-09-28,2026-09-28,2026-09-28 14:23:46
ILH,İŞ PORTFÖY BİRİNCİ PARA PİYASASI SERBEST (TL) FON,Diğer / Belirsiz,EXCLUDE,Para piyasası fonu,True,2026-09-28,4.1596,0.6939,0.7054,-0.0115,2.8698,3.0198,-0.1499,9.603,22.0897,47.1417,1.3107,0.0,0.0,176592621145.2,11564.0,329,0.0,0.0,0.0,0.0,0.0,0.0,0.6,0.35,0.0,0.0,0.0,0.0,13.67,0.0,2026-09-28,2026-09-28,2026-09-28 14:23:46
IOO,İŞ PORTFÖY İKİNCİ PARA PİYASASI (TL) FONU,Diğer / Belirsiz,EXCLUDE,Para piyasası fonu,True,2026-09-28,4.7834,0.694,0.6407,0.0533,2.8177,3.215,-0.3973,9.6238,21.7753,46.5309,1.3071,0.0,0.0,29035211146.11,10404.0,329,0.0,0.0,0.0,0.0,0.0,0.0,23.16,6.92,0.0,0.0,0.0,0.0,29.91,0.0,2026-09-28,2026-09-28,2026-09-28 14:23:46
IOP,İŞ PORTFÖY ODEABANK PARA PİYASASI (TL) FONU,Bankacılık / Finans,EXCLUDE,Para piyasası fonu,True,2026-09-28,6.5708,0.696,0.6461,0.0498,2.7765,3.117,-0.3405,9.5638,22.0665,47.5467,1.244,0.0,0.0,6745871594.55,6235.0,329,0.0,0.0,0.0,0.0,0.0,0.0,12.13,13.12,0.0,0.0,0.0,0.0,30.24,0.0,2026-09-28,2026-09-28,2026-09-28 14:23:46
IRY,INVEO PORTFÖY PARA PİYASASI (TL) FONU,Diğer / Belirsiz,EXCLUDE,Para piyasası fonu,True,2026-09-28,4.158,0.7021,0.669,0.0331,2.814,3.0634,-0.2494,9.6165,22.4744,48.6932,1.238,0.0,0.0,1698697723.84,2012.0,329,0.0,0.0,0.0,0.0,0.0,0.0,12.56,7.09,0.0,0.0,0.0,0.0,26.36,0.0,2026-09-28,2026-09-28,2026-09-28 14:23:46
IUZ,İŞ PORTFÖY ANADOLUBANK PARA PİYASASI (TL) FONU,Bankacılık / Finans,EXCLUDE,Para piyasası fonu,True,2026-09-28,4.9432,0.6957,0.6489,0.0468,2.8066,3.0953,-0.2887,9.4994,21.796,46.7345,1.2495,0.0,0.0,1015421628.46,1200.0,329,0.0,0.0,0.0,0.0,0.0,0.0,13.5,21.69,0.0,0.0,0.0,0.0,14.82,0.0,2026-09-28,2026-09-28,2026-09-28 14:23:46
KHP,KUVEYT TÜRK PORTFÖY PAYLAŞIMLI HESAP PARA PİYASASI KATILIM FONU,Katılım,EXCLUDE,Para piyasası fonu,True,2026-09-28,1.2638,0.9358,0.9978,-0.062,3.9881,4.0542,-0.0661,13.0744,,,1.7875,0.0,0.0,4195825210.94,82.0,112,0.0,0.0,0.0,0.0,0.0,0.0,0.0,0.0,0.0,0.0,0.0,0.0,0.0,0.0,2026-09-28,2026-09-28,2026-09-28 14:23:46
KIE,TRIVE PORTFÖY PARA PİYASASI (TL) FONU,Diğer / Belirsiz,EXCLUDE,Para piyasası fonu,True,2026-09-28,4.847,0.6982,0.7089,-0.0107,3.038,3.4712,-0.4332,10.4982,23.4909,46.2285,1.38,0.0,0.0,373087605.05,865.0,329,0.0,0.0,0.0,0.0,0.0,0.0,13.31,0.28,0.0,0.0,0.0,0.0,45.39,0.0,2026-09-28,2026-09-28,2026-09-28 14:23:46
KLI,AK PORTFÖY PARA PİYASASI KATILIM SERBEST FON,Katılım,EXCLUDE,Para piyasası fonu,True,2026-09-28,1.3613,0.6423,0.6569,-0.0146,2.7578,3.0275,-0.2697,9.4604,21.9434,,1.2618,0.0,0.0,86905245.26,148.0,203,0.0,0.0,0.0,0.0,0.0,0.0,0.0,0.0,0.0,0.0,0.0,0.0,0.0,0.0,2026-09-28,2026-09-28,2026-09-28 14:23:46
KLU,KUVEYT TÜRK PORTFÖY PARA PİYASASI KATILIM (TL) FONU,Katılım,EXCLUDE,Para piyasası fonu,True,2026-09-28,5.0229,0.6682,0.6737,-0.0055,2.7647,2.9178,-0.1531,9.2256,21.2799,44.2962,1.2702,0.0,0.0,90293453505.64,109400.0,329,0.0,0.0,0.0,0.0,0.0,0.0,0.0,0.0,0.0,0.0,0.0,0.0,0.0,0.0,2026-09-28,2026-09-28,2026-09-28 14:23:46
KNI,AZİMUT PORTFÖY İKİNCİ PARA PİYASASI SERBEST (TL) FON,Diğer / Belirsiz,EXCLUDE,Para piyasası fonu,True,2026-09-28,1.4254,0.6485,0.6523,-0.0038,2.6718,2.8549,-0.1831,8.9816,20.6205,,1.2018,0.0,0.0,6610451065.68,403.0,243,0.0,0.0,0.0,0.0,0.0,0.0,0.0,0.0,0.0,0.0,0.0,0.0,15.1,0.0,2026-09-28,2026-09-28,2026-09-28 14:23:46
KPI,İŞ PORTFÖY PARA PİYASASI KATILIM (TL) FONU,Katılım,EXCLUDE,Para piyasası fonu,True,2026-09-28,1.5283,0.6711,0.6807,-0.0096,2.7726,2.962,-0.1894,9.3242,21.3818,45.5481,1.2638,0.0,0.0,6941731673.2,7494.0,285,0.0,0.0,0.0,0.0,0.0,0.0,0.0,0.0,0.0,0.0,0.0,0.0,0.0,0.0,2026-09-28,2026-09-28,2026-09-28 14:23:46
KPP,KARE PORTFÖY PARA PİYASASI FONU,Diğer / Belirsiz,EXCLUDE,Para piyasası fonu,True,2026-09-28,3.2843,0.7041,0.6351,0.0689,2.7179,3.05,-0.3321,9.4264,21.8862,47.6945,1.2418,0.0,0.0,364163618.25,548.0,329,0.0,0.0,0.0,0.0,0.0,0.0,12.87,5.44,0.0,0.0,0.0,0.0,64.37,0.0,2026-09-28,2026-09-28,2026-09-28 14:23:46
KPR,KUVEYT TÜRK PORTFÖY PARA PİYASASI KATILIM SERBEST FON,Katılım,EXCLUDE,Para piyasası fonu,True,2026-09-28,1.9465,0.6838,0.6934,-0.0096,2.7957,2.9256,-0.1299,9.3337,21.4338,45.551,1.2859,0.0,0.0,42623558249.34,1027.0,329,0.0,0.0,0.0,0.0,91.63,0.0,0.0,0.0,0.0,0.0,0.0,0.0,0.0,0.0,2026-09-28,2026-09-28,2026-09-28 14:23:46
KSK,AZİMUT PORTFÖY İKİNCİ PARA PİYASASI KATILIM FONU,Katılım,EXCLUDE,Para piyasası fonu,True,2026-09-28,3.0406,0.6989,0.7356,-0.0367,2.8965,3.0124,-0.1159,9.5323,21.8278,46.6487,1.2684,0.0,0.0,3774451360.66,583.0,329,0.0,0.0,0.0,0.0,0.0,0.0,0.0,0.0,0.0,0.0,0.0,0.0,0.0,0.0,2026-09-28,2026-09-28,2026-09-28 14:23:46
LKT,AKTİF PORTFÖY İKİNCİ PARA PİYASASI (TL) FONU,Diğer / Belirsiz,EXCLUDE,Para piyasası fonu,True,2026-09-28,1.9469,0.6456,0.568,0.0776,2.5955,3.0142,-0.4187,9.0524,20.6765,44.0561,1.3033,0.0,0.0,36721357.39,91.0,329,0.0,0.0,0.0,0.0,0.0,0.0,0.0,0.0,0.0,0.0,0.0,0.0,75.97,0.0,2026-09-28,2026-09-28,2026-09-28 14:23:46
MPE,MT PORTFÖY PARA PİYASASI KATILIM (TL) FONU,Katılım,EXCLUDE,Para piyasası fonu,True,2026-09-28,1.4345,0.5081,0.594,-0.0859,2.4641,2.9291,-0.4651,4.6363,15.9099,38.6824,1.2488,-3.5717,0.0,34704020.41,100.0,275,0.0,0.0,0.0,0.0,0.0,0.0,0.0,0.0,0.0,0.0,0.0,0.0,0.0,0.0,2026-09-28,2026-09-28,2026-09-28 14:23:46
MPL,MT PORTFÖY PARA PİYASASI (TL) FONU,Diğer / Belirsiz,EXCLUDE,Para piyasası fonu,True,2026-09-28,2.0957,0.6102,0.6838,-0.0735,2.8049,3.0496,-0.2447,9.687,19.7527,48.0679,2.6458,-0.5103,0.0,254674318.59,565.0,329,0.0,0.0,0.0,0.0,0.0,0.0,0.06,0.0,0.0,0.0,0.0,0.0,19.45,0.0,2026-09-28,2026-09-28,2026-09-28 14:23:46
MT2,MT PORTFÖY PARA PİYASASI SERBEST (TL) FON,Diğer / Belirsiz,EXCLUDE,Para piyasası fonu,True,2026-09-28,1.463,0.5961,0.727,-0.1309,2.8763,3.2208,-0.3444,9.9369,24.7688,,1.3987,-0.0116,0.0,4810692022.54,592.0,215,0.0,0.0,0.0,0.0,0.0,0.0,0.0,0.0,0.0,0.0,0.0,0.0,45.0,0.0,2026-09-28,2026-09-28,2026-09-28 14:23:46
NMP,AK PORTFÖY NEMA PARA PİYASASI (TL) FONU,Diğer / Belirsiz,EXCLUDE,Para piyasası fonu,True,2026-09-28,1.0544,0.6739,0.69,-0.0161,2.7283,,,,,,1.1755,0.0,0.0,111276109.12,1114.0,37,0.0,0.0,0.0,0.0,0.0,0.0,10.95,0.0,0.0,0.0,0.0,0.0,89.05,0.0,2026-09-28,2026-09-28,2026-09-28 14:23:46
NRG,NEO PORTFÖY BİRİNCİ PARA PİYASASI FONU,Diğer / Belirsiz,EXCLUDE,Para piyasası fonu,True,2026-09-28,5.7939,0.7526,0.6569,0.0957,2.8539,3.0168,-0.1628,9.5389,21.9786,47.7841,1.32,0.0,0.0,2326816140.05,2528.0,329,0.0,0.0,0.0,0.0,0.0,0.0,19.59,0.46,0.0,0.0,0.0,0.0,21.51,0.0,2026-09-28,2026-09-28,2026-09-28 14:23:46
NSA,NEO PORTFÖY PARA PİYASASI KATILIM SERBEST FON,Katılım,EXCLUDE,Para piyasası fonu,True,2026-09-28,2.6528,0.7015,0.7093,-0.0078,2.8701,3.0272,-0.1572,9.5994,22.0453,47.0934,1.3122,0.0,0.0,582340621.09,269.0,329,0.0,0.0,0.0,0.0,0.0,0.0,0.0,0.0,0.0,0.0,0.0,0.0,0.0,0.0,2026-09-28,2026-09-28,2026-09-28 14:23:46
NSP,NUROL PORTFÖY PARA PİYASASI KATILIM FONU,Katılım,EXCLUDE,Para piyasası fonu,True,2026-09-28,1.9176,0.7057,0.705,0.0007,2.8703,2.9856,-0.1153,9.4964,21.8971,46.7433,1.3078,0.0,0.0,885557630.22,2088.0,329,0.0,0.0,0.0,0.0,0.0,0.0,0.0,0.0,0.0,0.0,0.0,0.0,0.0,0.0,2026-09-28,2026-09-28,2026-09-28 14:23:46
NVB,NEO PORTFÖY İKİNCİ PARA PİYASASI (TL) FON,Diğer / Belirsiz,EXCLUDE,Para piyasası fonu,True,2026-09-28,5.0112,0.726,0.6444,0.0817,2.8005,2.9906,-0.1902,9.4265,21.7178,47.3148,1.2898,0.0,0.0,3558587754.52,3664.0,329,0.0,0.0,0.0,0.0,0.0,0.0,13.7,0.3,0.0,0.0,0.0,0.0,45.47,0.0,2026-09-28,2026-09-28,2026-09-28 14:23:46
NZT,NEO PORTFÖY PARA PİYASASI SERBEST FON,Diğer / Belirsiz,EXCLUDE,Para piyasası fonu,True,2026-09-28,6.304,0.6915,0.7048,-0.0133,2.8488,2.9629,-0.1141,9.3986,21.5692,46.433,1.3046,0.0,0.0,2446972432.24,334.0,329,0.0,0.0,0.0,0.0,0.0,0.0,0.0,0.0,0.0,0.0,0.0,0.0,36.73,0.0,2026-09-28,2026-09-28,2026-09-28 14:23:46
OMT,OSMANLI PORTFÖY PARA PİYASASI KATILIM (TL) FONU,Katılım,EXCLUDE,Para piyasası fonu,True,2026-09-28,1.0316,0.6303,0.6785,-0.0482,2.6561,,,,,,1.1591,0.0,0.0,83637291.39,77.0,23,0.0,0.0,0.0,0.0,0.0,0.0,0.0,0.0,0.0,0.0,0.0,0.0,0.0,0.0,2026-09-28,2026-09-28,2026-09-28 14:23:46
OPJ,QNB PORTFÖY QNB PARA PİYASASI (TL) FONU,Diğer / Belirsiz,EXCLUDE,Para piyasası fonu,True,2026-09-28,1.7458,0.6755,0.5835,0.092,2.6655,2.9131,-0.2476,9.181,21.0662,45.4931,1.4188,-0.0729,0.0,122403195.69,1344.0,329,0.0,0.0,0.0,0.0,0.0,0.0,16.93,0.0,0.0,0.0,0.0,0.0,77.16,0.0,2026-09-28,2026-09-28,2026-09-28 14:23:46
OYL,OYAK PORTFÖY BİRİNCİ PARA PİYASASI (TL) FONU,Diğer / Belirsiz,EXCLUDE,Para piyasası fonu,True,2026-09-28,0.1679,0.6854,0.6439,0.0415,2.7373,2.9906,-0.2533,9.3131,21.2614,45.3873,1.192,0.0,0.0,3640781208.15,7898.0,329,0.0,0.0,0.0,0.0,0.0,0.0,11.34,1.65,0.0,0.0,0.0,0.0,66.68,0.0,2026-09-28,2026-09-28,2026-09-28 14:23:46
P1A,A1 CAPİTAL PORTFÖY PARA PİYASASI (TL) SERBEST FON,Diğer / Belirsiz,EXCLUDE,Para piyasası fonu,True,2026-09-28,1.5823,0.3018,0.3023,-0.0005,2.235,3.3368,-1.1018,9.7293,23.1771,52.2514,1.4435,-0.0106,0.0,712250964.09,342.0,274,0.0,0.0,0.0,0.0,0.0,0.0,0.0,0.0,0.0,0.0,0.0,0.0,0.0,0.0,2026-09-28,2026-09-28,2026-09-28 14:23:46
PAB,A1 CAPİTAL PORTFÖY PARA PİYASASI (TL) FONU,Diğer / Belirsiz,EXCLUDE,Para piyasası fonu,True,2026-09-28,1.4575,0.3598,0.2998,0.06,2.1899,3.2374,-1.0475,9.268,22.3392,,1.2738,0.0,0.0,203482016.85,720.0,239,0.0,0.0,0.0,0.0,0.0,0.0,94.57,0.0,0.0,0.0,0.0,0.0,0.0,0.0,2026-09-28,2026-09-28,2026-09-28 14:23:46
PIP,GARANTİ PORTFÖY İKİNCİ PARA PİYASASI SERBEST (TL) FON,Diğer / Belirsiz,EXCLUDE,Para piyasası fonu,True,2026-09-28,1.7484,0.6892,0.6898,-0.0006,2.7984,2.9745,-0.1761,9.4181,21.7725,46.7924,1.2911,0.0,0.0,5313458118.64,374.0,329,0.0,0.0,0.0,0.0,0.0,0.0,0.0,0.0,0.0,0.0,0.0,0.0,100.0,0.0,2026-09-28,2026-09-28,2026-09-28 14:23:46
PJL,PHİLLİP PORTFÖY PARA PİYASASI FONU,Diğer / Belirsiz,EXCLUDE,Para piyasası fonu,True,2026-09-28,5.3964,0.6816,0.6416,0.0399,2.7188,2.9861,-0.2674,9.2626,21.432,46.2775,1.2038,0.0,0.0,1212190151.81,1275.0,329,0.0,0.0,0.0,0.0,0.0,0.0,10.86,0.0,0.0,0.0,0.0,0.0,32.22,0.0,2026-09-28,2026-09-28,2026-09-28 14:23:46
PK1,AHLATCI PORTFÖY PARA PİYASASI KATILIM (TL) FONU,Katılım,EXCLUDE,Para piyasası fonu,True,2026-09-28,1.0862,0.6555,0.6565,-0.0009,2.7103,2.9093,-0.199,,,,1.275,0.0,0.0,22282620.58,127.0,58,0.0,0.0,0.0,0.0,0.0,0.0,0.0,0.0,0.0,0.0,0.0,0.0,0.0,0.0,2026-09-28,2026-09-28,2026-09-28 14:23:46
PKM,PUSULA PORTFÖY PARA PİYASASI KATILIM (TL) FONU,Katılım,EXCLUDE,Para piyasası fonu,True,2026-09-28,1.1084,0.6203,0.4034,0.2169,2.494,3.1082,-0.6142,9.2284,,,1.5092,-0.0847,0.0,346274550.14,348.0,70,0.0,0.0,0.0,0.0,0.0,0.0,0.0,0.0,0.0,0.0,0.0,0.0,0.0,0.0,2026-09-28,2026-09-28,2026-09-28 14:23:46
PKP,ATA PORTFÖY PARA PİYASASI KATILIM SERBEST FON,Katılım,EXCLUDE,Para piyasası fonu,True,2026-09-28,1.3069,0.7026,0.6643,0.0383,2.8601,3.0252,-0.1651,9.6249,21.7824,,1.3778,0.0,0.0,353009858.62,63.0,175,0.0,0.0,0.0,0.0,0.0,0.0,0.0,0.0,0.0,0.0,0.0,0.0,0.0,0.0,2026-09-28,2026-09-28,2026-09-28 14:23:46
PKR,ROTA PORTFÖY PARA PİYASASI KATILIM FONU,Katılım,EXCLUDE,Para piyasası fonu,True,2026-09-28,1.595,0.6689,0.674,-0.0051,2.753,2.9412,-0.1883,7.4514,19.2069,43.115,1.2506,-1.3552,0.0,689389096.36,162.0,320,0.0,0.0,0.0,0.0,0.0,0.0,0.0,0.0,0.0,0.0,0.0,0.0,0.0,0.0,2026-09-28,2026-09-28,2026-09-28 14:23:46
PKT,YAPI KREDİ PORTFÖY PARA PİYASASI KATILIM SERBEST (TL) FON,Katılım,EXCLUDE,Para piyasası fonu,True,2026-09-28,1.6569,0.6844,0.7002,-0.0158,2.832,2.9942,-0.1623,9.516,22.0472,46.822,1.2903,0.0,0.0,6353767326.02,1209.0,325,0.0,0.0,0.0,0.0,0.0,0.0,0.0,0.0,0.0,0.0,0.0,0.0,0.0,0.0,2026-09-28,2026-09-28,2026-09-28 14:23:46
PLR,OSMANLI PORTFÖY PARA PİYASASI FONU,Diğer / Belirsiz,EXCLUDE,Para piyasası fonu,True,2026-09-28,1.7374,0.7386,0.6558,0.0828,2.858,3.0751,-0.2171,9.6494,22.3206,48.558,1.2991,0.0,0.0,609045618.98,868.0,329,0.0,0.0,0.0,0.0,0.0,0.0,16.5,4.59,0.0,0.0,0.0,0.0,9.88,0.0,2026-09-28,2026-09-28,2026-09-28 14:23:46
PNU,PUSULA PORTFÖY İKİNCİ PARA PİYASASI (TL) FONU,Diğer / Belirsiz,EXCLUDE,Para piyasası fonu,True,2026-09-28,1.284,0.0362,0.3,-0.2638,2.5275,3.8862,-1.3587,10.8714,26.1076,,2.1944,-0.0004,0.0,7000153877.38,20164.0,135,0.0,0.0,0.0,0.0,0.0,0.0,0.1,0.23,0.0,0.0,0.0,0.0,0.0,0.0,2026-09-28,2026-09-28,2026-09-28 14:23:46
PPG,ALBARAKA PORTFÖY PARA PİYASASI KATILIM FONU,Katılım,EXCLUDE,Para piyasası fonu,True,2026-09-28,1.5089,0.6623,0.662,0.0003,2.7032,2.8809,-0.1777,9.0895,21.0964,45.2081,1.2331,0.0,0.0,1714298019.65,1627.0,280,0.0,0.0,0.0,0.0,0.0,0.0,0.0,0.0,0.0,0.0,0.0,0.0,0.0,0.0,2026-09-28,2026-09-28,2026-09-28 14:23:46
PPI,YAPI KREDİ PORTFÖY ÜÇÜNCÜ PARA PİYASASI (TL) FONU,Diğer / Belirsiz,EXCLUDE,Para piyasası fonu,True,2026-09-28,2.3716,0.7463,0.5829,0.1634,2.7947,3.0824,-0.2877,9.3556,21.3628,46.4627,1.2296,0.0,0.0,4239173034.83,3078.0,329,0.0,0.0,0.0,0.0,0.0,0.0,34.52,2.9,0.0,0.0,0.0,0.0,62.57,0.0,2026-09-28,2026-09-28,2026-09-28 14:23:46
PPJ,AK PORTFÖY İKİNCİ PARA PİYASASI SERBEST (TL) FON,Diğer / Belirsiz,EXCLUDE,Para piyasası fonu,True,2026-09-28,1.925,0.7,0.7059,-0.0059,2.8707,3.0595,-0.1888,9.6898,22.4103,47.9262,1.3159,0.0,0.0,68750730985.29,6616.0,329,0.0,0.0,0.0,0.0,0.0,0.0,0.0,0.0,0.0,0.0,0.0,0.0,13.21,0.0,2026-09-28,2026-09-28,2026-09-28 14:23:46
PPK,QNB PORTFÖY PARA PİYASASI KATILIM (TL) FONU,Katılım,EXCLUDE,Para piyasası fonu,True,2026-09-28,2.3374,0.6532,0.6791,-0.0259,2.7672,2.9914,-0.2243,9.3691,21.6543,45.9567,1.2605,0.0,0.0,5716367655.67,3105.0,329,0.0,0.0,0.0,0.0,0.0,0.0,0.0,0.0,0.0,0.0,0.0,0.0,0.0,0.0,2026-09-28,2026-09-28,2026-09-28 14:23:46
PPN,NUROL PORTFÖY PARA PİYASASI (TL) FONU,Diğer / Belirsiz,EXCLUDE,Para piyasası fonu,True,2026-09-28,6.0012,0.722,0.6627,0.0593,2.8605,3.1197,-0.2592,9.7239,22.5233,48.3396,1.3064,0.0,0.0,9663995750.36,10751.0,329,0.0,0.0,0.0,0.0,0.0,0.0,13.99,16.49,0.0,0.0,0.0,0.0,4.07,0.0,2026-09-28,2026-09-28,2026-09-28 14:23:46
PPP,PERFORM PORTFÖY PARA PİYASASI (TL) FONU,Diğer / Belirsiz,EXCLUDE,Para piyasası fonu,True,2026-09-28,3.2432,0.6805,0.6717,0.0088,2.7709,2.9703,-0.1994,9.3472,21.7413,46.8568,1.2863,0.0,0.0,4074467660.78,320.0,329,0.0,0.0,0.0,0.0,0.0,0.0,9.37,1.42,0.0,0.0,0.0,0.0,63.71,0.0,2026-09-28,2026-09-28,2026-09-28 14:23:46
PPT,ATLAS PORTFÖY PARA PİYASASI (TL) FONU,Diğer / Belirsiz,EXCLUDE,Para piyasası fonu,True,2026-09-28,3.3983,0.3318,0.4879,-0.1561,2.4235,3.334,-0.9105,9.8301,23.5809,52.0355,1.1716,0.0,0.0,1802251670.49,3818.0,329,0.0,0.0,0.0,0.0,0.0,0.0,32.95,0.0,0.0,0.0,0.0,0.0,0.0,0.0,2026-09-28,2026-09-28,2026-09-28 14:23:46
PPV,AKTİF PORTFÖY PARA PİYASASI SERBEST (TL) FON,Diğer / Belirsiz,EXCLUDE,Para piyasası fonu,True,2026-09-28,1.1964,0.6906,0.7045,-0.0138,2.8414,3.024,-0.1826,9.5691,,,1.2959,0.0,0.0,1574472867.37,195.0,113,0.0,0.0,0.0,0.0,0.0,0.0,0.0,0.0,0.0,0.0,0.0,0.0,0.0,0.0,2026-09-28,2026-09-28,2026-09-28 14:23:46
PPZ,AZİMUT PORTFÖY PARA PİYASASI (TL) FONU,Diğer / Belirsiz,EXCLUDE,Para piyasası fonu,True,2026-09-28,6.8316,0.5215,0.6366,-0.1151,2.6076,3.0387,-0.4311,9.2682,21.6229,46.5466,1.2288,0.0,0.0,10323491369.72,7555.0,329,0.0,0.0,0.0,0.0,0.0,0.0,14.01,4.54,0.0,0.0,0.0,0.0,6.45,0.0,2026-09-28,2026-09-28,2026-09-28 14:23:46
PRD,PİRAMİT PORTFÖY PARA PİYASASI (TL) FONU,Diğer / Belirsiz,EXCLUDE,Para piyasası fonu,True,2026-09-28,2.4378,0.7264,0.6685,0.0579,2.9439,3.2483,-0.3044,10.0866,23.1756,49.1413,1.2875,0.0,0.0,301743486.21,452.0,329,0.0,0.0,0.0,0.0,0.0,0.0,15.44,0.68,0.0,0.0,0.0,0.0,46.08,0.0,2026-09-28,2026-09-28,2026-09-28 14:23:46
PRH,AURA PORTFÖY PARA PİYASASI (TL) FONU,Diğer / Belirsiz,EXCLUDE,Para piyasası fonu,True,2026-09-28,2.2712,0.6862,0.6,0.0862,2.666,2.9656,-0.2996,9.3515,21.6294,48.7019,1.1561,0.0,0.0,582873739.29,177.0,329,0.0,0.0,0.0,0.0,0.0,0.0,12.68,0.0,0.0,0.0,0.0,0.0,70.69,0.0,2026-09-28,2026-09-28,2026-09-28 14:23:46
PRR,INVEO PORTFÖY PARA PİYASASI KATILIM (TL) FONU,Katılım,EXCLUDE,Para piyasası fonu,True,2026-09-28,1.3869,0.6792,0.7146,-0.0354,2.8528,2.9675,-0.1147,9.4273,21.5704,,1.3015,0.0,0.0,298033020.33,137.0,220,0.0,0.0,0.0,0.0,0.0,0.0,0.0,0.0,0.0,0.0,0.0,0.0,0.0,0.0,2026-09-28,2026-09-28,2026-09-28 14:23:46
PRV,ASTRA PORTFÖY PARA PİYASASI SERBEST FON,Diğer / Belirsiz,EXCLUDE,Para piyasası fonu,True,2026-09-28,1.3987,0.7221,0.743,-0.0209,2.9193,2.9488,-0.0295,9.4758,21.8891,,1.2828,0.0,0.0,2492170264.4,63.0,220,0.0,0.0,0.0,0.0,0.0,0.0,0.0,27.54,0.0,0.0,0.0,0.0,6.98,0.0,2026-09-28,2026-09-28,2026-09-28 14:23:46
PRY,PUSULA PORTFÖY PARA PİYASASI (TL) FONU,Diğer / Belirsiz,EXCLUDE,Para piyasası fonu,True,2026-09-28,3.2809,0.0284,0.0037,0.0248,2.1568,3.7607,-1.604,10.2842,25.494,58.2439,2.5516,-0.2772,-0.2287,18880013602.54,38751.0,329,0.0,0.0,0.0,0.0,0.0,0.0,0.01,3.97,0.0,0.0,0.0,0.0,0.0,0.0,2026-09-28,2026-09-28,2026-09-28 14:23:46
PSE,ATLAS PORTFÖY PARA PİYASASI SERBEST FON,Diğer / Belirsiz,EXCLUDE,Para piyasası fonu,True,2026-09-28,1.936,0.0817,0.1549,-0.0732,2.0137,3.5461,-1.5324,9.817,24.7449,57.3496,1.8642,-0.1262,-0.0018,15106644092.43,4834.0,329,0.0,0.0,0.0,0.0,0.0,0.0,0.8,0.0,0.0,0.0,0.0,0.0,0.0,0.0,2026-09-28,2026-09-28,2026-09-28 14:23:46
PTE,TEB PORTFÖY BİRİNCİ PARA PİYASASI SERBEST (TL) FON,Diğer / Belirsiz,EXCLUDE,Para piyasası fonu,True,2026-09-28,1.7673,0.6986,0.6996,-0.001,2.8721,3.031,-0.159,9.5873,21.9917,47.0559,1.3105,0.0,0.0,49474890275.85,4739.0,329,0.0,0.0,0.0,0.0,0.0,0.0,1.13,0.0,0.0,0.0,0.0,0.0,13.14,0.0,2026-09-28,2026-09-28,2026-09-28 14:23:46
PTL,TEB PORTFÖY İKİNCİ PARA PİYASASI (TL) FONU,Diğer / Belirsiz,EXCLUDE,Para piyasası fonu,True,2026-09-28,1.9366,0.7052,0.5961,0.1091,2.6706,2.9713,-0.3007,9.2472,21.6132,46.3089,1.2119,0.0,0.0,590835965.95,792.0,329,0.0,0.0,0.0,0.0,0.0,0.0,16.02,0.0,0.0,0.0,0.0,0.0,76.29,0.0,2026-09-28,2026-09-28,2026-09-28 14:23:46
PTP,AHLATCI PORTFÖY PARA PİYASASI (TL) FONU,Diğer / Belirsiz,EXCLUDE,Para piyasası fonu,True,2026-09-28,1.2423,0.7389,0.6591,0.0798,2.8515,2.9952,-0.1437,9.4532,21.5509,,1.3149,0.0,0.0,101710994.31,289.0,142,0.0,0.0,0.0,0.0,0.0,0.0,15.37,0.0,0.0,0.0,0.0,0.0,54.08,0.0,2026-09-28,2026-09-28,2026-09-28 14:23:46
PTS,QNB PORTFÖY PARA PİYASASI SERBEST (TL) FON,Diğer / Belirsiz,EXCLUDE,Para piyasası fonu,True,2026-09-28,1.6651,0.6879,0.6886,-0.0007,2.8645,3.005,-0.1405,9.5548,22.0166,46.9334,1.3019,0.0,0.0,9541650415.96,1005.0,327,0.0,0.0,0.0,0.0,0.0,0.0,0.01,1.14,0.0,0.0,0.0,0.0,27.66,0.0,2026-09-28,2026-09-28,2026-09-28 14:23:46
PUR,AK PORTFÖY BİRİNCİ PARA PİYASASI SERBEST (TL) FON,Diğer / Belirsiz,EXCLUDE,Para piyasası fonu,True,2026-09-28,10.8463,0.6782,0.685,-0.0069,2.7918,2.9865,-0.1947,9.4369,21.8121,46.6387,1.2764,0.0,0.0,136403311272.25,38748.0,329,0.0,0.0,0.0,0.0,0.0,0.0,0.0,0.0,0.0,0.0,0.0,0.0,21.46,0.0,2026-09-28,2026-09-28,2026-09-28 14:23:46
PYB,TEB PORTFÖY ALTERNATİFBANK PARA PİYASASI (TL) FON,Bankacılık / Finans,EXCLUDE,Para piyasası fonu,True,2026-09-28,1.9376,0.6852,0.6174,0.0678,2.7317,3.0032,-0.2714,9.3076,21.4665,46.3834,1.2262,0.0,0.0,555485740.35,1127.0,329,0.0,0.0,0.0,0.0,0.0,0.0,12.02,0.0,0.0,0.0,0.0,0.0,43.29,0.0,2026-09-28,2026-09-28,2026-09-28 14:23:46
RBP,RE-PIE PORTFÖY BİRİNCİ PARA PİYASASI (TL) FONU,Diğer / Belirsiz,EXCLUDE,Para piyasası fonu,True,2026-09-28,2.3608,0.7132,0.6741,0.0391,2.922,3.3294,-0.4075,10.23,23.7122,51.078,1.2995,0.0,0.0,614575478.66,735.0,329,0.0,0.0,0.0,0.0,0.0,0.0,8.66,0.23,0.0,0.0,0.0,0.0,40.72,0.0,2026-09-28,2026-09-28,2026-09-28 14:23:46
RO1,ROTA PORTFÖY BİRİNCİ PARA PİYASASI SERBEST FON,Diğer / Belirsiz,EXCLUDE,Para piyasası fonu,True,2026-09-28,1.3411,0.6814,0.6794,0.002,2.7548,2.9317,-0.1768,9.2744,21.5671,,1.2662,0.0,0.0,109147913.21,20.0,193,0.0,0.0,0.0,0.0,0.0,0.0,0.0,0.0,0.0,0.0,0.0,0.0,13.74,0.0,2026-09-28,2026-09-28,2026-09-28 14:23:46
RPP,ROTA PORTFÖY PARA PİYASASI (TL) FONU,Diğer / Belirsiz,EXCLUDE,Para piyasası fonu,True,2026-09-28,5.1549,0.691,0.6587,0.0323,2.7814,3.0266,-0.2452,9.4599,21.9317,47.2357,1.2541,0.0,0.0,4893599621.75,6022.0,329,0.0,0.0,0.0,0.0,0.0,0.0,14.48,2.61,0.0,0.0,0.0,0.0,50.45,0.0,2026-09-28,2026-09-28,2026-09-28 14:23:46
RRA,ROTA PORTFÖY PARA PİYASASI SERBEST FON,Diğer / Belirsiz,EXCLUDE,Para piyasası fonu,True,2026-09-28,1.5613,0.7209,0.7684,-0.0475,2.8727,3.0316,-0.1588,9.1541,22.0118,48.8008,1.2071,-0.2132,0.0,952301838.29,129.0,282,0.0,0.0,0.0,0.0,0.0,0.0,0.0,2.56,0.0,0.0,0.0,0.0,29.04,0.0,2026-09-28,2026-09-28,2026-09-28 14:23:46
RRP,RE-PIE PORTFÖY PARA PİYASASI KATILIM (TL) FON,Katılım,EXCLUDE,Para piyasası fonu,True,2026-09-28,1.7069,0.6748,0.6669,0.0079,2.707,2.8844,-0.1773,9.0633,20.9517,44.7253,1.2452,0.0,0.0,320040010.7,62.0,329,0.0,0.0,0.0,0.0,0.0,0.0,0.0,0.0,0.0,0.0,0.0,0.0,0.0,0.0,2026-09-28,2026-09-28,2026-09-28 14:23:46
SAP,AK PORTFÖY ŞEKERBANK PARA PİYASASI (TL) FONU,Bankacılık / Finans,EXCLUDE,Para piyasası fonu,True,2026-09-28,1.9221,0.6919,0.6427,0.0491,2.7927,3.0302,-0.2375,9.4184,21.6839,46.4143,1.2624,0.0,0.0,388739452.36,379.0,329,0.0,0.0,0.0,0.0,0.0,0.0,12.64,3.96,0.0,0.0,0.0,0.0,73.32,0.0,2026-09-28,2026-09-28,2026-09-28 14:23:46
SKL,TEB PORTFÖY ŞEKERBANK PARA PİYASASI (TL) FONU,Bankacılık / Finans,EXCLUDE,Para piyasası fonu,True,2026-09-28,2.1105,0.6937,0.6095,0.0842,2.7134,3.0108,-0.2975,9.3177,21.5472,46.2238,1.2199,0.0,0.0,101772061.77,716.0,329,0.0,0.0,0.0,0.0,0.0,0.0,16.49,0.0,0.0,0.0,0.0,0.0,34.34,0.0,2026-09-28,2026-09-28,2026-09-28 14:23:46
SLF,ROTA PORTFÖY ŞEKERBANK PARA PİYASASI (TL) FONU,Bankacılık / Finans,EXCLUDE,Para piyasası fonu,True,2026-09-28,11.7422,0.6944,0.6474,0.047,2.7435,3.0037,-0.2602,9.3184,21.5299,46.6361,1.2027,0.0,0.0,1029205590.94,6703.0,329,0.0,0.0,0.0,0.0,0.0,0.0,11.38,0.0,0.0,0.0,0.0,0.0,48.67,0.0,2026-09-28,2026-09-28,2026-09-28 14:23:46
SPP,SPARTA PORTFÖY BİRİNCİ PARA PİYASASI (TL) FONU,Diğer / Belirsiz,EXCLUDE,Para piyasası fonu,True,2026-09-28,1.6602,0.7555,0.6649,0.0906,2.8672,3.0281,-0.1609,9.7905,23.334,49.1556,1.299,0.0,0.0,249955089.83,616.0,318,0.0,0.0,0.0,0.0,0.0,0.0,12.16,0.0,0.0,0.0,0.0,0.0,34.87,0.0,2026-09-28,2026-09-28,2026-09-28 14:23:46
TCB,TACİRLER PORTFÖY PARA PİYASASI FONU,Diğer / Belirsiz,EXCLUDE,Para piyasası fonu,True,2026-09-28,0.244,0.739,0.6629,0.0761,2.8213,3.0372,-0.2159,9.5296,21.8303,46.7781,1.1839,0.0,0.0,2781059104.44,4568.0,329,0.0,0.0,0.0,0.0,0.0,0.0,13.79,0.57,0.0,0.0,0.0,0.0,40.4,0.0,2026-09-28,2026-09-28,2026-09-28 14:23:46
TGN,TEB PORTFÖY ING BANK PARA PİYASASI SERBEST (TL) ÖZEL FON,Bankacılık / Finans,EXCLUDE,Para piyasası fonu,True,2026-09-28,1.5068,0.693,0.6983,-0.0053,2.8599,3.0137,-0.1538,9.5465,21.8964,46.9477,1.301,0.0,0.0,2321121420.13,1872.0,269,0.0,0.0,0.0,0.0,0.0,0.0,0.0,0.0,0.0,0.0,0.0,0.0,0.0,0.0,2026-09-28,2026-09-28,2026-09-28 14:23:46
TI1,İŞ PORTFÖY PARA PİYASASI (TL) FONU,Diğer / Belirsiz,EXCLUDE,Para piyasası fonu,True,2026-09-28,1730.9934,0.6882,0.6484,0.0398,2.7719,3.0837,-0.3118,9.4351,21.5924,46.2597,1.2731,0.0,0.0,213870952705.35,234602.0,329,0.0,0.0,0.0,0.0,0.0,0.0,12.81,0.26,0.0,0.0,0.0,0.0,40.44,0.0,2026-09-28,2026-09-28,2026-09-28 14:23:46
TKM,TEB PORTFÖY PARA PİYASASI (TL) FONU,Diğer / Belirsiz,EXCLUDE,Para piyasası fonu,True,2026-09-28,0.2235,0.6894,0.6471,0.0422,2.7288,2.9854,-0.2566,9.3132,21.5681,46.303,1.1888,0.0,0.0,67017924744.76,502552.0,329,0.0,0.0,0.0,0.0,0.0,0.0,10.16,0.0,0.0,0.0,0.0,0.0,62.62,0.0,2026-09-28,2026-09-28,2026-09-28 14:23:46
TLK,AKTİF PORTFÖY PARA PİYASASI KATILIM (TL) FONU,Katılım,EXCLUDE,Para piyasası fonu,True,2026-09-28,1.8362,0.6503,0.6956,-0.0453,2.7888,2.9621,-0.1733,9.3816,21.2666,45.5479,1.3018,0.0,0.0,2957300601.47,1123.0,329,0.0,0.0,0.0,0.0,0.0,0.0,0.0,0.0,0.0,0.0,0.0,0.0,0.0,0.0,2026-09-28,2026-09-28,2026-09-28 14:23:46
TLV,TERA PORTFÖY PARA PİYASASI KATILIM (TL) FONU,Katılım,EXCLUDE,Para piyasası fonu,True,2026-09-28,0.0,-100.0,-0.2756,-99.7244,-100.0,3.1991,-103.1991,-100.0,-100.0,,355.2587,-100.0,-100.0,0.0,12177.0,212,,,,,,,,,,,,,,,2026-09-28,2026-09-28,2026-09-28 14:23:46
TP2,TERA PORTFÖY PARA PİYASASI (TL) FONU,Diğer / Belirsiz,EXCLUDE,Para piyasası fonu,True,2026-09-28,0.0,,-100.0,,-100.0,3.6947,-103.6947,-100.0,-100.0,-100.0,355.612,-100.0,-100.0,0.0,169235.0,329,,,,,,,,,,,,,,,2026-09-28,2026-09-28,2026-09-28 14:23:46
TZL,ZİRAAT PORTFÖY PARA PİYASASI (TL) FONU,Diğer / Belirsiz,EXCLUDE,Para piyasası fonu,True,2026-09-28,0.1434,0.6921,0.65,0.0421,2.7639,3.0087,-0.2448,9.395,21.7901,46.462,1.2258,0.0,0.0,97963664615.36,184495.0,329,0.0,0.0,0.0,0.0,0.0,0.0,12.66,1.2,0.0,0.0,0.0,0.0,23.2,0.0,2026-09-28,2026-09-28,2026-09-28 14:23:46
UCP,AK PORTFÖY ÜÇÜNCÜ PARA PİYASASI SERBEST (TL) FON,Diğer / Belirsiz,EXCLUDE,Para piyasası fonu,True,2026-09-28,1.3758,0.682,0.6895,-0.0075,2.7796,2.9659,-0.1863,9.3829,21.6887,,1.2772,0.0,0.0,10464204059.17,108.0,211,0.0,0.0,0.0,0.0,0.0,0.0,0.0,0.0,0.0,0.0,0.0,0.0,100.0,0.0,2026-09-28,2026-09-28,2026-09-28 14:23:46
UP2,ÜNLÜ PORTFÖY PARA PİYASASI SERBEST FON,Diğer / Belirsiz,EXCLUDE,Para piyasası fonu,True,2026-09-28,4.3864,0.6882,0.6962,-0.008,2.8698,3.0215,-0.1516,9.5956,22.0664,47.2521,1.2963,0.0,0.0,2263120917.43,278.0,329,0.0,0.0,0.0,0.0,0.0,0.0,0.0,1.03,0.0,0.0,0.0,0.0,66.82,0.0,2026-09-28,2026-09-28,2026-09-28 14:23:46
UPP,ÜNLÜ PORTFÖY PARA PİYASASI (TL) FONU,Diğer / Belirsiz,EXCLUDE,Para piyasası fonu,True,2026-09-28,7.3006,0.6854,0.6378,0.0476,2.7259,3.0226,-0.2966,9.3392,21.5071,46.5435,1.1953,0.0,0.0,2377856612.87,853.0,329,0.0,0.0,0.0,0.0,0.0,0.0,13.83,0.98,0.0,0.0,0.0,0.0,76.43,0.0,2026-09-28,2026-09-28,2026-09-28 14:23:46
VCD,AZİMUT PORTFÖY PARA PİYASASI KATILIM SERBEST FON,Katılım,EXCLUDE,Para piyasası fonu,True,2026-09-28,6.6092,0.715,0.8317,-0.1167,3.2734,3.3342,-0.0608,9.8806,21.9329,52.488,1.3012,-0.1547,0.0,119346149.79,12.0,329,0.0,0.0,0.0,0.0,0.0,0.0,0.0,0.0,0.0,0.0,0.0,0.0,0.0,0.0,2026-09-28,2026-09-28,2026-09-28 14:23:46
VK6,V PORTFÖY VAKIFBANK PARA PİYASASI (TL) FONU,Bankacılık / Finans,EXCLUDE,Para piyasası fonu,True,2026-09-28,4.3156,0.6983,0.6608,0.0375,2.7895,3.0459,-0.2565,9.4411,21.8499,46.5806,1.2216,0.0,0.0,77322899688.28,159735.0,329,0.0,0.0,0.0,0.0,0.0,0.0,13.69,0.93,0.0,0.0,0.0,0.0,35.5,0.0,2026-09-28,2026-09-28,2026-09-28 14:23:46
VKR,ALBARAKA PORTFÖY İKİNCİ PARA PİYASASI KATILIM FONU,Katılım,EXCLUDE,Para piyasası fonu,True,2026-09-28,1.0315,0.7097,0.7254,-0.0157,2.8287,,,,,,1.3222,0.0,0.0,16302789.22,28.0,21,0.0,0.0,0.0,0.0,0.0,0.0,0.0,0.0,0.0,0.0,0.0,0.0,0.0,0.0,2026-09-28,2026-09-28,2026-09-28 14:23:46
VPA,VAKIF KATILIM PORTFÖY PARA PİYASASI KATILIM FONU,Katılım,EXCLUDE,Para piyasası fonu,True,2026-09-28,1.153,0.6707,0.6928,-0.0221,2.7839,2.9469,-0.163,9.3416,,,1.2284,0.0,0.0,5114314037.82,3441.0,91,0.0,0.0,0.0,0.0,0.0,0.0,0.0,0.0,0.0,0.0,0.0,0.0,0.0,0.0,2026-09-28,2026-09-28,2026-09-28 14:23:46
YIK,YAPI KREDİ PORTFÖY İKİNCİ PARA PİYASASI SERBEST (TL) FON,Diğer / Belirsiz,EXCLUDE,Para piyasası fonu,True,2026-09-28,1.5946,0.6883,0.6886,-0.0003,2.7876,2.9684,-0.1808,9.3962,21.7191,47.184,1.2812,0.0,0.0,3618149917.01,1479.0,302,0.0,0.0,0.0,0.0,0.0,0.0,0.0,0.0,0.0,0.0,0.0,0.0,100.0,0.0,2026-09-28,2026-09-28,2026-09-28 14:23:46
YLB,YAPI KREDİ PORTFÖY PARA PİYASASI FONU,Diğer / Belirsiz,EXCLUDE,Para piyasası fonu,True,2026-09-28,1.8885,0.6876,0.6426,0.0451,2.7582,2.9856,-0.2273,9.3125,21.4971,46.1496,1.2577,0.0,0.0,102054106078.7,358963.0,329,0.0,0.0,0.0,0.0,0.0,0.0,12.5,0.43,0.0,0.0,0.0,0.0,43.31,0.0,2026-09-28,2026-09-28,2026-09-28 14:23:46
YMP,QNB PORTFÖY YMK PARA PİYASASI (TL) ÖZEL FON,Diğer / Belirsiz,EXCLUDE,Para piyasası fonu,True,2026-09-28,1.2042,0.7166,0.669,0.0477,2.8693,3.1157,-0.2464,9.7388,,,1.3265,0.0,0.0,496954423.65,110.0,112,0.0,0.0,0.0,0.0,0.0,0.0,12.9,2.11,0.0,0.0,0.0,0.0,15.16,0.0,2026-09-28,2026-09-28,2026-09-28 14:23:46
YPT,YAPI KREDİ PORTFÖY PARA PİYASASI SERBEST (TL) FON,Diğer / Belirsiz,EXCLUDE,Para piyasası fonu,True,2026-09-28,4.3023,0.6893,0.6973,-0.0079,2.835,2.9775,-0.1425,9.4767,21.8796,46.7144,1.296,0.0,0.0,129281863345.92,19133.0,329,0.0,0.0,0.0,0.0,0.0,0.0,0.0,0.0,0.0,0.0,0.0,0.0,32.51,0.0,2026-09-28,2026-09-28,2026-09-28 14:23:46
YVD,YAPI KREDİ PORTFÖY İKİNCİ PARA PİYASASI (TL) FONU,Diğer / Belirsiz,EXCLUDE,Para piyasası fonu,True,2026-09-28,4.5828,0.6991,0.6181,0.081,2.7259,3.0048,-0.2789,9.2382,21.1496,45.4407,1.2972,0.0,0.0,44027440656.72,81360.0,329,0.0,0.0,0.0,0.0,0.0,0.0,21.18,1.77,0.0,0.0,0.0,0.0,35.63,0.0,2026-09-28,2026-09-28,2026-09-28 14:23:46
ZA2,KUVEYT TÜRK PORTFÖY İKİNCİ SEPET HESAP PARA PİYASASI KATILIM FONU,Katılım,EXCLUDE,Para piyasası fonu,True,2026-09-28,2.1407,0.8055,0.8064,-0.0009,3.262,3.2637,-0.0017,10.5456,25.9227,62.7559,1.5023,0.0,0.0,3836077390.14,487.0,329,0.0,0.0,0.0,0.0,0.0,0.0,0.0,0.0,0.0,0.0,0.0,0.0,0.0,0.0,2026-09-28,2026-09-28,2026-09-28 14:23:46
ZAY,KUVEYT TÜRK PORTFÖY SEPET HESAP PARA PİYASASI KATILIM (TL) FONU,Katılım,EXCLUDE,Para piyasası fonu,True,2026-09-28,6.6319,0.6448,0.6458,-0.001,2.6056,2.6056,0.0,8.3192,18.7326,40.1938,1.2064,0.0,0.0,1126188291.06,3238.0,329,0.0,0.0,0.0,0.0,0.0,0.0,0.0,0.0,0.0,0.0,0.0,0.0,0.0,0.0,2026-09-28,2026-09-28,2026-09-28 14:23:46
ZBJ,ZİRAAT PORTFÖY BAŞAK PARA PİYASASI (TL) FONU,Diğer / Belirsiz,EXCLUDE,Para piyasası fonu,True,2026-09-28,5.3805,0.7146,0.6536,0.061,2.8101,3.0666,-0.2564,9.5714,22.2713,47.5455,1.2604,0.0,0.0,47356886595.01,24047.0,329,0.0,0.0,0.0,0.0,0.0,0.0,19.64,2.09,0.0,0.0,0.0,0.0,16.37,0.0,2026-09-28,2026-09-28,2026-09-28 14:23:46
ZP8,ZİRAAT PORTFÖY KEHRİBAR PARA PİYASASI KATILIM SERBEST (TL) FON,Katılım,EXCLUDE,Para piyasası fonu,True,2026-09-28,4.2381,0.6931,0.7006,-0.0075,2.8607,2.9924,-0.1317,9.4911,21.8352,46.4634,1.3022,0.0,0.0,54726882647.82,4308.0,329,0.0,0.0,0.0,0.0,0.0,0.0,0.0,0.0,0.0,0.0,0.0,0.0,0.0,0.0,2026-09-28,2026-09-28,2026-09-28 14:23:46
ZPH,ZİRAAT PORTFÖY PAYLAŞIMLI HESAP PARA PİYASASI KATILIM SERBEST (TL) FON,Katılım,EXCLUDE,Para piyasası fonu,True,2026-09-28,1.5722,0.6536,0.6791,-0.0255,2.7625,2.94,-0.1775,9.3426,21.5609,46.2409,1.2568,0.0,0.0,145277247.94,46.0,306,0.0,0.0,0.0,0.0,0.0,0.0,0.0,0.0,0.0,0.0,0.0,0.0,0.0,0.0,2026-09-28,2026-09-28,2026-09-28 14:23:46
ZPO,ZİRAAT PORTFÖY PARA PİYASASI KATILIM FONU,Katılım,EXCLUDE,Para piyasası fonu,True,2026-09-28,1.0811,0.6903,0.6949,-0.0046,2.852,3.061,-0.209,,,,1.2998,0.0,0.0,2769556714.9,3461.0,51,0.0,0.0,0.0,0.0,0.0,0.0,0.0,0.0,0.0,0.0,0.0,0.0,0.0,0.0,2026-09-28,2026-09-28,2026-09-28 14:23:46
ZPR,ZİRAAT PORTFÖY PARA PİYASASI SERBEST FON,Diğer / Belirsiz,EXCLUDE,Para piyasası fonu,True,2026-09-28,1.6048,0.6996,0.7126,-0.013,2.8972,3.0532,-0.1561,9.6931,22.0921,47.7373,1.3214,0.0,0.0,49339992863.58,1362.0,301,0.0,0.0,0.0,0.0,0.0,0.0,0.0,6.19,0.0,0.0,0.0,0.0,32.1,0.0,2026-09-28,2026-09-28,2026-09-28 14:23:46
AAV,ATA PORTFÖY İKİNCİ HİSSE SENEDİ (TL) FONU (HİSSE SENEDİ YOĞUN FON),Hisse Senedi,RETAIL_CANDIDATE,,True,2026-09-28,61.6847,-0.0191,-4.2509,4.2318,-3.4981,6.9751,-10.4732,0.8087,6.8713,19.9008,23.6212,-6.7096,-4.2692,132142232.3,1799.0,329,87.67,0.0,0.0,0.0,0.0,0.0,0.0,0.0,0.0,0.0,0.0,0.0,0.0,0.0,2026-09-28,2026-09-28,2026-09-28 14:23:46
ACC,İSTANBUL PORTFÖY DÖRDÜNCÜ HİSSE SENEDİ FONU (HİSSE SENEDİ YOĞUN),Hisse Senedi,RETAIL_CANDIDATE,,True,2026-09-28,43.1955,1.7222,-5.9611,7.6833,-5.6856,7.2749,-12.9605,-4.8202,6.8283,25.2341,30.9185,-9.7572,-5.8633,83551505.74,1117.0,329,82.22,0.0,0.0,0.0,0.0,0.0,0.0,0.0,17.17,0.0,0.0,0.0,0.0,0.0,2026-09-28,2026-09-28,2026-09-28 14:23:46
ACD,İSTANBUL PORTFÖY İKİNCİ DEĞİŞKEN FON,Değişken,RETAIL_CANDIDATE,,True,2026-09-28,5.9719,-0.8297,-4.7191,3.8894,-3.7938,6.5191,-10.3129,0.4627,15.978,28.9489,22.033,-6.7045,-5.5752,341008314.18,1375.0,329,54.02,0.0,0.0,0.0,0.0,0.0,0.0,3.05,2.42,0.0,0.0,0.0,0.0,0.0,2026-09-28,2026-09-28,2026-09-28 14:23:46
ADE,AK PORTFÖY MUTLAK GETİRİ HEDEFLİ DEĞİŞKEN FON,Değişken,RETAIL_CANDIDATE,,True,2026-09-28,0.9188,0.9771,1.1351,-0.1579,1.4501,4.1365,-2.6863,8.7086,8.3804,24.4656,8.4304,-2.0172,0.0,690319839.95,25254.0,329,54.69,8.9,0.0,3.02,0.0,0.0,0.0,0.0,3.17,0.0,0.0,0.0,14.14,0.0,2026-09-28,2026-09-28,2026-09-28 14:23:46
ADP,AK PORTFÖY BIST BANKA ENDEKSİ HİSSE SENEDİ (TL) FONU (HİSSE SENEDİ YOĞUN FON),Bankacılık / Finans,RETAIL_CANDIDATE,,True,2026-09-28,1.2654,-0.8157,-3.3357,2.5199,-2.2221,10.5876,-12.8097,-9.8956,4.5214,4.1508,47.5199,-18.9105,-9.8956,3853503836.46,20390.0,329,85.01,0.0,0.0,0.0,0.0,0.0,0.0,0.0,3.58,7.2,0.0,0.0,2.38,0.0,2026-09-28,2026-09-28,2026-09-28 14:23:46
AED,ATA PORTFÖY BİRİNCİ DEĞİŞKEN FON,Değişken,RETAIL_CANDIDATE,,True,2026-09-28,114.3201,0.1203,-3.4655,3.5858,-3.9862,10.8794,-14.8656,5.8669,13.5693,32.2184,21.0023,-6.629,-3.9862,57876726.5,1275.0,329,62.06,0.0,0.0,0.0,0.0,0.0,3.51,0.0,6.93,0.0,0.0,0.0,8.03,0.0,2026-09-28,2026-09-28,2026-09-28 14:23:46
AES,AK PORTFÖY PETROL YABANCI BYF FON SEPETİ FONU,Petrol / Enerji,RETAIL_CANDIDATE,,True,2026-09-28,0.2051,-1.4001,2.085,-3.485,14.9784,2.2771,12.7014,41.3958,33.3344,103.8153,27.9719,-12.0059,-2.5461,1447201013.71,35527.0,329,0.0,0.0,0.0,89.97,0.45,0.0,0.0,0.0,8.96,0.0,0.0,0.0,0.61,0.0,2026-09-28,2026-09-28,2026-09-28 14:23:46
AEV,ALLBATROSS PORTFÖY SANAYİ ŞİRKETLERİ HİSSE SENEDİ (TL) FONU (HİSSE SENEDİ YOĞUN FON),Hisse Senedi,RETAIL_CANDIDATE,,True,2026-09-28,1.9473,-0.5403,-7.9992,7.4588,-11.1129,8.2515,-19.3644,-3.0047,11.0714,38.535,27.9516,-12.3385,-11.306,6557189.87,342.0,329,86.82,0.0,0.0,0.0,0.0,0.0,0.0,0.0,13.18,0.0,0.0,0.0,0.0,0.0,2026-09-28,2026-09-28,2026-09-28 14:23:46
AFA,AK PORTFÖY AMERİKA YABANCI HİSSE SENEDİ FONU,Yabancı Varlıklar,RETAIL_CANDIDATE,,True,2026-09-28,1.3224,1.5359,-0.0045,1.5403,1.7014,6.7787,-5.0773,9.965,36.1599,42.0506,10.5994,-1.8037,-0.6223,5475548360.03,46068.0,329,0.0,97.59,0.0,0.0,0.0,0.0,0.0,0.0,1.41,0.0,0.0,0.0,0.99,0.0,2026-09-28,2026-09-28,2026-09-28 14:23:46
AFO,AK PORTFÖY ALTIN FONU,Altın,RETAIL_CANDIDATE,,True,2026-09-28,1.3212,-1.7117,1.1606,-2.8723,-5.3884,14.6283,-20.0167,9.7132,2.4246,27.6039,20.0783,-6.706,-6.1173,18655041764.2,79760.0,329,0.0,0.0,0.0,0.62,47.38,0.0,0.0,0.0,2.96,0.12,0.0,0.0,0.0,0.0,2026-09-28,2026-09-28,2026-09-28 14:23:46
AFS,AK PORTFÖY SAĞLIK SEKTÖRÜ YABANCI HİSSE SENEDİ FONU,Sağlık,RETAIL_CANDIDATE,,True,2026-09-28,0.3553,0.7474,1.0655,-0.318,-0.1734,8.8649,-9.0382,9.1865,21.0404,36.7458,11.0891,-4.3918,-1.2229,898742650.54,28429.0,329,0.0,96.02,0.0,0.0,0.0,0.0,0.0,0.0,1.49,0.0,0.0,0.0,2.46,0.0,2026-09-28,2026-09-28,2026-09-28 14:23:46
AFT,AK PORTFÖY YENİ TEKNOLOJİLER YABANCI HİSSE SENEDİ FONU,Teknoloji,RETAIL_CANDIDATE,,True,2026-09-28,1.0561,5.0578,-0.1071,5.1649,6.8275,6.3197,0.5078,10.777,31.854,36.6884,25.3025,-9.9221,-0.0739,19156068213.28,132573.0,329,0.0,99.35,0.0,0.0,0.0,0.0,0.0,0.0,0.63,0.0,0.0,0.0,0.02,0.0,2026-09-28,2026-09-28,2026-09-28 14:23:46
AFV,AK PORTFÖY AVRUPA YABANCI HİSSE SENEDİ FONU,Yabancı Varlıklar,RETAIL_CANDIDATE,,True,2026-09-28,0.5972,0.0379,-0.675,0.7128,-3.018,2.4595,-5.4775,3.0701,20.8668,31.5795,7.615,-4.1511,-3.7159,1185068279.82,14238.0,329,0.0,99.67,0.0,0.0,0.0,0.0,0.0,0.0,0.22,0.0,0.0,0.0,0.09,0.0,2026-09-28,2026-09-28,2026-09-28 14:23:46
AGC,AK PORTFÖY İKİNCİ DEĞİŞKEN FON,Değişken,RETAIL_CANDIDATE,,True,2026-09-28,9.5956,0.441,0.3755,0.0655,1.5956,2.1131,-0.5175,5.9192,13.3872,27.3602,0.9601,-0.0228,0.0,108939946.28,2431.0,329,0.0,0.0,0.0,0.0,0.0,0.0,6.67,0.0,0.0,0.0,0.0,0.0,20.52,0.0,2026-09-28,2026-09-28,2026-09-28 14:23:46
AHI,ATLAS PORTFÖY BİRİNCİ HİSSE SENEDİ FONU(HİSSE SENEDİ YOĞUN),Hisse Senedi,RETAIL_CANDIDATE,,True,2026-09-28,34.4199,-0.0215,-5.8904,5.8689,-8.2372,5.5623,-13.7995,-9.1145,-0.6731,17.9591,26.1763,-10.8609,-9.1145,103085625.39,2371.0,329,95.33,0.0,0.0,0.0,0.0,0.0,0.0,0.0,0.0,0.0,0.0,0.0,0.0,0.0,2026-09-28,2026-09-28,2026-09-28 14:23:46
AHV,AZİMUT PORTFÖY DENGELİ FON SEPETİ FONU,Fon Sepeti,RETAIL_CANDIDATE,,True,2026-09-28,22.0306,0.2942,-0.9989,1.2931,0.3022,4.6158,-4.3137,6.4443,18.5266,42.5088,7.1448,-1.8562,-0.7076,136216484.46,183.0,329,0.0,0.0,0.0,0.0,0.0,0.0,0.0,0.0,100.0,0.0,0.0,0.0,0.0,0.0,2026-09-28,2026-09-28,2026-09-28 14:23:46
AK2,AK PORTFÖY UZUN VADELİ BORÇLANMA ARAÇLARI FONU,Borçlanma Araçları,RETAIL_CANDIDATE,,True,2026-09-28,0.5559,-0.0072,-1.0471,1.0399,0.3658,4.955,-4.5893,4.2337,14.2556,24.1457,5.5139,-2.36,-1.2709,203690119.36,9121.0,329,0.0,0.0,0.0,0.0,0.0,0.0,89.46,7.49,0.0,0.0,0.0,0.0,0.0,0.0,2026-09-28,2026-09-28,2026-09-28 14:23:46
AK3,AK PORTFÖY HİSSE SENEDİ (TL) FONU (HİSSE SENEDİ YOĞUN FON),Hisse Senedi,RETAIL_CANDIDATE,,True,2026-09-28,52.3404,0.9021,-5.2365,6.1386,-4.8872,9.6616,-14.5487,1.5902,8.416,30.7486,31.3106,-9.1764,-5.1307,7796998860.79,19663.0,329,87.25,0.0,0.0,0.0,0.0,0.0,0.0,0.0,0.76,0.05,0.0,0.0,7.63,0.0,2026-09-28,2026-09-28,2026-09-28 14:23:46
AKE,AK PORTFÖY EUROBOND (AMERİKAN DOLARI) BORÇLANMA ARAÇLARI FONU,Eurobond,RETAIL_CANDIDATE,,True,2026-09-28,0.5286,-0.0875,-0.2018,0.1143,-0.4448,2.7343,-3.1792,3.0835,12.149,19.8833,3.4378,-0.8922,-0.8125,1022963006.27,13138.0,329,0.0,0.0,0.0,0.0,0.0,0.0,0.41,0.0,0.0,0.0,0.0,0.0,6.76,0.0,2026-09-28,2026-09-28,2026-09-28 14:23:46
AKU,AK PORTFÖY BIST 30 ENDEKSİ HİSSE SENEDİ (TL) FONU (HİSSE SENEDİ YOĞUN FON),Hisse Senedi,RETAIL_CANDIDATE,,True,2026-09-28,0.9528,-0.6544,-5.0256,4.3712,-3.6829,9.6422,-13.3251,-0.7159,11.6099,32.5015,29.1503,-7.9688,-5.6646,2428961366.82,17909.0,329,89.6,0.0,0.0,0.0,0.0,0.0,0.0,0.0,2.76,0.0,0.0,0.0,5.97,0.0,2026-09-28,2026-09-28,2026-09-28 14:23:46
ALC,AK PORTFÖY KAR PAYI ÖDEYEN ŞİRKETLER HİSSE SENEDİ (TL) FONU (HİSSE SENEDİ YOĞUN FON),Hisse Senedi,RETAIL_CANDIDATE,,True,2026-09-28,0.3646,0.3192,-6.1445,6.4636,-5.8138,9.5979,-15.4116,3.7041,7.3077,30.4831,29.3414,-9.0057,-6.009,1558880757.8,24053.0,329,94.28,0.0,0.0,0.0,0.0,0.0,0.0,0.0,2.0,0.02,0.0,0.0,1.27,0.0,2026-09-28,2026-09-28,2026-09-28 14:23:46
AN1,STRATEJİ PORTFÖY BİRİNCİ DEĞİŞKEN FON,Değişken,RETAIL_CANDIDATE,,True,2026-09-28,113.2077,-0.1215,-3.5475,3.426,-0.5589,5.0971,-5.6559,4.684,31.1552,37.4807,20.269,-3.9306,-3.7823,1146515938.36,2543.0,329,79.15,0.0,0.0,0.0,0.0,0.0,0.0,0.0,7.58,0.0,0.0,0.0,0.0,0.0,2026-09-28,2026-09-28,2026-09-28 14:23:46
AOY,AK PORTFÖY ALTERNATİF ENERJİ YABANCI HİSSE SENEDİ FONU,Enerji,RETAIL_CANDIDATE,,True,2026-09-28,0.3429,-2.9495,-2.6083,-0.3413,-4.8984,3.4128,-8.3113,-9.7906,5.0963,35.568,26.8658,-12.7818,-10.5131,914786004.5,33994.0,329,0.0,98.28,0.0,0.0,0.0,0.0,0.0,0.0,0.0,0.0,0.0,0.0,1.64,0.0,2026-09-28,2026-09-28,2026-09-28 14:23:46
APJ,AK PORTFÖY BIST ŞİRKETLERİ FON SEPETİ FONU,Fon Sepeti,RETAIL_CANDIDATE,,True,2026-09-28,6.6932,0.3761,-4.633,5.0091,-4.7489,8.259,-13.0079,-0.6738,4.3826,17.174,22.1272,-7.0198,-4.7489,78121929.93,2805.0,329,0.0,0.0,0.0,0.0,0.0,0.0,0.0,0.0,86.98,0.0,0.0,0.0,8.96,0.0,2026-09-28,2026-09-28,2026-09-28 14:23:46
APT,AK PORTFÖY ORTA VADELI BORÇLANMA ARAÇLARI FONU,Borçlanma Araçları,RETAIL_CANDIDATE,,True,2026-09-28,0.1664,0.643,-0.6574,1.3004,1.1225,4.8948,-3.7722,6.1379,17.8329,32.087,4.5374,-1.4284,-0.2883,399549005.05,13063.0,329,0.0,0.0,0.0,0.0,0.0,0.0,86.52,2.42,0.0,0.0,0.0,0.0,11.03,0.0,2026-09-28,2026-09-28,2026-09-28 14:23:46
ARE,İSTANBUL PORTFÖY YABANCI HİSSE SENEDİ FONU,Yabancı Varlıklar,RETAIL_CANDIDATE,,True,2026-09-28,0.2464,-1.0072,-0.737,-0.2702,-6.2577,8.0591,-14.3168,7.6812,23.4252,32.3985,13.1246,-6.3532,-6.3532,51983006.18,1836.0,329,0.0,82.47,0.0,0.0,0.0,0.0,0.0,0.0,0.0,0.0,0.0,0.0,0.0,0.0,2026-09-28,2026-09-28,2026-09-28 14:23:46
ARL,AK PORTFÖY BİRİNCİ FON SEPETİ FONU,Fon Sepeti,RETAIL_CANDIDATE,,True,2026-09-28,16.3924,0.8352,-0.0908,0.926,1.1166,2.6427,-1.526,5.6084,13.8026,33.2288,5.4794,-0.9298,0.0,3939154245.7,7197.0,329,0.0,6.04,0.0,1.13,0.0,0.0,2.75,0.0,77.6,0.0,0.0,0.0,3.84,0.0,2026-09-28,2026-09-28,2026-09-28 14:23:46
ARM,AK PORTFÖY İKİNCİ FON SEPETİ FONU,Fon Sepeti,RETAIL_CANDIDATE,,True,2026-09-28,18.6714,1.0099,-0.8887,1.8985,0.0346,2.8449,-2.8104,3.2577,9.9617,28.151,9.0585,-2.1433,-0.1569,2924593561.73,4863.0,329,0.0,9.22,0.0,1.92,0.0,0.0,0.0,0.0,77.07,1.05,0.0,0.0,1.41,0.0,2026-09-28,2026-09-28,2026-09-28 14:23:46
ASJ,AKTİF PORTFÖY HİSSE SENEDİ (TL) FONU (HİSSE SENEDİ YOĞUN FON),Hisse Senedi,RETAIL_CANDIDATE,,True,2026-09-28,3.8472,1.1128,-6.2759,7.3888,-4.2501,6.9974,-11.2475,-0.3227,10.6721,24.99,32.7979,-9.541,-5.2329,57215435.51,704.0,329,89.65,0.0,0.0,0.0,0.0,0.0,0.0,0.0,9.52,0.0,0.0,0.0,0.0,0.0,2026-09-28,2026-09-28,2026-09-28 14:23:46
ATJ,AZİMUT PORTFÖY İKİNCİ DEĞİŞKEN FON,Değişken,RETAIL_CANDIDATE,,True,2026-09-28,21.9547,0.3255,-5.5065,5.832,-5.7991,7.4964,-13.2955,-1.9606,5.2927,27.7413,25.6971,-8.7008,-6.1575,994425438.35,9.0,329,78.95,0.0,0.0,0.0,0.0,0.0,0.28,0.0,9.15,0.0,0.0,0.0,10.51,0.0,2026-09-28,2026-09-28,2026-09-28 14:23:46
AU1,A1 CAPİTAL PORTFÖY ALTIN FONU,Altın,RETAIL_CANDIDATE,,True,2026-09-28,1.1873,-2.5813,1.7328,-4.314,-5.2136,13.8794,-19.093,11.1493,4.7444,,20.4313,-6.6271,-6.2347,49117026.09,831.0,230,2.31,0.0,0.0,0.0,97.03,0.0,0.0,0.0,0.0,0.0,0.0,0.0,0.0,0.0,2026-09-28,2026-09-28,2026-09-28 14:23:46
AVT,AK PORTFÖY KISA VADELİ BORÇLANMA ARAÇLARI (TL) FONU,Borçlanma Araçları,RETAIL_CANDIDATE,,True,2026-09-28,234.9831,0.6659,0.5332,0.1327,2.6552,3.0734,-0.4183,9.2257,21.4458,46.1163,1.3103,-0.0283,0.0,3862885584.03,19856.0,329,0.0,0.0,0.0,0.0,0.0,0.0,30.9,24.03,0.0,0.0,0.0,0.0,3.88,0.0,2026-09-28,2026-09-28,2026-09-28 14:23:46
AYA,ATA PORTFÖY KAR PAYI ÖDEYEN HİSSE SENEDİ (TL) FONU (HİSSE SENEDİ YOĞUN FON),Hisse Senedi,RETAIL_CANDIDATE,,True,2026-09-28,18.284,-0.4406,-4.5933,4.1527,-5.1491,5.4992,-10.6483,0.4285,1.4265,15.2531,27.1591,-7.3551,-5.1491,913952869.28,8674.0,329,83.47,0.0,0.0,0.0,0.0,0.0,0.0,0.0,5.34,0.0,0.0,0.0,7.61,0.0,2026-09-28,2026-09-28,2026-09-28 14:23:46
BAG,BULLS PORTFÖY ATAK DEĞIŞKEN FON,Değişken,RETAIL_CANDIDATE,,True,2026-09-28,1.0399,1.0095,-5.5954,6.6049,-4.947,9.0065,-13.9535,5.9816,20.6496,,20.1712,-6.5097,-4.947,94033601.82,160.0,161,53.65,0.0,0.0,0.0,0.0,0.0,0.0,0.0,4.23,0.0,0.0,0.0,0.0,0.0,2026-09-28,2026-09-28,2026-09-28 14:23:46
BAI,BV PORTFÖY ALTIN KATILIM FONU,Altın,RETAIL_CANDIDATE,,True,2026-09-28,1.0795,-1.6365,1.1262,-2.7626,-5.2951,13.9684,-19.2635,,,,19.4475,-7.9408,-7.0577,82972915.92,110.0,56,8.89,0.0,0.0,0.0,24.26,0.0,0.0,0.0,0.0,17.01,0.0,0.0,0.0,0.0,2026-09-28,2026-09-28,2026-09-28 14:23:46
BBF,PARDUS PORTFÖY BİRİNCİ BORÇLANMA ARAÇLARI (TL) FONU,Borçlanma Araçları,RETAIL_CANDIDATE,,True,2026-09-28,3.7197,0.4672,0.6009,-0.1336,2.3389,3.4817,-1.1428,9.2507,21.0024,53.7817,1.9275,-0.2225,0.0,145072358.32,833.0,329,0.77,0.0,0.0,0.0,0.0,0.0,73.43,0.0,0.0,0.0,0.0,0.0,0.0,0.0,2026-09-28,2026-09-28,2026-09-28 14:23:46
BBP,ALLBATROSS PORTFÖY BİRİNCİ BORÇLANMA ARAÇLARI FONU,Borçlanma Araçları,RETAIL_CANDIDATE,,True,2026-09-28,2.3435,0.7314,0.6245,0.1069,2.8448,3.2555,-0.4106,8.0158,19.3396,58.7965,2.1308,-0.3021,0.0,10696368.73,435.0,329,0.0,0.0,0.0,0.0,0.0,0.0,80.51,0.0,19.49,0.0,0.0,0.0,0.0,0.0,2026-09-28,2026-09-28,2026-09-28 14:23:46
BCK,DENİZ PORTFÖY BLOCKCHAİN VE FINTECH TEKNOLOJİLERİ DEĞİŞKEN FON,Teknoloji,RETAIL_CANDIDATE,,True,2026-09-28,2.1097,2.3994,-2.7784,5.1778,0.7483,8.0898,-7.3416,3.1585,33.3365,37.8166,21.1817,-7.1838,-1.3501,107437608.63,2321.0,329,11.89,57.8,0.0,4.6,0.0,0.0,0.0,0.0,0.0,0.0,0.0,0.0,9.26,0.0,2026-09-28,2026-09-28,2026-09-28 14:23:46
BCO,BULLS PORTFÖY ÇOKLU VARLIK KATILIM FONU,Katılım,RETAIL_CANDIDATE,,True,2026-09-28,1.9561,-0.3345,-4.1808,3.8463,-6.904,19.3536,-26.2576,17.4944,20.7181,53.5176,19.2593,-8.012,-6.904,95747726.31,1211.0,329,41.74,0.0,0.0,0.0,0.0,0.0,0.0,0.0,13.31,42.25,0.0,0.0,0.0,0.0,2026-09-28,2026-09-28,2026-09-28 14:23:46
BDS,PARDUS PORTFÖY BIST 30 DIŞI ŞİRKETLER HİSSE SENEDİ (TL) FONU (HİSSE SENEDİ YOĞUN FON),Hisse Senedi,RETAIL_CANDIDATE,,True,2026-09-28,1.7637,-4.2079,-8.8408,4.6328,-19.3528,-1.3291,-18.0237,-23.7837,-22.172,-29.2959,21.1127,-25.9108,-25.9108,145256459.77,6528.0,329,81.33,0.0,0.0,0.0,0.0,0.0,0.0,0.0,7.74,0.0,0.0,0.0,0.0,0.0,2026-09-28,2026-09-28,2026-09-28 14:23:46
BDY,AK PORTFÖY BIST 100 DIŞI ŞİRKETLER HİSSE SENEDİ (TL) FONU (HİSSE SENEDİ YOĞUN FON),Hisse Senedi,RETAIL_CANDIDATE,,True,2026-09-28,1.6032,-0.3198,-7.3662,7.0464,-9.3499,8.4107,-17.7606,-2.6031,4.4185,13.5785,20.1537,-10.1459,-9.3499,89068283.2,2242.0,329,85.68,0.0,0.0,0.0,0.0,0.0,0.0,0.0,0.0,0.0,0.0,0.0,5.63,0.0,2026-09-28,2026-09-28,2026-09-28 14:23:46
BFE,ALLBATROSS PORTFÖY BİRİNCİ FON SEPETİ FONU,Fon Sepeti,RETAIL_CANDIDATE,,True,2026-09-28,1.821,1.0162,-2.7627,3.7788,-1.0722,4.9449,-6.0171,4.3164,12.397,25.3987,17.3536,-4.4775,-1.7746,1311983.72,45.0,329,0.0,0.0,0.0,0.0,0.0,0.0,0.0,0.0,72.75,27.25,0.0,0.0,0.0,0.0,2026-09-28,2026-09-28,2026-09-28 14:23:46
BFS,BULLS PORTFÖY EMTİA FON SEPETİ FONU,Fon Sepeti,RETAIL_CANDIDATE,,True,2026-09-28,1.1108,-0.5295,0.6169,-1.1464,0.1206,16.959,-16.8384,26.1769,16.2179,,9.071,-3.1035,-0.651,26734523.62,304.0,163,0.0,0.0,0.0,70.53,0.0,0.0,0.0,0.0,0.0,19.9,0.0,0.0,0.0,0.0,2026-09-28,2026-09-28,2026-09-28 14:23:46
BFT,AZİMUT PORTFÖY BANKA VE FİNANS SEKTÖRÜ HİSSE SENEDİ FONU (HİSSE SENEDİ YOĞUN FON),Bankacılık / Finans,RETAIL_CANDIDATE,,True,2026-09-28,1.1564,-0.0608,-4.6948,4.634,-2.1245,9.0638,-11.1883,-5.2628,3.0647,15.6203,46.6301,-13.4964,-6.8899,206523585.86,546.0,329,87.21,0.0,0.0,0.0,0.0,0.0,0.0,0.0,12.5,0.0,0.0,0.0,0.0,0.0,2026-09-28,2026-09-28,2026-09-28 14:23:46
BGR,AK PORTFÖY BIST GYO ENDEKSİ HİSSE SENEDİ (TL) FONU (HİSSE SENEDİ YOĞUN FON),Hisse Senedi,RETAIL_CANDIDATE,,True,2026-09-28,0.9155,0.2711,-7.1397,7.4108,-14.4288,,,,,,29.3504,-15.5055,-14.4288,30068346.08,240.0,39,89.8,0.0,0.0,0.0,0.0,0.0,0.0,0.0,0.0,0.0,0.0,0.0,10.2,0.0,2026-09-28,2026-09-28,2026-09-28 14:23:46
BHA,BULLS PORTFÖY HİSSE SENEDİ (TL) FONU (HİSSE SENEDİ YOĞUN FON),Hisse Senedi,RETAIL_CANDIDATE,,True,2026-09-28,1.7501,0.9779,-5.4139,6.3918,-4.8258,13.0331,-17.8589,10.5454,20.9782,50.5633,31.8385,-9.0437,-4.8258,88151740.6,711.0,329,90.87,0.0,0.0,0.0,0.0,0.0,0.0,0.0,6.28,0.0,0.0,0.0,0.0,0.0,2026-09-28,2026-09-28,2026-09-28 14:23:46
BHF,PARDUS PORTFÖY BİRİNCİ DEĞİŞKEN FON,Değişken,RETAIL_CANDIDATE,,True,2026-09-28,3.1252,-0.2013,-3.6135,3.4122,-0.6121,5.3155,-5.9276,3.6151,12.0337,44.6155,26.2247,-6.4498,-5.6834,165382944.5,1312.0,329,38.72,0.0,0.0,0.0,0.0,0.0,0.0,0.0,0.0,0.0,0.0,0.0,0.0,0.0,2026-09-28,2026-09-28,2026-09-28 14:23:46
BID,QNB PORTFÖY BIST 100 DIŞI ŞİRKETLER HİSSE SENEDİ (TL) FONU (HİSSE SENEDİ YOĞUN FON),Hisse Senedi,RETAIL_CANDIDATE,,True,2026-09-28,2.9713,-1.1773,-11.1583,9.981,-11.5147,6.8948,-18.4095,-9.6415,-8.1499,-0.3286,31.313,-12.5101,-12.4417,189182123.73,1914.0,329,94.51,0.0,0.0,0.0,0.0,0.0,0.0,0.0,0.0,0.0,0.0,0.0,2.12,0.0,2026-09-28,2026-09-28,2026-09-28 14:23:46
BIG,YAPI KREDİ PORTFÖY ÜÇÜNCÜ HİSSE SENEDİ FONU (HİSSE SENEDİ YOĞUN FON),Hisse Senedi,RETAIL_CANDIDATE,,True,2026-09-28,1.4073,-0.7006,-4.8978,4.1971,-4.6866,6.6394,-11.3259,-0.3552,11.3808,25.3804,29.3249,-8.5722,-6.0799,444775588.41,2941.0,329,93.77,0.0,0.0,0.0,0.0,0.0,0.0,0.0,3.59,0.0,0.0,0.0,0.0,0.0,2026-09-28,2026-09-28,2026-09-28 14:23:46
BIH,PARDUS PORTFÖY BİRİNCİ HİSSE SENEDİ (TL) FONU (HİSSE SENEDİ YOĞUN FON),Hisse Senedi,RETAIL_CANDIDATE,,True,2026-09-28,8.758,-1.7419,-1.8277,0.0859,-4.3936,6.5707,-10.9643,11.3921,21.0633,71.0155,5.306,-4.3936,-4.3936,873510583.9,474.0,329,78.24,0.0,0.0,0.0,0.0,0.0,0.0,0.0,9.81,0.0,0.0,0.0,0.0,0.0,2026-09-28,2026-09-28,2026-09-28 14:23:46
BIO,İŞ PORTFÖY SÜRDÜRÜLEBİLİRLİK HİSSE SENEDİ (TL) FONU (HİSSE SENEDİ YOĞUN FON),Hisse Senedi,RETAIL_CANDIDATE,,True,2026-09-28,2.2684,-1.1156,-5.4377,4.3222,-7.3107,4.5883,-11.899,-5.9724,-1.0804,11.4588,36.486,-10.1475,-7.3107,612741965.98,9346.0,329,91.13,0.0,0.0,0.0,0.0,0.0,0.0,0.0,0.63,0.0,0.0,0.0,4.2,0.0,2026-09-28,2026-09-28,2026-09-28 14:23:46
BIY,AZİMUT PORTFÖY BIST 100 DIŞI ŞİRKETLER HİSSE SENEDİ FONU (HİSSE SENEDİ YOĞUN FON),Hisse Senedi,RETAIL_CANDIDATE,,True,2026-09-28,0.9474,-17.5589,-15.2132,-2.3458,-33.6078,3.5139,-37.1218,-29.8908,-19.5307,,31.4787,-33.6078,-33.6078,37622822.77,205.0,206,100.0,0.0,0.0,0.0,0.0,0.0,0.0,0.0,0.0,0.0,0.0,0.0,0.0,0.0,2026-09-28,2026-09-28,2026-09-28 14:23:46
BLT,BULLS PORTFÖY ALTIN FONU,Altın,RETAIL_CANDIDATE,,True,2026-09-28,1.8644,-1.7177,1.4552,-3.1729,-5.3815,13.9526,-19.3341,15.1118,9.7666,55.1285,21.3413,-7.1839,-6.1242,363472035.5,3052.0,329,0.96,0.0,0.0,0.0,97.9,0.0,0.0,0.0,1.13,0.0,0.0,0.0,0.0,0.0,2026-09-28,2026-09-28,2026-09-28 14:23:46
BOL,AKTİF PORTFÖY BORÇLANMA ARAÇLARI FONU,Borçlanma Araçları,RETAIL_CANDIDATE,,True,2026-09-28,1.7565,0.6221,0.0686,0.5536,2.0519,4.1422,-2.0903,8.4869,16.8076,37.6743,2.3929,-0.4978,0.0,112117605.77,271.0,329,0.0,0.0,0.0,0.0,0.0,0.0,74.38,0.0,1.29,0.0,0.0,0.0,0.0,0.0,2026-09-28,2026-09-28,2026-09-28 14:23:46
BON,A1 CAPİTAL PORTFÖY BORÇLANMA ARAÇLARI FONU,Borçlanma Araçları,RETAIL_CANDIDATE,,True,2026-09-28,1.4643,-0.4448,0.6715,-1.1163,1.5163,8.0967,-6.5804,12.1873,23.2449,,3.9657,-1.4763,-0.9421,68668847.73,435.0,239,2.71,0.0,0.0,0.0,0.0,0.0,88.78,0.0,0.0,0.0,0.0,0.0,0.0,0.0,2026-09-28,2026-09-28,2026-09-28 14:23:46
BRF,DENİZ PORTFÖY BİRİNCİ FON SEPETİ FONU,Fon Sepeti,RETAIL_CANDIDATE,,True,2026-09-28,1.6251,0.9444,-2.4661,3.4104,-0.703,7.2651,-7.9681,3.2334,23.4989,41.2702,16.994,-5.9134,-2.2804,84232295.47,1061.0,320,0.0,0.0,0.0,66.22,0.0,0.0,0.0,0.0,24.05,0.0,0.0,0.0,0.0,0.0,2026-09-28,2026-09-28,2026-09-28 14:23:46
BRR,AK PORTFÖY İKİNCİ KISA VADELİ BORÇLANMA ARAÇLARI (TL) FONU,Borçlanma Araçları,RETAIL_CANDIDATE,,True,2026-09-28,1.7308,0.7197,0.49,0.2296,2.6021,3.731,-1.1289,9.9187,22.4891,47.7773,1.6952,-0.0764,0.0,2628322384.57,1032.0,329,0.0,0.0,0.0,0.0,0.0,0.0,66.73,4.15,0.0,0.0,0.0,0.0,10.66,0.0,2026-09-28,2026-09-28,2026-09-28 14:23:46
BTE,BV PORTFÖY OYUN VE TEKNOLOJİ DEĞİŞKEN FON,Teknoloji,RETAIL_CANDIDATE,,True,2026-09-28,5.1932,1.6947,-1.9376,3.6323,-1.3371,8.7091,-10.0463,6.4707,44.3159,38.679,14.4777,-3.7163,-1.3511,151784910.43,871.0,329,12.25,66.06,0.0,0.0,0.0,0.0,0.0,1.28,15.57,0.0,0.0,0.0,0.0,0.0,2026-09-28,2026-09-28,2026-09-28 14:23:46
BTK,BV PORTFÖY TEKNOLOJİ KATILIM FONU,Teknoloji,RETAIL_CANDIDATE,,True,2026-09-28,1.7819,4.1359,-0.6744,4.8103,4.2311,9.4747,-5.2436,9.3153,60.2375,,19.0206,-8.9589,-0.1108,308367160.53,1829.0,243,12.74,66.54,0.0,0.0,0.0,0.0,0.0,0.0,12.52,0.0,0.0,0.0,0.0,0.0,2026-09-28,2026-09-28,2026-09-28 14:23:46
BTZ,ATLAS PORTFÖY BIST 30 DIŞI ŞİRKETLER HİSSE SENEDİ FONU (HİSSE SENEDİ YOĞUN FON),Hisse Senedi,RETAIL_CANDIDATE,,True,2026-09-28,1.15,-1.0102,-6.8731,5.8629,-9.9375,5.8163,-15.7537,-8.9368,-2.7702,4.3347,21.7496,-10.1014,-9.9375,6902813.3,180.0,329,86.73,0.0,0.0,0.0,0.0,0.0,0.0,0.0,4.49,0.0,0.0,0.0,0.0,0.0,2026-09-28,2026-09-28,2026-09-28 14:23:46
BUB,BULLS PORTFÖY BİRİNCİ FON SEPETİ FONU,Fon Sepeti,RETAIL_CANDIDATE,,True,2026-09-28,1.3007,0.4893,-2.2199,2.7092,-2.2671,10.4978,-12.7649,18.3073,,,14.7625,-4.5193,-2.2671,69576168.49,1795.0,122,0.0,0.0,0.0,0.0,0.0,0.0,0.0,0.0,99.91,0.0,0.0,0.0,0.0,0.0,2026-09-28,2026-09-28,2026-09-28 14:23:46
BUY,AK PORTFÖY BÜYÜYEN ŞİRKETLER HİSSE SENEDİ (TL) FONU (HİSSE SENEDİ YOĞUN FON),Hisse Senedi,RETAIL_CANDIDATE,,True,2026-09-28,1.5911,2.087,-9.3681,11.4551,-12.4961,8.776,-21.272,-8.3361,-4.7229,9.0743,29.8327,-14.5038,-12.4961,288634435.24,15830.0,329,83.36,0.0,0.0,0.0,0.0,0.0,0.0,0.0,1.11,0.0,0.0,0.0,13.87,0.0,2026-09-28,2026-09-28,2026-09-28 14:23:46
BV1,BV PORTFÖY BİRİNCİ HİSSE SENEDİ (TL) FON (HİSSE SENEDİ YOĞUN FON),Hisse Senedi,RETAIL_CANDIDATE,,True,2026-09-28,1.5779,-0.2259,-8.0665,7.8406,-9.6226,12.2577,-21.8803,0.5422,9.5839,37.7224,28.6604,-11.0683,-9.6226,51416389.5,354.0,329,93.32,0.0,0.0,0.0,0.0,0.0,0.0,2.17,2.66,0.0,0.0,0.0,0.0,0.0,2026-09-28,2026-09-28,2026-09-28 14:23:46
BVD,BV PORTFÖY BİRİNCİ DEĞİŞKEN FON,Değişken,RETAIL_CANDIDATE,,True,2026-09-28,1.4033,1.3633,-0.7311,2.0943,-1.7392,5.9633,-7.7026,8.0888,20.1513,,11.9845,-4.7844,-1.7392,80827942.04,202.0,178,20.53,0.0,0.0,0.0,0.0,0.0,0.0,27.28,25.98,0.0,0.0,0.0,0.0,0.0,2026-09-28,2026-09-28,2026-09-28 14:23:46
BVV,BV PORTFÖY TEKNOLOJİ DEĞİŞKEN FON,Teknoloji,RETAIL_CANDIDATE,,True,2026-09-28,3.718,5.6032,-1.144,6.7472,4.4832,6.8335,-2.3503,4.6753,53.7191,76.4442,21.1902,-9.3071,0.0,95192922.38,914.0,329,16.54,54.61,0.0,0.69,0.0,0.0,0.0,2.91,18.67,0.0,0.0,0.0,0.0,0.0,2026-09-28,2026-09-28,2026-09-28 14:23:46
CKF,ALBARAKA PORTFÖY ÇOKLU VARLIK KATILIM FONU,Katılım,RETAIL_CANDIDATE,,True,2026-09-28,2.1709,1.5172,-1.868,3.3852,-0.152,8.6194,-8.7714,7.6057,32.9736,54.0586,15.0336,-3.9783,-0.7475,682768756.18,2683.0,329,31.64,40.71,0.0,0.0,2.77,0.0,0.0,0.0,7.31,4.97,0.0,0.0,0.0,0.0,2026-09-28,2026-09-28,2026-09-28 14:23:46
CKL,YAPI KREDİ PORTFÖY ÇOKLU VARLIK DEĞİŞKEN FON,Değişken,RETAIL_CANDIDATE,,True,2026-09-28,1.6375,0.3594,0.5385,-0.1791,1.287,12.7715,-11.4845,13.8111,29.773,49.8713,14.0771,-4.1635,-1.8485,927326204.95,1325.0,312,19.77,18.38,0.0,6.48,0.0,0.0,22.0,0.0,0.0,0.0,0.0,0.0,26.08,0.0,2026-09-28,2026-09-28,2026-09-28 14:23:46
CPT,ROTA PORTFÖY ÇİP TEKNOLOJİLERİ DEĞİŞKEN FON,Teknoloji,RETAIL_CANDIDATE,,True,2026-09-28,3.9037,4.818,-3.0978,7.9158,3.0724,3.4664,-0.394,-2.3809,45.031,100.7061,27.4507,-12.6381,-2.9501,729189355.34,11512.0,329,21.29,62.75,0.0,0.0,0.0,0.0,0.0,0.0,1.63,0.0,0.0,0.0,0.0,0.0,2026-09-28,2026-09-28,2026-09-28 14:23:46
CPU,AKTİF PORTFÖY TEKNOLOJİ KATILIM FONU,Teknoloji,RETAIL_CANDIDATE,,True,2026-09-28,3.9548,2.9208,-2.9767,5.8975,0.0198,8.5027,-8.4829,4.1772,47.0202,79.5491,18.6545,-6.8878,-0.5682,1140049417.3,16001.0,329,16.45,70.45,0.0,0.0,0.0,0.0,0.0,0.0,13.1,0.0,0.0,0.0,0.0,0.0,2026-09-28,2026-09-28,2026-09-28 14:23:46
CVK,INVEO PORTFÖY ÇOKLU VARLIK KATILIM FONU,Katılım,RETAIL_CANDIDATE,,True,2026-09-28,5.2963,0.5881,0.5689,0.0193,1.9605,4.4827,-2.5222,9.2588,18.4484,39.4445,2.9674,-0.6635,0.0,163850641.54,1707.0,329,0.0,0.0,0.0,0.0,0.0,0.0,0.0,0.0,9.73,0.0,0.0,0.0,0.0,0.0,2026-09-28,2026-09-28,2026-09-28 14:23:46
CVL,A1 CAPİTAL PORTFÖY ÇOKLU VARLIK KATILIM FONU,Katılım,RETAIL_CANDIDATE,,True,2026-09-28,1.5698,-0.1166,-2.973,2.8563,-1.9592,22.7482,-24.7073,20.5805,37.2203,,8.8721,-3.4604,-3.1057,133182539.21,1914.0,222,63.58,0.0,0.0,0.0,0.0,0.0,0.0,0.0,19.45,9.85,0.0,0.0,0.0,0.0,2026-09-28,2026-09-28,2026-09-28 14:23:46
DAH,DENİZ PORTFÖY HİSSE SENEDİ FONU (HİSSE SENEDİ YOĞUN FON),Hisse Senedi,RETAIL_CANDIDATE,,True,2026-09-28,3.4491,-0.4472,-8.8081,8.3609,-7.6211,7.9114,-15.5325,-2.846,2.6016,16.0705,39.7803,-12.3278,-9.2158,521512644.68,2436.0,329,87.73,0.0,0.0,0.0,0.0,0.0,0.0,0.0,0.0,0.0,0.0,0.0,0.0,0.0,2026-09-28,2026-09-28,2026-09-28 14:23:46
DBA,DENİZ PORTFÖY ALTIN FONU,Altın,RETAIL_CANDIDATE,,True,2026-09-28,0.743,-1.6981,1.1838,-2.8819,-5.143,14.0456,-19.1886,9.5428,2.9095,30.1183,19.5163,-6.4728,-5.8834,9542436961.68,24619.0,329,0.77,0.0,0.0,0.04,33.31,0.0,0.01,0.0,0.74,0.0,0.0,0.0,0.0,0.0,2026-09-28,2026-09-28,2026-09-28 14:23:46
DBB,DENİZ PORTFÖY BORÇLANMA ARAÇLARI FONU,Borçlanma Araçları,RETAIL_CANDIDATE,,True,2026-09-28,0.1169,0.6266,-0.3371,0.9638,1.4977,4.6378,-3.1401,6.8866,18.956,35.4937,3.9728,-0.9166,-0.1486,313065256.47,1988.0,329,0.0,0.0,0.0,0.0,0.0,0.0,86.26,7.42,0.0,0.0,0.0,0.0,1.97,0.0,2026-09-28,2026-09-28,2026-09-28 14:23:46
DBH,DENİZ PORTFÖY EUROBOND (DÖVİZ) BORÇLANMA ARAÇLARI FONU,Eurobond,RETAIL_CANDIDATE,,True,2026-09-28,0.3879,0.0382,-0.0315,0.0696,0.5232,2.906,-2.3828,4.549,14.3717,22.5812,2.4469,-0.4095,-0.3734,939806696.99,8175.0,329,0.0,0.0,0.0,0.0,0.0,0.0,0.0,0.0,0.66,0.0,0.0,0.0,0.0,0.0,2026-09-28,2026-09-28,2026-09-28 14:23:46
DBK,DENİZ PORTFÖY KISA VADELİ BORÇLANMA ARAÇLARI (TL) FONU,Borçlanma Araçları,RETAIL_CANDIDATE,,True,2026-09-28,0.1256,0.6815,0.6033,0.0782,2.6718,3.0152,-0.3433,9.1183,21.0314,45.446,1.1965,0.0,0.0,1095602910.12,85079.0,329,0.0,0.0,0.0,0.0,0.0,0.0,26.17,30.33,0.0,0.0,0.0,0.0,6.39,0.0,2026-09-28,2026-09-28,2026-09-28 14:23:46
DBP,DENİZ PORTFÖY BİRİNCİ DEĞİŞKEN FON,Değişken,RETAIL_CANDIDATE,,True,2026-09-28,0.5052,0.2154,-1.4108,1.6263,-0.5848,3.8236,-4.4085,4.1875,15.4701,35.6406,6.1846,-1.8952,-1.2321,161813264.78,1020.0,329,11.64,0.0,0.0,0.0,0.0,0.0,5.96,7.23,7.32,1.2,0.0,0.0,64.92,0.0,2026-09-28,2026-09-28,2026-09-28 14:23:46
DEH,DESTEK PORTFÖY HİSSE SENEDİ FONU (HİSSE SENEDİ YOĞUN FON),Hisse Senedi,RETAIL_CANDIDATE,,True,2026-09-28,0.9179,-0.2647,-7.6454,7.3807,-9.4077,,,,,,23.0197,-10.1213,-9.4077,15023242.88,122.0,26,85.43,0.0,0.0,0.0,0.0,0.0,0.0,0.0,0.0,0.0,0.0,0.0,6.63,0.0,2026-09-28,2026-09-28,2026-09-28 14:23:46
DFC,DENİZ PORTFÖY TARIM VE GIDA DEĞİŞKEN FON,Değişken,RETAIL_CANDIDATE,,True,2026-09-28,3.1355,-1.5236,-2.7077,1.1841,-2.6584,2.3501,-5.0084,0.1168,6.7158,26.1444,9.3716,-5.2149,-5.2149,106453705.02,1458.0,329,16.75,62.7,0.0,0.0,0.0,0.0,0.0,0.0,0.0,0.0,0.0,0.0,17.79,0.0,2026-09-28,2026-09-28,2026-09-28 14:23:46
DGF,A1 CAPİTAL PORTFÖY DEĞİŞKEN FON,Değişken,RETAIL_CANDIDATE,,True,2026-09-28,1.5559,-0.581,1.8862,-2.4672,2.9232,13.9977,-11.0744,21.1636,29.5711,,4.0754,-2.8175,-1.034,49492764.73,495.0,222,3.54,0.0,0.0,0.0,0.0,0.0,0.0,0.0,28.06,0.0,0.0,0.0,0.0,0.0,2026-09-28,2026-09-28,2026-09-28 14:23:46
DHJ,DENİZ PORTFÖY TEKNOLOJİ ŞİRKETLERİ HİSSE SENEDİ FONU (HİSSE SENEDİ YOĞUN FON),Teknoloji,RETAIL_CANDIDATE,,True,2026-09-28,5.9243,-2.8618,-12.8949,10.033,-18.4617,9.6197,-28.0814,-18.6982,-7.107,0.0132,30.0886,-20.7613,-19.5359,177419660.58,2784.0,329,81.79,0.0,0.0,0.0,0.0,0.0,0.0,0.0,0.0,0.0,0.0,0.0,13.63,0.0,2026-09-28,2026-09-28,2026-09-28 14:23:46
DHM,DENİZ PORTFÖY ESG-SÜRDÜRÜLEBİLİRLİK FON SEPETİ FONU,Fon Sepeti,RETAIL_CANDIDATE,,True,2026-09-28,5.3056,0.4697,-2.5746,3.0443,-1.5539,4.942,-6.4959,1.4086,12.865,24.5497,16.4845,-4.2485,-2.5103,23799668.55,1009.0,329,1.02,62.25,0.0,0.0,0.0,0.0,0.0,0.0,30.81,0.0,0.0,0.0,0.0,0.0,2026-09-28,2026-09-28,2026-09-28 14:23:46
DHT,DENİZ PORTFÖY HAVACILIK VE SAVUNMA TEKNOLOJİLERİ DEĞİŞKEN FON,Teknoloji,RETAIL_CANDIDATE,,True,2026-09-28,1.1426,1.0131,-1.1868,2.1999,-3.6257,5.1393,-8.765,-0.943,10.0061,,12.9825,-8.5313,-6.9584,45252904.46,686.0,185,16.64,51.66,0.0,14.39,0.0,0.0,0.0,0.0,8.94,0.0,0.0,0.0,0.0,0.0,2026-09-28,2026-09-28,2026-09-28 14:23:46
DID,DENİZ PORTFÖY İKİNCİ DEĞİŞKEN FON,Değişken,RETAIL_CANDIDATE,,True,2026-09-28,1.4842,0.5378,-1.0168,1.5546,0.3365,3.3687,-3.0323,5.1873,15.0266,30.281,11.1416,-2.5838,-0.7193,27557484.14,150.0,329,13.12,30.96,0.0,5.71,0.0,0.0,0.0,0.0,6.22,0.0,0.0,0.0,0.0,0.0,2026-09-28,2026-09-28,2026-09-28 14:23:46
DKH,DENİZ PORTFÖY KATILIM HİSSE SENEDİ (TL) FONU (HİSSE SENEDİ YOĞUN FON),Hisse Senedi,RETAIL_CANDIDATE,,True,2026-09-28,3.6324,0.2485,-6.6205,6.869,-6.8511,8.2606,-15.1117,-0.8759,12.3787,21.5402,27.8347,-9.0259,-6.8511,83154314.39,1328.0,329,93.77,0.0,0.0,0.0,0.0,0.0,0.0,0.0,0.0,0.0,0.0,0.0,0.0,0.0,2026-09-28,2026-09-28,2026-09-28 14:23:46
DLD,DENİZ PORTFÖY SÜRDÜRÜLEBİLİRLİK HİSSE SENEDİ FONU (HİSSE SENEDİ YOĞUN FON),Hisse Senedi,RETAIL_CANDIDATE,,True,2026-09-28,7.6289,0.1705,-3.7159,3.8864,-2.3503,5.2127,-7.5629,3.3557,16.5242,24.9727,31.1318,-7.9567,-3.5517,61505523.22,561.0,329,98.3,0.0,0.0,0.0,0.0,0.0,0.0,0.0,0.0,0.0,0.0,0.0,0.0,0.0,2026-09-28,2026-09-28,2026-09-28 14:23:46
DMG,DENİZ PORTFÖY GÜMÜŞ FON SEPETİ FONU,Gümüş,RETAIL_CANDIDATE,,True,2026-09-28,6.8489,-2.9709,2.8199,-5.7908,-6.7103,21.9016,-28.6119,9.6279,1.239,65.5087,26.426,-8.9465,-6.7103,2854359174.01,14357.0,329,0.0,12.98,0.0,54.87,4.36,0.0,0.0,0.0,4.57,0.0,0.0,0.0,0.0,0.0,2026-09-28,2026-09-28,2026-09-28 14:23:46
DNF,A1 CAPİTAL PORTFÖY DİNAMİK FON SEPETİ FONU,Fon Sepeti,RETAIL_CANDIDATE,,True,2026-09-28,1.3992,0.0614,0.6566,-0.5953,2.1995,10.574,-8.3745,13.2702,28.1504,,1.419,-2.3379,-0.0736,244602651.9,185.0,206,0.75,0.0,0.0,0.0,0.0,0.0,0.0,0.0,99.18,0.0,0.0,0.0,0.0,0.0,2026-09-28,2026-09-28,2026-09-28 14:23:46
DPK,DENİZ PORTFÖY KİRA SERTİFİKALARI KATILIM (TL) FONU,Katılım,RETAIL_CANDIDATE,,True,2026-09-28,8.9452,0.4944,0.7524,-0.2579,2.5873,2.9885,-0.4011,8.9039,19.2703,42.2619,1.6293,-0.0827,0.0,886412843.61,1362.0,329,0.0,0.0,0.0,0.0,0.0,0.0,0.0,0.0,0.0,0.0,0.0,0.0,0.0,0.0,2026-09-28,2026-09-28,2026-09-28 14:23:46
DPT,DENİZ PORTFÖY BİST TEMETTÜ 25 ENDEKSİ HİSSE SENEDİ FONU ( HİSSE SENEDİ YOĞUN FON ),Hisse Senedi,RETAIL_CANDIDATE,,True,2026-09-28,18.2476,0.0261,-3.1677,3.1938,-0.4283,7.3344,-7.7627,7.4391,14.3989,33.0332,28.266,-6.8987,-3.1425,313120902.12,4894.0,329,96.68,0.0,0.0,0.0,0.0,0.0,0.0,0.0,1.15,0.0,0.0,0.0,0.0,0.0,2026-09-28,2026-09-28,2026-09-28 14:23:46
DRT,DENİZ PORTFÖY ROBOTİK TEKNOLOJİLERİ DEĞİŞKEN FON,Teknoloji,RETAIL_CANDIDATE,,True,2026-09-28,1.2084,1.5815,-3.898,5.4796,-3.497,6.5086,-10.0057,0.4205,24.7223,,17.8637,-4.9995,-3.497,26576878.03,466.0,150,19.33,37.83,0.0,40.39,0.0,0.0,0.0,0.0,0.0,0.0,0.0,0.0,0.0,0.0,2026-09-28,2026-09-28,2026-09-28 14:23:46
DSP,DENİZ PORTFÖY DENGELİ FON SEPETİ FONU,Fon Sepeti,RETAIL_CANDIDATE,,True,2026-09-28,14.9561,-0.1355,-0.4852,0.3497,-0.7087,4.7879,-5.4966,5.137,15.8471,33.5541,8.5557,-2.1859,-0.74,142394310.57,1161.0,329,0.0,0.0,0.0,0.0,0.0,0.0,0.0,0.0,83.51,0.0,0.0,0.0,0.0,0.0,2026-09-28,2026-09-28,2026-09-28 14:23:46
DTH,EMAA BLUE PORTFÖY DÖNÜŞÜM TEKNOLOJİLERİ HİSSE SENEDİ (TL) FONU (HİSSE SENEDİ YOĞUN FON),Teknoloji,RETAIL_CANDIDATE,,True,2026-09-28,1.206,0.0629,-11.5676,11.6305,-14.115,6.1823,-20.2973,-12.1286,7.2804,,29.0835,-15.203,-14.115,192134539.39,167.0,200,83.76,0.0,0.0,0.0,0.0,0.0,0.0,1.01,13.31,0.0,0.0,0.0,1.56,0.0,2026-09-28,2026-09-28,2026-09-28 14:23:46
DTL,DENİZ PORTFÖY BIST 100 DIŞI ŞİRKETLER HİSSE SENEDİ (TL) FONU (HİSSE SENEDİ YOĞUN FON),Hisse Senedi,RETAIL_CANDIDATE,,True,2026-09-28,3.7562,0.0094,-8.8601,8.8695,-11.3467,4.6655,-16.0122,-8.6528,3.867,10.8927,26.5649,-12.5082,-11.4702,136387147.8,2739.0,329,96.22,0.0,0.0,0.0,0.0,0.0,0.0,0.0,0.0,0.0,0.0,0.0,0.0,0.0,2026-09-28,2026-09-28,2026-09-28 14:23:46
DTM,DENİZ PORTFÖY TEMETTÜ ÖDEYEN ŞİRKETLER DEĞİŞKEN FON,Değişken,RETAIL_CANDIDATE,,True,2026-09-28,1.4754,0.0737,-2.2315,2.3052,-0.1727,5.3985,-5.5712,6.2474,14.8482,33.2341,19.0511,-4.5762,-2.1594,57821619.89,2233.0,326,59.7,37.61,0.0,0.0,0.0,0.0,0.0,0.0,0.0,0.0,0.0,0.0,0.0,0.0,2026-09-28,2026-09-28,2026-09-28 14:23:46
DTZ,AK PORTFÖY ROBOTİK TEKNOLOJİLER DEĞİŞKEN FON,Teknoloji,RETAIL_CANDIDATE,,True,2026-09-28,5.2636,1.2008,-3.758,4.9588,-3.9847,7.7467,-11.7314,4.8234,33.4308,30.6986,16.2429,-8.5069,-7.3522,524555523.57,7852.0,329,22.17,68.57,0.0,0.0,0.0,0.0,0.0,0.0,7.09,0.0,0.0,0.0,2.13,0.0,2026-09-28,2026-09-28,2026-09-28 14:23:46
DUV,DENİZ PORTFÖY UZUN VADELİ BORÇLANMA ARAÇLARI FONU,Borçlanma Araçları,RETAIL_CANDIDATE,,True,2026-09-28,1.3298,0.0739,-1.3548,1.4287,-0.1536,5.2408,-5.3945,3.3153,15.2571,21.7795,5.9243,-2.7996,-1.3644,55606413.02,189.0,329,0.0,0.0,0.0,0.0,0.0,0.0,97.2,0.0,0.0,0.0,0.0,0.0,1.8,0.0,2026-09-28,2026-09-28,2026-09-28 14:23:46
DVT,DENİZ PORTFÖY METAVERSE VE DİJİTAL YAŞAM TEKNOLOJİLERİ DEĞİŞKEN FON,Teknoloji,RETAIL_CANDIDATE,,True,2026-09-28,10.0909,2.2741,-2.1783,4.4524,0.5765,8.7743,-8.1978,4.3268,45.5576,58.3298,15.6983,-6.1977,0.0,870700984.08,10137.0,329,13.7,60.66,0.0,5.65,0.0,0.0,0.0,0.0,2.78,0.0,0.0,0.0,8.1,0.0,2026-09-28,2026-09-28,2026-09-28 14:23:46
DXP,DENİZ PORTFÖY İHRACATÇI ŞİRKETLER HİSSE SENEDİ FONU (HİSSE SENEDİ YOĞUN FON),Hisse Senedi,RETAIL_CANDIDATE,,True,2026-09-28,1.8008,0.1506,-6.8538,7.0044,-7.8027,9.3808,-17.1835,1.1572,8.758,16.777,28.4809,-9.9643,-7.8027,46087374.04,978.0,329,95.04,0.0,0.0,0.0,0.0,0.0,0.0,0.0,0.0,0.0,0.0,0.0,0.0,0.0,2026-09-28,2026-09-28,2026-09-28 14:23:46
DYN,DENİZ PORTFÖY ELEKTRİKLİ VE OTONOM ARAÇ TEKNOLOJİLERİ DEĞİŞKEN FON,Teknoloji,RETAIL_CANDIDATE,,True,2026-09-28,4.4533,0.4398,-2.9587,3.3985,-1.8653,2.9008,-4.7661,-3.8285,17.7677,29.9663,14.2213,-6.1412,-3.8285,55356884.22,1543.0,329,11.18,53.92,0.0,12.63,0.0,0.0,0.0,0.0,0.0,0.0,0.0,0.0,18.06,0.0,2026-09-28,2026-09-28,2026-09-28 14:23:46
DZE,DENİZ PORTFÖY BIST 100 ENDEKSİ HİSSE SENEDİ FONU(HİSSE SENEDİ YOĞUN FON),Hisse Senedi,RETAIL_CANDIDATE,,True,2026-09-28,0.9405,-1.4224,-6.8975,5.475,-8.4044,7.8671,-16.2715,-5.1303,2.6857,15.5132,29.1604,-9.0281,-8.4536,182684725.4,2763.0,329,92.82,0.0,0.0,0.0,0.0,0.0,0.0,0.0,1.32,0.0,0.0,0.0,0.0,0.0,2026-09-28,2026-09-28,2026-09-28 14:23:46
EBD,GLOBAL MD PORTFÖY İKİNCİ DEĞİŞKEN FON,Değişken,RETAIL_CANDIDATE,,True,2026-09-28,0.2678,1.0943,-1.1474,2.2416,2.5713,0.9086,1.6627,-0.7055,31.5055,60.1354,11.4191,-5.3768,-1.2776,75253731.58,517.0,329,0.0,85.29,0.0,0.0,0.0,0.0,0.0,0.0,0.0,0.0,0.0,0.0,0.0,0.0,2026-09-28,2026-09-28,2026-09-28 14:23:46
EC2,GLOBAL MD PORTFÖY BİRİNCİ HİSSE SENEDİ FONU(HİSSE SENEDİ YOĞUN FON),Hisse Senedi,RETAIL_CANDIDATE,,True,2026-09-28,82.0172,0.4376,-7.4188,7.8564,-5.8311,8.0838,-13.915,-5.63,0.5197,-0.4137,26.722,-8.6432,-7.0136,48628405.79,1587.0,329,89.9,0.0,0.0,0.0,0.0,0.0,0.0,0.0,6.9,0.0,0.0,0.0,0.0,0.0,2026-09-28,2026-09-28,2026-09-28 14:23:46
ECA,GLOBAL MD PORTFÖY BİRİNCİ DEĞİŞKEN FON,Değişken,RETAIL_CANDIDATE,,True,2026-09-28,2.0701,1.2095,-2.7099,3.9195,0.005,8.5576,-8.5526,9.5677,32.2157,66.8542,23.4309,-6.7877,-2.5762,300182542.87,824.0,329,66.11,22.44,0.0,0.0,0.0,0.0,0.0,0.0,0.0,0.0,0.0,0.0,0.0,0.0,2026-09-28,2026-09-28,2026-09-28 14:23:46
ECV,GLOBAL MD PORTFÖY KISA VADELİ BORÇLANMA ARAÇLARI (TL) FONU,Borçlanma Araçları,RETAIL_CANDIDATE,,True,2026-09-28,0.5064,0.6764,0.5072,0.1692,2.5331,3.0997,-0.5666,8.7784,20.2124,42.6951,1.0062,0.0,0.0,140865607.79,2409.0,329,0.0,0.0,0.0,0.0,0.0,0.0,48.37,4.76,0.0,0.0,0.0,0.0,0.0,0.0,2026-09-28,2026-09-28,2026-09-28 14:23:46
EDN,EMAA BLUE PORTFÖY DENGELİ DEĞİŞKEN FON,Değişken,RETAIL_CANDIDATE,,True,2026-09-28,1.0623,0.4821,-0.1528,0.635,1.3972,4.9327,-3.5356,6.2662,,,4.8068,-1.1513,-0.2038,285117168.77,25.0,66,13.17,0.0,0.0,0.0,0.0,0.0,22.21,1.9,8.47,0.0,0.0,0.0,31.33,0.0,2026-09-28,2026-09-28,2026-09-28 14:23:46
EDU,İŞ PORTFÖY TEV EĞİTİME DESTEK DEĞİŞKEN FON,Değişken,RETAIL_CANDIDATE,,True,2026-09-28,3.7182,0.6998,0.5595,0.1403,2.1117,3.4206,-1.3088,6.2778,17.505,41.9353,1.7689,-0.5778,0.0,376199482.33,672.0,329,0.0,1.49,0.0,7.33,0.0,0.0,0.0,0.0,1.04,0.0,0.0,0.0,84.96,0.0,2026-09-28,2026-09-28,2026-09-28 14:23:46
EGR,EMAA BLUE PORTFÖY AGRESİF DEĞİŞKEN FON,Değişken,RETAIL_CANDIDATE,,True,2026-09-28,1.031,0.068,-2.5136,2.5816,-2.366,8.0606,-10.4266,4.4343,,,18.7383,-4.9274,-2.5689,270094500.3,82.0,68,53.78,2.91,0.0,0.0,0.0,0.0,10.26,0.88,6.03,0.0,0.0,0.0,2.58,0.0,2026-09-28,2026-09-28,2026-09-28 14:23:46
EIB,ASTRA PORTFÖY DEĞİŞKEN FON,Değişken,RETAIL_CANDIDATE,,True,2026-09-28,0.6918,-1.002,1.0572,-2.0592,0.2308,3.0881,-2.8573,5.702,22.9563,44.3184,5.2417,-1.556,-1.002,299382236.09,432.0,329,0.0,0.0,0.0,0.0,0.0,0.0,0.45,10.54,17.83,0.0,0.0,0.0,43.53,0.0,2026-09-28,2026-09-28,2026-09-28 14:23:46
EID,ASTRA PORTFÖY HİSSE SENEDİ FONU (HİSSE YOĞUN FON),Hisse Senedi,RETAIL_CANDIDATE,,True,2026-09-28,1.8372,-1.8808,-6.6049,4.7241,-7.9307,8.1642,-16.0949,-5.8493,6.9889,15.247,33.0211,-10.4056,-8.8684,78125231.22,1608.0,329,91.28,0.0,0.0,0.0,0.0,0.0,0.0,0.0,2.85,0.0,0.0,0.0,0.0,0.0,2026-09-28,2026-09-28,2026-09-28 14:23:46
EKF,ASTRA PORTFÖY KİRA SERTİFİKASI KATILIM (TL) FONU,Katılım,RETAIL_CANDIDATE,,True,2026-09-28,0.142,0.4123,0.8516,-0.4393,2.8036,3.0788,-0.2752,5.2796,17.8877,43.0739,1.5828,-3.8616,0.0,990853677.0,4327.0,329,0.73,0.0,0.0,0.0,0.0,0.0,0.0,0.0,0.0,0.0,0.0,0.0,0.0,0.0,2026-09-28,2026-09-28,2026-09-28 14:23:46
ELZ,ASTRA PORTFÖY KATILIM HİSSE SENEDİ FONU (HİSSE SENEDİ YOĞUN FON),Hisse Senedi,RETAIL_CANDIDATE,,True,2026-09-28,12.8866,-3.284,-4.9702,1.6862,-8.7592,6.5947,-15.3539,-6.0564,2.423,12.9391,28.4394,-9.1658,-8.7592,225601747.15,636.0,329,92.64,0.0,0.0,0.0,0.0,0.0,0.0,0.0,1.76,0.0,0.0,0.0,0.0,0.0,2026-09-28,2026-09-28,2026-09-28 14:23:46
EML,AK PORTFÖY EMLAK SEKTÖRÜ DEĞİŞKEN FON,Değişken,RETAIL_CANDIDATE,,True,2026-09-28,1.2004,-0.0432,-2.8922,2.849,-5.2811,2.9919,-8.273,-1.7638,11.5942,,9.8463,-5.8136,-5.8037,38924637.26,896.0,199,31.66,65.41,0.0,0.0,0.0,0.0,0.0,0.0,0.0,0.0,0.0,0.0,2.59,0.0,2026-09-28,2026-09-28,2026-09-28 14:23:46
ENJ,AKTİF PORTFÖY ENERJİ ŞİRKETLERİ HİSSE SENEDİ (TL) FONU (HİSSE SENEDİ YOĞUN FON),Enerji,RETAIL_CANDIDATE,,True,2026-09-28,1.2485,-1.0532,-10.677,9.6237,-12.5593,4.567,-17.1263,-10.1295,1.0108,13.3102,28.7701,-15.6609,-14.0949,59577008.14,568.0,329,89.78,0.0,0.0,0.0,0.0,0.0,0.0,0.0,10.15,0.0,0.0,0.0,0.0,0.0,2026-09-28,2026-09-28,2026-09-28 14:23:46
EPI,EMAA BLUE PORTFÖY İNŞAAT SEKTÖRÜ KATILIM FONU,Katılım,RETAIL_CANDIDATE,,True,2026-09-28,1.0556,0.5141,-6.8617,7.3758,-8.9423,6.2865,-15.2288,-9.1663,-0.3528,,22.0124,-9.8274,-9.3638,264462579.34,287.0,211,66.66,0.0,0.0,12.62,0.0,0.0,0.0,0.0,0.0,0.0,0.0,0.0,0.0,0.0,2026-09-28,2026-09-28,2026-09-28 14:23:46
EPK,EMAA BLUE PORTFÖY KIYMETLİ MADENLER KATILIM FON SEPETİ FONU,Kıymetli Madenler,RETAIL_CANDIDATE,,True,2026-09-28,1.3506,-2.0512,1.2202,-3.2714,-5.6263,16.2762,-21.9025,7.1106,0.1722,,21.2625,-7.0771,-6.1372,212701860.86,1243.0,225,0.0,0.0,0.0,43.61,0.0,0.0,0.0,0.0,5.05,42.87,0.0,0.0,0.0,0.0,2026-09-28,2026-09-28,2026-09-28 14:23:46
ETN,EMAA BLUE PORTFÖY TEMKİNLİ DEĞİŞKEN FON,Değişken,RETAIL_CANDIDATE,,True,2026-09-28,1.037,0.6681,0.5776,0.0905,2.5637,,,,,,1.1019,0.0,0.0,231061049.26,14.0,27,0.0,0.0,0.0,0.0,0.0,0.0,28.38,0.0,4.41,0.0,0.0,0.0,42.9,0.0,2026-09-28,2026-09-28,2026-09-28 14:23:46
EVL,EMAA BLUE PORTFÖY ÇOKLU VARLIK KATILIM FONU,Katılım,RETAIL_CANDIDATE,,True,2026-09-28,1.0071,0.3728,,,,,,,,,,0.0,0.0,60394018.97,18.0,7,0.0,0.0,0.0,0.0,0.0,0.0,0.0,0.0,4.82,0.0,0.0,0.0,0.0,0.0,2026-09-28,2026-09-28,2026-09-28 14:23:46
EVM,DENİZ PORTFÖY ENERJİ VE MADENCİLİK SEKTÖRÜ DEĞİŞKEN FON,Enerji,RETAIL_CANDIDATE,,True,2026-09-28,1.135,-1.2225,-2.6355,1.413,-3.7641,10.2283,-13.9924,7.7245,12.3876,,13.5092,-5.2849,-5.2849,57387155.36,587.0,163,13.27,39.26,0.0,29.55,0.0,0.0,0.0,0.0,7.7,0.0,0.0,0.0,0.0,0.0,2026-09-28,2026-09-28,2026-09-28 14:23:46
EYT,AKTİF PORTFÖY İKİNCİ FON SEPETİ FONU,Fon Sepeti,RETAIL_CANDIDATE,,True,2026-09-28,3.0593,0.4148,-1.2094,1.6242,-1.2024,7.4718,-8.6742,5.2117,15.0211,44.0284,10.6452,-2.7865,-1.2942,33971195.35,395.0,329,0.0,0.0,0.0,0.0,0.0,0.0,0.0,0.0,75.12,4.48,0.0,0.0,0.0,0.0,2026-09-28,2026-09-28,2026-09-28 14:23:46
FAK,FONMAP PORTFÖY ALTIN KATILIM FONU,Altın,RETAIL_CANDIDATE,,True,2026-09-28,1.2788,-1.6887,0.4212,-2.1099,-4.8397,12.4867,-17.3264,3.0254,-7.4675,19.4076,19.3986,-8.1732,-7.5225,16428879.41,291.0,269,100.0,0.0,0.0,0.0,0.0,0.0,0.0,0.0,0.0,0.0,0.0,0.0,0.0,0.0,2026-09-28,2026-09-28,2026-09-28 14:23:46
FAL,ONE PORTFÖY ALTIN FONU,Altın,RETAIL_CANDIDATE,,True,2026-09-28,1.233,-1.5979,0.6403,-2.2382,-5.5977,14.2737,-19.8714,8.1105,2.1967,,17.5185,-7.1138,-6.6739,296838371.04,495.0,227,0.0,0.0,0.0,0.0,38.27,0.0,0.0,0.0,12.32,18.41,0.0,0.0,11.47,0.0,2026-09-28,2026-09-28,2026-09-28 14:23:46
FBC,ONE PORTFÖY KAR PAYI ÖDEYEN KATILIM FONU,Katılım,RETAIL_CANDIDATE,,True,2026-09-28,1.6896,-5.7814,-8.9627,3.1813,-18.6683,6.4333,-25.1016,-21.0235,-21.0549,-8.3976,21.3424,-21.4777,-21.4777,126709557.5,5364.0,329,60.44,0.0,0.0,0.0,0.0,0.0,0.0,0.0,21.88,4.41,0.0,0.0,0.0,0.0,2026-09-28,2026-09-28,2026-09-28 14:23:46
FCK,ONE PORTFÖY ÇOKLU VARLIK KATILIM FONU,Katılım,RETAIL_CANDIDATE,,True,2026-09-28,1.6124,-6.523,-4.9813,-1.5417,-14.7206,6.6034,-21.324,-17.3336,-13.0997,-0.0032,20.843,-17.587,-17.587,392369305.55,469.0,329,44.14,0.0,0.0,0.0,0.0,0.0,0.0,0.0,16.15,9.09,0.0,0.0,0.0,0.0,2026-09-28,2026-09-28,2026-09-28 14:23:46
FD1,ONE PORTFÖY BİRİNCİ DEĞİŞKEN FON,Değişken,RETAIL_CANDIDATE,,True,2026-09-28,1.8957,-4.2804,-4.9218,0.6414,-8.0786,6.7912,-14.8698,-1.6678,8.6372,16.9977,12.6398,-9.7155,-9.7155,5379872.04,108.0,329,8.31,0.0,0.0,0.0,0.0,0.0,0.0,0.0,31.54,0.0,0.0,0.0,0.0,0.0,2026-09-28,2026-09-28,2026-09-28 14:23:46
FDG,FONMAP PORTFÖY BİRİNCİ DEĞİŞKEN FON,Değişken,RETAIL_CANDIDATE,,True,2026-09-28,2.6756,-0.0457,0.0382,-0.0838,-0.1044,0.1525,-0.257,-2.1146,6.164,32.0795,2.7012,-3.4492,-2.4007,46990165.22,552.0,329,0.0,0.0,0.0,0.0,0.0,0.0,0.0,0.0,0.0,0.0,0.0,0.0,0.0,0.0,2026-09-28,2026-09-28,2026-09-28 14:23:46
FFH,QNB PORTFÖY ÇOKLU VARLIK KATILIM FONU,Katılım,RETAIL_CANDIDATE,,True,2026-09-28,8.9319,0.4399,-0.1203,0.5603,0.9841,5.7957,-4.8116,8.8267,18.3423,47.1045,6.5975,-1.4465,-0.0637,1681727293.35,2123.0,329,26.86,8.54,0.0,0.0,0.0,0.0,0.0,0.0,0.24,0.0,0.0,0.0,0.0,0.0,2026-09-28,2026-09-28,2026-09-28 14:23:46
FFP,QNB PORTFÖY FON SEPETİ FONU,Fon Sepeti,RETAIL_CANDIDATE,,True,2026-09-28,7.8402,0.0889,-0.6766,0.7655,-0.9014,7.1054,-8.0068,5.8737,10.9188,34.8446,8.5478,-2.2662,-0.9014,1910924486.2,2282.0,329,0.0,0.0,0.0,0.0,0.0,0.0,0.0,0.0,99.88,0.0,0.0,0.0,0.11,0.0,2026-09-28,2026-09-28,2026-09-28 14:23:46
FI3,QNB PORTFÖY BORÇLANMA ARAÇLARI FONU,Borçlanma Araçları,RETAIL_CANDIDATE,,True,2026-09-28,818.252,0.4113,-0.2815,0.6928,1.1544,5.1352,-3.9807,5.8267,17.3468,32.5179,4.2428,-1.7982,-0.3004,1824207691.76,9726.0,329,0.0,0.0,0.0,0.0,0.0,0.0,90.07,4.88,0.11,0.0,0.0,0.0,2.86,0.0,2026-09-28,2026-09-28,2026-09-28 14:23:46
FIB,FİBA PORTFÖY ALTIN FONU,Altın,RETAIL_CANDIDATE,,True,2026-09-28,0.5012,-1.6717,1.194,-2.8658,-5.4359,14.6164,-20.0523,9.1242,1.4526,26.31,19.6757,-6.9466,-6.2778,4782432337.01,11920.0,329,3.4,0.0,0.0,0.0,0.38,0.0,0.0,0.0,0.0,0.0,0.0,0.0,0.0,0.0,2026-09-28,2026-09-28,2026-09-28 14:23:46
FID,FİBA PORTFÖY ÇOKLU VARLIK İKİNCİ DEĞİŞKEN FON,Değişken,RETAIL_CANDIDATE,,True,2026-09-28,1.0415,0.5893,-3.7411,4.3304,-2.0371,7.9654,-10.0025,1.8017,12.5691,18.1764,21.8601,-6.4926,-3.3177,852443942.16,1649.0,329,63.72,0.2,0.0,0.01,0.0,0.0,7.11,0.05,12.35,0.0,0.0,0.0,0.0,0.0,2026-09-28,2026-09-28,2026-09-28 14:23:46
FIT,FİBA PORTFÖY BORÇLANMA ARAÇLARI (TL) FONU,Borçlanma Araçları,RETAIL_CANDIDATE,,True,2026-09-28,0.2351,0.0536,-1.2762,1.3298,-0.0306,5.3123,-5.3429,2.9971,14.4276,20.7886,5.8964,-3.4804,-1.336,254659376.83,585.0,329,0.0,0.0,0.0,0.0,0.0,0.0,93.81,0.32,0.0,0.0,0.0,0.0,0.0,0.0,2026-09-28,2026-09-28,2026-09-28 14:23:46
FLY,AKTİF PORTFÖY HAVACILIK VE SAVUNMA TEKNOLOJİLERİ DEĞİŞKEN FON,Teknoloji,RETAIL_CANDIDATE,,True,2026-09-28,1.5398,-0.6874,-3.936,3.2486,-7.9764,5.992,-13.9684,-9.6369,-3.4918,0.2469,18.0789,-12.4901,-11.7995,85933609.11,1915.0,329,26.98,65.76,0.0,0.0,0.0,0.0,0.0,0.0,7.26,0.0,0.0,0.0,0.0,0.0,2026-09-28,2026-09-28,2026-09-28 14:23:46
FNO,QNB PORTFÖY BİRİNCİ DEĞİŞKEN FON,Değişken,RETAIL_CANDIDATE,,True,2026-09-28,0.2087,0.0642,0.0245,0.0398,-0.7674,6.6635,-7.4309,5.9508,11.8427,33.8457,11.8338,-2.8138,-0.8353,10546206933.75,6308.0,329,29.75,13.09,0.0,0.0,0.0,0.0,24.76,0.0,0.94,0.0,0.0,0.0,2.2,0.0,2026-09-28,2026-09-28,2026-09-28 14:23:46
FPE,FİBA PORTFÖY EUROBOND BORÇLANMA ARAÇLARI (DÖVİZ) FONU,Eurobond,RETAIL_CANDIDATE,,True,2026-09-28,76.1647,-0.4606,-0.4232,-0.0375,-0.9768,2.6767,-3.6536,2.6902,11.8888,19.5645,3.598,-1.3771,-1.3771,331101417.3,1348.0,329,0.0,0.0,0.0,0.0,0.0,0.0,0.0,0.0,0.0,0.0,0.0,0.0,0.0,0.0,2026-09-28,2026-09-28,2026-09-28 14:23:46
FPH,FİBA PORTFÖY HİSSE SENEDİ (TL) FONU (HİSSE SENEDİ YOĞUN FON),Hisse Senedi,RETAIL_CANDIDATE,,True,2026-09-28,34.687,0.5118,-5.1605,5.6723,-2.8483,9.3483,-12.1965,0.9448,13.3337,19.3061,32.6527,-8.9328,-4.6751,1224283897.77,4387.0,329,93.33,0.0,0.0,0.0,0.0,0.0,0.0,0.0,0.01,0.0,0.0,0.0,0.0,0.0,2026-09-28,2026-09-28,2026-09-28 14:23:46
FPK,FİBA PORTFÖY KISA VADELİ BORÇLANMA ARAÇLARI (TL) FONU,Borçlanma Araçları,RETAIL_CANDIDATE,,True,2026-09-28,0.1017,0.7351,0.4658,0.2693,2.4381,3.0931,-0.655,8.89,20.1106,43.1915,1.4804,-0.0268,0.0,254795044.66,1135.0,329,0.0,0.0,0.0,0.0,0.0,0.0,59.6,5.45,0.0,0.0,0.0,0.0,0.0,0.0,2026-09-28,2026-09-28,2026-09-28 14:23:46
FSU,TERA PORTFÖY FON SEPETİ FONU,Fon Sepeti,RETAIL_CANDIDATE,,True,2026-09-28,1.121,-19.3207,-7.8678,-11.4528,-21.5591,18.9684,-40.5275,-13.5635,-7.9492,,51.3172,-25.6684,-25.6684,1571169085.19,9924.0,211,6.82,0.0,0.0,0.0,0.0,0.0,0.0,0.0,83.3,8.56,0.0,0.0,0.0,0.0,2026-09-28,2026-09-28,2026-09-28 14:23:46
FUA,AK PORTFÖY İHRACATÇI ŞİRKETLER HİSSE SENEDİ (TL) FONU (HİSSE SENEDİ YOĞUN FON),Hisse Senedi,RETAIL_CANDIDATE,,True,2026-09-28,5.0625,0.0873,-6.9515,7.0388,-8.7706,9.388,-18.1586,0.2687,2.0532,11.7382,29.2221,-10.7025,-8.7706,296464472.79,4580.0,329,85.16,0.0,0.0,0.0,0.0,0.0,0.0,0.0,2.8,0.0,0.0,0.0,12.04,0.0,2026-09-28,2026-09-28,2026-09-28 14:23:46
FUB,QNB PORTFÖY EUROBOND (DÖVİZ) BORÇLANMA ARAÇLARI FONU,Eurobond,RETAIL_CANDIDATE,,True,2026-09-28,0.7526,-0.236,-0.7062,0.4702,-1.0206,3.1588,-4.1794,2.6357,11.3987,20.5124,5.2306,-1.7276,-1.6623,916932218.16,2083.0,329,0.0,0.0,0.0,0.0,0.0,0.0,0.0,0.0,0.0,0.0,0.0,0.0,17.4,0.0,2026-09-28,2026-09-28,2026-09-28 14:23:46
FYD,QNB PORTFÖY BİRİNCİ HİSSE SENEDİ FONU (HİSSE SENEDİ YOĞUN FON),Hisse Senedi,RETAIL_CANDIDATE,,True,2026-09-28,11.4635,0.4128,-5.2392,5.652,-4.5421,11.0068,-15.5489,1.8948,5.0208,16.7983,35.5969,-9.7861,-5.1343,3077665193.03,4986.0,329,97.01,0.0,0.0,0.0,0.0,0.0,0.0,0.0,0.0,0.0,0.0,0.0,0.72,0.0,2026-09-28,2026-09-28,2026-09-28 14:23:46
FYT,QNB PORTFÖY KISA VADELİ BORÇLANMA ARAÇLARI (TL) FONU,Borçlanma Araçları,RETAIL_CANDIDATE,,True,2026-09-28,0.3797,0.7078,0.5046,0.2033,2.6782,3.1422,-0.464,9.152,20.6752,43.9653,1.4466,-0.009,0.0,4335146859.31,96478.0,329,0.0,0.0,0.0,0.0,0.0,0.0,53.66,9.34,0.0,0.0,0.0,0.0,13.67,0.0,2026-09-28,2026-09-28,2026-09-28 14:23:46
FZJ,FİBA PORTFÖY BİRİNCİ FON SEPETİ FONU,Fon Sepeti,RETAIL_CANDIDATE,,True,2026-09-28,5.8085,0.4032,-0.2101,0.6134,0.3893,5.375,-4.9857,6.3234,17.0655,32.6161,7.0717,-1.5324,-0.2067,1132844955.22,2054.0,329,0.47,0.01,0.0,0.0,0.0,0.0,0.0,0.0,83.5,0.0,0.0,0.0,0.0,0.0,2026-09-28,2026-09-28,2026-09-28 14:23:46
GA1,GARANTİ PORTFÖY BORÇLANMA ARAÇLARI FONU,Borçlanma Araçları,RETAIL_CANDIDATE,,True,2026-09-28,2.0612,0.7069,-0.3401,1.047,1.4392,4.6644,-3.2251,6.8242,18.6203,34.9194,4.5131,-1.0236,-0.1783,352568018.84,1553.0,329,0.0,0.0,0.0,0.0,0.0,0.0,95.11,2.92,0.0,0.0,0.0,0.0,0.0,0.0,2026-09-28,2026-09-28,2026-09-28 14:23:46
GAE,GARANTİ PORTFÖY BİST30 ENDEKSİ HİSSE SENEDİ (TL) FONU (HİSSE SENEDİ YOĞUN FON),Hisse Senedi,RETAIL_CANDIDATE,,True,2026-09-28,0.4473,-1.5338,-5.6822,4.1484,-4.7475,9.2026,-13.9501,-4.2639,8.8246,27.1706,31.0333,-9.5868,-7.1288,1410560480.18,15172.0,329,93.91,0.0,0.0,0.0,0.0,0.0,0.0,0.0,2.9,0.0,0.0,0.0,3.17,0.0,2026-09-28,2026-09-28,2026-09-28 14:23:46
GAF,INVEO PORTFÖY BİRİNCİ HİSSE SENEDİ FONU (HİSSE SENEDİ YOĞUN FON),Hisse Senedi,RETAIL_CANDIDATE,,True,2026-09-28,1.6185,0.8555,-5.3377,6.1931,-4.4049,7.2554,-11.6603,-6.5364,3.8975,26.6084,35.9757,-11.2726,-6.5364,197160022.71,1342.0,329,89.84,0.0,0.0,0.0,0.0,0.0,0.0,0.0,5.74,1.51,0.0,0.0,0.0,0.0,2026-09-28,2026-09-28,2026-09-28 14:23:46
GAH,GARANTİ PORTFÖY MUTLAK GETİRİ HEDEFLİ DEĞİŞKEN FON,Değişken,RETAIL_CANDIDATE,,True,2026-09-28,12.8997,0.4712,-0.3852,0.8564,0.2621,4.5388,-4.2767,5.8244,16.1674,36.4434,6.1928,-1.2494,-0.1053,370314765.71,2603.0,329,20.57,0.0,0.0,4.52,0.0,0.0,12.68,5.9,1.69,0.0,0.0,0.0,31.83,0.0,2026-09-28,2026-09-28,2026-09-28 14:23:46
GBC,AZİMUT PORTFÖY YABANCI HİSSE SENEDİ FONU,Yabancı Varlıklar,RETAIL_CANDIDATE,,True,2026-09-28,0.3206,1.6148,0.5066,1.1082,2.2827,6.0238,-3.7411,5.207,28.7015,36.3098,12.9436,-6.688,-0.5102,288374719.12,1559.0,329,0.0,82.65,0.0,0.0,0.0,0.0,0.0,0.0,17.02,0.0,0.0,0.0,0.0,0.0,2026-09-28,2026-09-28,2026-09-28 14:23:46
GBG,INVEO PORTFÖY G-20 ÜLKELERİ YABANCI HİSSE SENEDİ FONU,Yabancı Varlıklar,RETAIL_CANDIDATE,,True,2026-09-28,0.6128,2.2209,-0.2222,2.4431,3.2734,3.2486,0.0249,6.2831,36.362,57.1057,12.5117,-3.3325,0.0,181600782.53,3716.0,329,0.0,84.22,0.0,15.62,0.0,0.0,0.0,0.0,0.16,0.0,0.0,0.0,0.0,0.0,2026-09-28,2026-09-28,2026-09-28 14:23:46
GBL,AZİMUT PYŞ KISA VADELİ BORÇLANMA ARAÇLARI FONU,Borçlanma Araçları,RETAIL_CANDIDATE,,True,2026-09-28,0.9018,0.6934,0.6483,0.0451,2.7506,2.9991,-0.2485,9.2638,21.3875,46.3681,1.2816,0.0,0.0,3681944640.09,1649.0,329,0.0,0.0,0.0,0.0,0.0,0.0,9.54,29.55,0.0,0.0,0.0,0.0,5.47,0.0,2026-09-28,2026-09-28,2026-09-28 14:23:46
GBV,GARANTİ PORTFÖY BLOCKCHAİN TEKNOLOJİLERİ DEĞİŞKEN FON,Teknoloji,RETAIL_CANDIDATE,,True,2026-09-28,13.8412,2.2406,-0.4751,2.7157,4.0398,3.0393,1.0004,4.5373,42.2763,49.9059,23.3146,-5.9925,-1.6541,2174117560.49,20756.0,329,18.02,63.43,0.0,3.64,0.0,0.0,0.0,0.0,0.0,0.0,0.0,0.0,1.91,0.0,2026-09-28,2026-09-28,2026-09-28 14:23:46
GBZ,AZİMUT PORTFÖY EMTİA FON SEPETİ FONU,Fon Sepeti,RETAIL_CANDIDATE,,True,2026-09-28,3.6203,0.2532,-0.2057,0.4589,0.3506,9.0771,-8.7265,14.0046,15.5167,45.3207,10.8672,-3.0354,-1.4388,1127043856.69,2900.0,329,1.34,0.0,0.0,77.13,0.0,0.0,0.0,0.0,7.41,11.48,0.0,0.0,0.0,0.0,2026-09-28,2026-09-28,2026-09-28 14:23:46
GGK,INVEO PORTFÖY ALTIN FON,Altın,RETAIL_CANDIDATE,,True,2026-09-28,13.8483,-1.6203,1.2602,-2.8805,-4.8007,13.816,-18.6166,9.2977,2.1536,26.6933,19.7282,-6.3801,-5.511,2033314491.83,10401.0,329,0.33,0.0,0.0,0.0,73.96,0.0,0.0,0.0,7.52,1.21,0.0,0.0,0.0,0.0,2026-09-28,2026-09-28,2026-09-28 14:23:46
GHS,GARANTİ PORTFÖY HİSSE SENEDİ (TL) FONU (HİSSE SENEDİ YOĞUN FON),Hisse Senedi,RETAIL_CANDIDATE,,True,2026-09-28,38.5558,0.7361,-6.6033,7.3394,-6.3618,9.329,-15.6908,-1.3634,5.7932,21.9443,34.2427,-10.5984,-6.3618,2690612859.39,14814.0,329,94.27,0.0,0.0,0.0,0.0,0.0,0.0,0.0,0.0,0.0,0.0,0.0,2.73,0.0,2026-09-28,2026-09-28,2026-09-28 14:23:46
GID,GARANTİ PORTFÖY İNŞAAT SEKTÖRÜ HİSSE SENEDİ FONU (HİSSE SENEDİ YOĞUN FON),Hisse Senedi,RETAIL_CANDIDATE,,True,2026-09-28,1.5314,0.7377,-9.8928,10.6305,-12.9754,9.3908,-22.3662,-8.6223,-2.3553,7.445,29.7331,-14.2548,-13.2057,31200030.85,1780.0,329,96.39,0.0,0.0,0.0,0.0,0.0,0.0,0.0,0.0,0.0,0.0,0.0,3.42,0.0,2026-09-28,2026-09-28,2026-09-28 14:23:46
GIE,GARANTİ PORTFÖY GARANTİ BBVA İKLİM ENDEKSİ HİSSE SENEDİ (TL) FONU (HİSSE SENEDİ YOĞUN FON),Hisse Senedi,RETAIL_CANDIDATE,,True,2026-09-28,3.6128,-0.421,-4.2081,3.7871,-3.5035,9.9159,-13.4193,1.3392,7.6258,22.2929,30.8175,-7.8662,-4.6114,72808956.73,4492.0,329,90.66,0.0,0.0,0.0,0.0,0.0,0.0,0.0,0.0,0.0,0.0,0.0,1.37,0.0,2026-09-28,2026-09-28,2026-09-28 14:23:46
GIH,ALLBATROSS PORTFÖY GIDA VE İÇECEK SEKTÖRÜ HİSSE SENEDİ FONU (HİSSE SENEDİ YOĞUN FON),Hisse Senedi,RETAIL_CANDIDATE,,True,2026-09-28,1.8309,-4.3155,-13.9727,9.6572,-22.0036,3.5483,-25.5519,-23.6321,-14.5842,2.2676,26.8675,-26.2991,-25.7143,4796967.17,515.0,329,87.74,0.0,0.0,0.0,0.0,0.0,0.0,0.0,12.26,0.0,0.0,0.0,0.0,0.0,2026-09-28,2026-09-28,2026-09-28 14:23:46
GJB,INVEO PORTFÖY BİRİNCİ FON SEPETİ FONU,Fon Sepeti,RETAIL_CANDIDATE,,True,2026-09-28,10.4083,0.412,-2.4718,2.8838,-3.3806,6.6217,-10.0023,-2.0821,11.8968,40.6352,16.2428,-6.1384,-3.3806,68370573.27,815.0,329,0.0,0.0,0.0,0.0,0.0,0.0,0.0,0.0,98.29,1.71,0.0,0.0,0.0,0.0,2026-09-28,2026-09-28,2026-09-28 14:23:46
GKF,GLOBAL MD PORTFÖY KATILIM FONU,Katılım,RETAIL_CANDIDATE,,True,2026-09-28,4.2256,0.3557,-7.7305,8.0862,-8.8464,5.7458,-14.5922,-11.0018,-4.2592,5.1482,27.8621,-12.1174,-11.0018,41207610.83,625.0,329,86.75,0.0,0.0,0.0,0.0,0.0,0.0,0.0,9.26,0.0,0.0,0.0,0.0,0.0,2026-09-28,2026-09-28,2026-09-28 14:23:46
GKG,GARANTİ PORTFÖY KAR PAYI ÖDEYEN HİSSE SENEDİ (TL) FONU (HİSSE SENEDİ YOĞUN FON),Hisse Senedi,RETAIL_CANDIDATE,,True,2026-09-28,1.4038,-0.1094,-4.7319,4.6225,-3.4692,7.0984,-10.5676,5.4483,11.3276,31.9111,26.9579,-7.6179,-4.8362,55283124.49,1757.0,329,84.01,0.0,0.0,0.0,0.0,0.0,0.0,0.0,0.0,0.0,0.0,0.0,10.79,0.0,2026-09-28,2026-09-28,2026-09-28 14:23:46
GKV,GARANTİ PORTFÖY KATILIM HİSSE SENEDİ (TL) FONU (HİSSE SENEDİ YOĞUN FON),Hisse Senedi,RETAIL_CANDIDATE,,True,2026-09-28,7.8956,0.2736,-8.4863,8.7599,-11.9003,11.981,-23.8813,-3.2877,13.9097,33.7581,28.4965,-12.9135,-11.9003,237385859.31,4142.0,329,94.61,0.0,0.0,0.0,0.0,0.0,0.0,0.0,0.0,0.0,0.0,0.0,0.0,0.0,2026-09-28,2026-09-28,2026-09-28 14:23:46
GL1,AZİMUT PYŞ BİRİNCİ HİSSE SENEDİ FONU (HİSSE SENEDİ YOĞUN FON),Hisse Senedi,RETAIL_CANDIDATE,,True,2026-09-28,1479.7073,0.9196,-6.5202,7.4398,-5.5071,10.886,-16.3931,1.6383,12.8153,35.6173,30.2157,-9.0652,-5.6606,1177300997.7,941.0,329,87.41,0.0,0.0,0.0,0.0,0.0,0.0,0.0,9.9,0.0,0.0,0.0,0.0,0.0,2026-09-28,2026-09-28,2026-09-28 14:23:46
GLC,AKTİF PORTFÖY ÜÇÜNCÜ FON SEPETİ FONU,Fon Sepeti,RETAIL_CANDIDATE,,True,2026-09-28,4.3245,-0.3939,-1.5167,1.1227,-2.7482,7.7315,-10.4797,3.5963,8.4287,16.5232,12.4593,-3.8762,-2.7553,16416725.07,60.0,329,0.0,0.0,0.0,0.0,0.0,0.0,0.0,0.0,100.0,0.0,0.0,0.0,0.0,0.0,2026-09-28,2026-09-28,2026-09-28 14:23:46
GLL,GOLDEN GLOBAL PORTFÖY ALTIN KATILIM FONU,Altın,RETAIL_CANDIDATE,,True,2026-09-28,1.0064,-2.0126,1.0382,-3.0508,-4.3292,,,,,,18.8331,-6.4432,-5.0112,8625255.09,37.0,28,100.0,0.0,0.0,0.0,0.0,0.0,0.0,0.0,0.0,0.0,0.0,0.0,0.0,0.0,2026-09-28,2026-09-28,2026-09-28 14:23:46
GLS,AZİMUT PORTFÖY  KİRA SERTİFİKALARI (SUKUK) KATILIM FONU,Katılım,RETAIL_CANDIDATE,,True,2026-09-28,0.1764,0.5809,0.6703,-0.0894,2.6817,2.9094,-0.2277,8.9862,20.0941,43.97,1.221,0.0,0.0,369082310.63,1382.0,329,0.0,0.0,0.0,0.0,0.0,0.0,0.0,0.0,2.09,0.0,0.0,0.0,0.0,0.0,2026-09-28,2026-09-28,2026-09-28 14:23:46
GMA,AZİMUT PORTFÖY BİRİNCİ DEĞİŞKEN FON,Değişken,RETAIL_CANDIDATE,,True,2026-09-28,2.2247,0.8852,-0.1953,1.0805,1.9299,5.2617,-3.3318,10.2507,24.4188,45.2448,10.6386,-2.2109,-0.2693,2335085021.33,1406.0,329,60.13,1.8,0.0,6.08,0.0,0.0,0.0,4.0,10.48,0.0,0.0,0.0,6.62,0.0,2026-09-28,2026-09-28,2026-09-28 14:23:46
GMC,TEB PORTFÖY GÜMÜŞ FON SEPETİ FONU,Gümüş,RETAIL_CANDIDATE,,True,2026-09-28,7.7697,-3.3902,2.8523,-6.2425,-7.9245,24.3184,-32.2429,8.6847,-2.0381,61.1712,33.0379,-9.8265,-7.9245,3769002893.73,19485.0,329,0.0,0.0,0.0,65.2,0.0,0.0,0.0,0.0,9.65,19.88,0.0,0.0,0.0,0.0,2026-09-28,2026-09-28,2026-09-28 14:23:46
GMD,GLOBAL MD PORTFÖY BİRİNCİ FON SEPETİ FONU,Fon Sepeti,RETAIL_CANDIDATE,,True,2026-09-28,2.7281,0.0387,-2.4315,2.4702,-2.1081,4.321,-6.4291,0.4566,14.1202,27.7334,8.4671,-2.9278,-2.4918,15145393.45,97.0,329,0.0,0.0,0.0,0.0,0.0,0.0,0.0,0.0,74.22,0.0,0.0,0.0,0.0,0.0,2026-09-28,2026-09-28,2026-09-28 14:23:46
GMR,INVEO PORTFÖY BIST 30 DIŞI ŞİRKETLER HİSSE SENEDİ FONU (HİSSE SENEDİ YOĞUN FON),Hisse Senedi,RETAIL_CANDIDATE,,True,2026-09-28,1.2205,-2.9641,-5.8858,2.9217,-13.709,3.1201,-16.8291,-13.5666,-4.6417,3.0237,24.1175,-15.1304,-14.5404,141792334.23,3983.0,329,92.84,0.0,0.0,0.0,0.0,0.0,0.0,0.0,0.92,0.0,0.0,0.0,0.0,0.0,2026-09-28,2026-09-28,2026-09-28 14:23:46
GNH,GLOBAL MD PORTFÖY ALGORİTMİK MODEL HİSSE SENEDİ FONU (HİSSE SENEDİ YOĞUN FON),Hisse Senedi,RETAIL_CANDIDATE,,True,2026-09-28,1.2202,-5.0768,-10.6887,5.6119,-19.8845,8.1103,-27.9948,-19.2872,-9.9372,-5.8494,23.5171,-20.5332,-19.8845,5817244.16,154.0,329,91.92,0.0,0.0,0.0,0.0,0.0,0.0,0.0,7.07,0.0,0.0,0.0,0.0,0.0,2026-09-28,2026-09-28,2026-09-28 14:23:46
GNS,GARANTİ PORTFÖY ENERJİ ŞİRKETLERİ HİSSE SENEDİ (TL) FONU (HİSSE SENEDİ YOĞUN FON),Enerji,RETAIL_CANDIDATE,,True,2026-09-28,1.4235,0.4378,-9.5539,9.9917,-11.3011,1.9903,-13.2914,-10.9068,1.4667,13.1297,30.405,-19.3455,-17.1195,80205972.17,1367.0,329,90.22,0.0,0.0,0.0,0.0,0.0,0.0,0.0,0.46,0.0,0.0,0.0,6.23,0.0,2026-09-28,2026-09-28,2026-09-28 14:23:46
GO1,ONE PORTFÖY BİRİNCİ FON SEPETİ FONU,Fon Sepeti,RETAIL_CANDIDATE,,True,2026-09-28,4.696,-2.9147,-1.0857,-1.829,-4.1382,6.6299,-10.7681,4.1669,12.7704,41.7935,9.9085,-4.3205,-4.1382,35834061.82,567.0,329,7.95,0.0,0.0,0.0,0.0,0.0,0.04,0.0,82.88,0.0,0.0,0.0,0.0,0.0,2026-09-28,2026-09-28,2026-09-28 14:23:46
GO3,ONE PORTFÖY ÜÇÜNCÜ FON SEPETİ FONU,Fon Sepeti,RETAIL_CANDIDATE,,True,2026-09-28,4.6751,-2.9567,-3.2597,0.3031,-7.4844,7.8416,-15.326,-1.8784,6.5744,25.2019,18.2287,-7.8527,-7.4844,24501335.02,384.0,329,8.9,0.0,0.0,0.0,0.0,0.0,0.0,0.0,66.16,15.13,0.0,0.0,0.0,0.0,2026-09-28,2026-09-28,2026-09-28 14:23:46
GO4,ONE PORTFÖY DÖRDÜNCÜ FON SEPETİ FONU,Fon Sepeti,RETAIL_CANDIDATE,,True,2026-09-28,5.1029,-2.7542,-2.8922,0.1381,-6.8028,8.2924,-15.0952,-0.3203,6.5999,26.0748,16.8955,-7.2383,-6.8028,38987009.44,649.0,329,8.57,0.0,0.0,0.0,0.0,0.0,0.0,0.0,69.58,13.41,0.0,0.0,0.0,0.0,2026-09-28,2026-09-28,2026-09-28 14:23:46
GO9,ONE PORTFÖY BİRİNCİ HİSSE SENEDİ FONU (HİSSE SENEDİ YOĞUN FON),Hisse Senedi,RETAIL_CANDIDATE,,True,2026-09-28,2.5507,-0.7088,-9.3478,8.639,-10.3944,6.7183,-17.1127,-3.3021,11.2326,39.8852,34.1828,-12.129,-11.3868,186692071.7,1207.0,329,96.02,0.0,0.0,0.0,0.0,0.0,0.0,0.0,3.98,0.0,0.0,0.0,0.0,0.0,2026-09-28,2026-09-28,2026-09-28 14:23:46
GOH,GARANTİ PORTFÖY BIST 100 DIŞI ŞİRKETLER HİSSE SENEDİ (TL) FONU (HİSSE SENEDİ YOĞUN FON),Hisse Senedi,RETAIL_CANDIDATE,,True,2026-09-28,14.5283,-0.4035,-9.7597,9.3562,-12.9113,6.5201,-19.4314,-11.5485,-3.4098,9.4088,22.2951,-13.4631,-12.9113,496098187.64,8220.0,329,93.62,0.0,0.0,0.0,0.0,0.0,0.0,0.0,0.17,0.0,0.0,0.0,4.83,0.0,2026-09-28,2026-09-28,2026-09-28 14:23:46
GOK,GOLDEN GLOBAL PORTFÖY KISA VADELİ KİRA SERTİFİKALARI KATILIM FONU,Katılım,RETAIL_CANDIDATE,,True,2026-09-28,1.0282,0.6549,0.6904,-0.0355,,,,,,,,0.0,0.0,53671853.09,14.0,19,0.0,0.0,0.0,0.0,0.0,0.0,0.0,0.0,0.0,0.0,0.0,0.0,0.0,0.0,2026-09-28,2026-09-28,2026-09-28 14:23:46
GOL,GARANTİ PORTFÖY ALTIN KATILIM FONU,Altın,RETAIL_CANDIDATE,,True,2026-09-28,2.7959,-1.7411,1.1636,-2.9047,-5.1978,14.4022,-19.6,9.4499,2.1796,25.4747,21.1221,-6.765,-5.9769,4788159729.59,11476.0,329,0.0,0.0,0.0,0.0,95.61,0.0,0.0,0.0,0.76,0.0,0.0,0.0,0.0,0.0,2026-09-28,2026-09-28,2026-09-28 14:23:46
GPA,GARANTİ PORTFÖY EUROBOND BORÇLANMA ARAÇLARI (DÖVİZ) FONU,Eurobond,RETAIL_CANDIDATE,,True,2026-09-28,23.2971,-0.1858,-0.3113,0.1255,-0.7411,3.2896,-4.0306,3.0362,13.0022,22.1249,4.7057,-1.2289,-1.1264,816235699.15,5202.0,329,0.0,0.0,0.0,0.0,0.0,0.0,0.0,0.0,0.0,0.0,0.0,0.0,5.37,0.0,2026-09-28,2026-09-28,2026-09-28 14:23:46
GPB,GARANTİ PORTFÖY BİRİNCİ DEĞİŞKEN FON,Değişken,RETAIL_CANDIDATE,,True,2026-09-28,12.5339,0.528,0.0261,0.5019,1.724,3.9248,-2.2008,7.8563,17.178,39.0685,3.0225,-0.5111,0.0,1267293272.44,9467.0,329,11.29,0.0,0.0,0.0,0.0,0.0,18.22,18.06,4.35,0.0,0.0,0.0,32.92,0.0,2026-09-28,2026-09-28,2026-09-28 14:23:46
GPF,GARANTİ PORTFÖY ÇOKLU VARLIK KATILIM FONU,Katılım,RETAIL_CANDIDATE,,True,2026-09-28,9.1316,-0.5331,-1.0449,0.5119,-2.5241,6.6093,-9.1334,5.4925,14.828,35.8491,9.0255,-3.2897,-2.5241,528514737.22,2891.0,329,25.61,0.0,0.0,8.65,0.0,0.0,0.0,0.0,0.19,0.0,0.0,0.0,0.0,0.0,2026-09-28,2026-09-28,2026-09-28 14:23:46
GPG,INVEO PORTFÖY BİRİNCİ DEĞİŞKEN FON,Değişken,RETAIL_CANDIDATE,,True,2026-09-28,16.03,-0.8462,-1.4858,0.6396,-7.0338,4.3019,-11.3356,-0.4052,25.2888,33.3955,21.3031,-8.1334,-8.1334,942186530.22,2533.0,329,7.49,70.09,0.0,8.01,0.0,0.0,0.0,0.0,9.84,0.0,0.0,0.0,0.0,0.0,2026-09-28,2026-09-28,2026-09-28 14:23:46
GPI,GARANTİ PORTFÖY İKİNCİ DEĞİŞKEN FON,Değişken,RETAIL_CANDIDATE,,True,2026-09-28,18.8833,0.4845,-0.3659,0.8504,0.31,4.6028,-4.2928,5.9638,16.2922,37.5158,6.0814,-1.208,-0.0996,728591853.97,2715.0,329,19.59,0.0,0.0,4.51,0.0,0.0,13.59,10.47,0.67,0.0,0.0,0.0,34.16,0.0,2026-09-28,2026-09-28,2026-09-28 14:23:46
GPT,AKTİF PORTFÖY ROBOTİK TEKNOLOJİLERİ DEĞİŞKEN FON,Teknoloji,RETAIL_CANDIDATE,,True,2026-09-28,2.8356,3.3351,-3.7209,7.0559,-0.0447,5.2802,-5.3248,-0.0351,31.4112,48.3314,20.8798,-8.793,-1.296,89527884.91,2757.0,329,31.39,67.13,0.0,0.0,0.0,0.0,0.0,0.0,1.48,0.0,0.0,0.0,0.0,0.0,2026-09-28,2026-09-28,2026-09-28 14:23:46
GPU,GARANTİ PORTFÖY ÜÇÜNCÜ DEĞİŞKEN FON,Değişken,RETAIL_CANDIDATE,,True,2026-09-28,21.3881,0.5322,-1.1794,1.7117,-0.8662,5.8356,-6.7018,4.4007,14.9675,35.767,9.9415,-2.6032,-0.8662,353509692.8,2380.0,329,20.68,0.0,0.0,9.62,0.0,0.0,0.0,10.36,0.0,0.0,0.0,0.0,36.54,0.0,2026-09-28,2026-09-28,2026-09-28 14:23:46
GRT,GARANTİ PORTFÖY TEKNOLOJİ ŞİRKETLERİ HİSSE SENEDİ (TL) FONU (HİSSE SENEDİ YOĞUN FON),Teknoloji,RETAIL_CANDIDATE,,True,2026-09-28,1.3429,-2.7727,-14.0442,11.2716,-19.4104,7.0467,-26.4571,-20.4128,-5.7509,5.111,30.9299,-22.318,-20.7653,127345626.63,1723.0,329,84.26,0.0,0.0,0.0,0.0,0.0,0.0,0.0,0.13,0.0,0.0,0.0,13.67,0.0,2026-09-28,2026-09-28,2026-09-28 14:23:46
GSP,AZİMUT PYŞ KAR PAYI ÖDEYEN HİSSE SENEDİ FONU (HİSSE SENEDİ YOĞUN FON),Hisse Senedi,RETAIL_CANDIDATE,,True,2026-09-28,0.5708,0.7313,-3.9314,4.6627,-2.9546,6.4768,-9.4314,3.1404,15.0586,45.9487,24.9887,-6.5274,-3.2289,4140037649.85,13273.0,329,91.99,0.0,0.0,0.0,0.0,0.0,0.0,0.0,6.54,0.0,0.0,0.0,0.0,0.0,2026-09-28,2026-09-28,2026-09-28 14:23:46
GTA,GARANTİ PORTFÖY ALTIN FONU,Altın,RETAIL_CANDIDATE,,True,2026-09-28,1.5921,-1.7184,1.2116,-2.93,-5.3783,14.545,-19.9233,9.5207,2.7839,27.6774,20.5113,-6.7666,-6.1355,23950689471.25,73616.0,329,0.0,0.0,0.0,0.0,39.64,0.0,0.0,0.0,0.0,0.0,0.0,0.0,1.25,0.0,2026-09-28,2026-09-28,2026-09-28 14:23:46
GTF,AZİMUT PYŞ BİRİNCİ BORÇLANMA ARAÇLARI FONU,Borçlanma Araçları,RETAIL_CANDIDATE,,True,2026-09-28,15.3265,0.4465,0.0786,0.3679,1.6627,3.8333,-2.1706,5.8824,17.0795,35.8151,2.0942,-0.683,0.0,141901692.45,470.0,329,0.0,0.0,0.0,0.0,0.0,0.0,68.74,16.61,1.07,0.0,0.0,0.0,0.0,0.0,2026-09-28,2026-09-28,2026-09-28 14:23:46
GTH,GARANTİ PORTFÖY İHRACATÇI ŞİRKETLER HİSSE SENEDİ (TL) FONU (HİSSE SENEDİ YOĞUN FON),Hisse Senedi,RETAIL_CANDIDATE,,True,2026-09-28,1.4496,0.3026,-7.1555,7.4581,-7.339,7.9728,-15.3118,5.8269,18.8559,26.4937,26.7112,-9.269,-7.793,27343595.92,692.0,329,93.47,0.0,0.0,0.0,0.0,0.0,0.0,0.0,0.0,0.0,0.0,0.0,4.81,0.0,2026-09-28,2026-09-28,2026-09-28 14:23:46
GTM,GARANTİ PORTFÖY TEMETTÜ ÖDEYEN ŞİRKETLER HİSSE SENEDİ (TL) FONU (HİSSE SENEDİ YOĞUN FON),Hisse Senedi,RETAIL_CANDIDATE,,True,2026-09-28,7.8746,-0.191,-3.9207,3.7297,-2.7699,7.0894,-9.8593,2.1904,10.1792,32.5453,29.7338,-7.5517,-4.1042,1025288582.69,12951.0,329,93.56,0.0,0.0,0.0,0.0,0.0,0.0,0.0,2.43,0.0,0.0,0.0,3.67,0.0,2026-09-28,2026-09-28,2026-09-28 14:23:46
GTZ,GARANTİ PORTFÖY GÜMÜŞ FON SEPETİ FONU,Gümüş,RETAIL_CANDIDATE,,True,2026-09-28,11.7409,-3.1833,3.1259,-6.3092,-7.1494,23.0296,-30.1791,9.0648,-0.569,60.2645,29.1664,-9.4973,-7.1494,12043163960.69,59292.0,329,0.0,0.0,0.0,0.0,2.49,0.0,0.0,0.0,10.11,15.63,0.0,0.0,0.0,0.0,2026-09-28,2026-09-28,2026-09-28 14:23:46
GUF,İŞ PORTFÖY GÜMÜŞ FON SEPETİ FONU,Gümüş,RETAIL_CANDIDATE,,True,2026-09-28,0.9072,-2.8618,2.6351,-5.4969,-6.5328,21.2923,-27.8251,9.0722,,,27.9586,-8.405,-6.5328,617212923.03,4003.0,88,0.0,0.0,0.0,60.09,1.2,0.0,0.0,0.0,14.24,0.0,0.0,0.0,4.54,0.0,2026-09-28,2026-09-28,2026-09-28 14:23:46
GUH,GARANTİ PORTFÖY YABANCI TEKNOLOJİ HİSSE SENEDİ FONU,Teknoloji,RETAIL_CANDIDATE,,True,2026-09-28,0.4948,5.9938,0.9175,5.0763,8.8991,3.9836,4.9155,8.9368,59.428,74.0026,24.8967,-10.1541,0.0,5042871838.48,37466.0,329,0.0,93.39,0.0,0.0,0.0,0.0,0.0,0.0,0.0,0.0,0.0,0.0,4.52,0.0,2026-09-28,2026-09-28,2026-09-28 14:23:46
GUM,AK PORTFÖY GÜMÜŞ FON SEPETI FONU,Gümüş,RETAIL_CANDIDATE,,True,2026-09-28,12.4852,-3.4343,2.6472,-6.0815,-7.6232,23.0954,-30.7186,9.8113,-0.2852,62.0657,27.1211,-8.9249,-7.6232,6290216312.58,50674.0,329,0.0,0.0,0.0,68.63,13.08,0.0,0.0,0.0,1.82,15.34,0.0,0.0,1.12,0.0,2026-09-28,2026-09-28,2026-09-28 14:23:46
GUV,GARANTİ PORTFÖY UZUN VADELİ BORÇLANMA ARAÇLARI FONU,Borçlanma Araçları,RETAIL_CANDIDATE,,True,2026-09-28,1.7687,0.2819,-1.007,1.2889,0.3843,5.0727,-4.6884,3.6137,15.9208,24.4354,5.3088,-2.9378,-0.7867,737282170.25,1741.0,329,0.0,0.0,0.0,0.0,0.0,0.0,99.52,0.0,0.0,0.0,0.0,0.0,0.0,0.0,2026-09-28,2026-09-28,2026-09-28 14:23:46
GVA,GARANTİ PORTFÖY ELEKTRİKLİ VE OTONOM ARAÇLAR DEĞİŞKEN FON,Değişken,RETAIL_CANDIDATE,,True,2026-09-28,4.0612,0.1986,-2.2353,2.4339,-2.7202,2.3963,-5.1165,-4.2595,11.5459,27.2444,18.5122,-6.5451,-4.2736,89808936.96,3268.0,329,17.1,64.52,0.0,0.0,0.0,0.0,0.0,0.0,0.0,0.0,0.0,0.0,11.13,0.0,2026-09-28,2026-09-28,2026-09-28 14:23:46
GVI,GARANTİ PORTFÖY ÜÇÜNCÜ FON SEPETİ FONU,Fon Sepeti,RETAIL_CANDIDATE,,True,2026-09-28,5.6031,0.1631,-2.0313,2.1943,-2.6051,6.5866,-9.1917,1.17,9.2796,24.5113,14.182,-4.3317,-2.6051,1042606582.75,4347.0,329,0.0,0.0,0.0,19.93,0.0,0.0,0.0,0.0,59.79,0.0,0.0,0.0,0.0,0.0,2026-09-28,2026-09-28,2026-09-28 14:23:46
GYK,INVEO PORTFÖY BORÇLANMA ARAÇLARI (TL) FONU,Borçlanma Araçları,RETAIL_CANDIDATE,,True,2026-09-28,0.119,0.7039,0.6523,0.0516,2.8221,3.0415,-0.2194,9.2078,20.8844,43.9891,1.3158,0.0,0.0,87703786.48,249.0,329,0.0,0.0,0.0,0.0,0.0,0.0,37.36,9.42,10.22,0.0,0.0,0.0,0.0,0.0,2026-09-28,2026-09-28,2026-09-28 14:23:46
GYL,INVEO PORTFÖY KISA VADELİ BORÇLANMA ARAÇLARI (TL) FONU,Borçlanma Araçları,RETAIL_CANDIDATE,,True,2026-09-28,15.1351,0.6405,0.6669,-0.0264,2.7304,2.9451,-0.2147,9.2486,21.1105,45.109,1.2763,0.0,0.0,982975203.9,7212.0,329,0.0,0.0,0.0,0.0,0.0,0.0,8.4,21.08,0.0,0.0,0.0,0.0,2.55,0.0,2026-09-28,2026-09-28,2026-09-28 14:23:46
GZG,GARANTİ PORTFÖY SAĞLIK VE GENETİK TEKNOLOJİLERİ DEĞİŞKEN FON,Teknoloji,RETAIL_CANDIDATE,,True,2026-09-28,7.4373,-0.3997,-0.0268,-0.373,-2.7323,8.2677,-10.9999,4.9728,35.1657,50.8998,12.7176,-4.7186,-3.8175,386869380.54,4062.0,329,20.72,68.58,0.0,0.12,0.0,0.0,0.0,0.0,0.0,0.0,0.0,0.0,4.47,0.0,2026-09-28,2026-09-28,2026-09-28 14:23:46
GZH,GARANTİ PORTFÖY TEMİZ ENERJİ DEĞİŞKEN FON,Enerji,RETAIL_CANDIDATE,,True,2026-09-28,4.7399,0.3594,-2.7788,3.1381,-3.3429,2.5792,-5.9221,-7.6829,5.7679,35.0897,20.3204,-9.3477,-7.6829,338051213.88,5176.0,329,14.6,65.0,0.0,0.91,0.0,0.0,0.0,4.77,0.0,0.0,0.0,0.0,5.93,0.0,2026-09-28,2026-09-28,2026-09-28 14:23:46
GZJ,GARANTİ PORTFÖY İKİNCİ FON SEPETİ FONU,Fon Sepeti,RETAIL_CANDIDATE,,True,2026-09-28,8.7762,0.3476,-1.0568,1.4044,-1.0962,5.6074,-6.7037,3.4643,12.5342,29.9187,9.6888,-2.6268,-1.0962,1695613667.83,4964.0,329,0.0,0.0,0.0,11.74,0.0,0.0,0.0,0.72,74.1,0.0,0.0,0.0,0.0,0.0,2026-09-28,2026-09-28,2026-09-28 14:23:46
GZL,GARANTİ PORTFÖY TARIM VE GIDA SEKTÖRÜ DEĞİŞKEN FON,Değişken,RETAIL_CANDIDATE,,True,2026-09-28,5.5271,-1.7547,-3.1325,1.3778,-3.6075,2.6052,-6.2126,1.4433,13.8676,40.0314,10.236,-6.4101,-6.4101,363932781.56,6055.0,329,22.61,57.62,0.0,5.87,0.0,0.0,0.0,1.69,0.0,0.0,0.0,0.0,6.82,0.0,2026-09-28,2026-09-28,2026-09-28 14:23:46
GZP,GARANTİ PORTFÖY BİRİNCİ FON SEPETİ FONU,Fon Sepeti,RETAIL_CANDIDATE,,True,2026-09-28,7.8384,0.4624,-0.3372,0.7995,0.4702,4.4662,-3.996,5.8609,15.5961,35.9982,5.8427,-1.1247,-0.1649,3822375179.94,9947.0,329,0.81,0.0,0.0,4.5,0.0,0.0,0.01,0.0,82.29,0.0,0.0,0.0,0.0,0.0,2026-09-28,2026-09-28,2026-09-28 14:23:46
GZR,GARANTİ PORTFÖY SÜRDÜRÜLEBİLİRLİK HİSSE SENEDİ (TL) FONU (HİSSE SENEDİ YOĞUN FON),Hisse Senedi,RETAIL_CANDIDATE,,True,2026-09-28,11.2755,-0.4617,-4.9026,4.4409,-4.5789,5.1999,-9.7789,-2.9096,5.2225,18.2882,29.2594,-8.0119,-5.3416,1030099516.44,1896.0,329,85.44,0.0,0.0,0.0,0.0,0.0,0.0,0.0,2.03,0.0,0.0,0.0,2.36,0.0,2026-09-28,2026-09-28,2026-09-28 14:23:46
GZV,GARANTİ PORTFÖY ESG SÜRDÜRÜLEBİLİRLİK FON SEPETİ FONU,Fon Sepeti,RETAIL_CANDIDATE,,True,2026-09-28,8.7094,0.6474,-1.0521,1.6995,-1.4923,5.3418,-6.8341,2.6007,19.897,31.5743,11.0756,-2.8443,-1.4923,97385186.11,1324.0,329,0.69,0.0,0.0,71.14,0.0,0.0,0.0,0.0,25.25,0.0,0.0,0.0,0.0,0.0,2026-09-28,2026-09-28,2026-09-28 14:23:46
GZY,GARANTİ PORTFÖY TURİZM VE SEYAHAT SEKTÖRÜ DEĞİŞKEN FON,Değişken,RETAIL_CANDIDATE,,True,2026-09-28,7.3807,-0.0192,-1.7563,1.7371,-5.8386,0.049,-5.8876,-7.7747,8.7394,12.2576,18.5907,-9.8116,-8.7607,59020284.55,2123.0,329,25.89,66.51,0.0,0.0,0.0,0.0,0.0,0.0,0.0,0.0,0.0,0.0,5.03,0.0,2026-09-28,2026-09-28,2026-09-28 14:23:46
GZZ,GARANTİ PORTFÖY FİNANSAL TEKNOLOJİLER DEĞİŞKEN FON,Teknoloji,RETAIL_CANDIDATE,,True,2026-09-28,6.86,-0.8022,-2.1556,1.3534,-4.1012,5.5748,-9.676,0.3602,14.1544,11.9722,18.4554,-5.2604,-4.6978,60462247.51,1175.0,329,22.89,65.79,0.0,0.0,0.0,0.0,0.0,0.0,0.0,0.0,0.0,0.0,10.07,0.0,2026-09-28,2026-09-28,2026-09-28 14:23:46
HAI,AHLATCI PORTFÖY ALTIN FONU,Altın,RETAIL_CANDIDATE,,True,2026-09-28,0.9965,-2.2862,0.6812,-2.9674,-7.3222,12.5174,-19.8395,5.3078,,,23.6398,-9.2925,-8.6436,11361907.95,306.0,78,0.0,0.0,0.0,0.0,59.35,0.0,0.0,0.0,0.0,17.89,0.0,0.0,0.0,0.0,2026-09-28,2026-09-28,2026-09-28 14:23:46
HAM,HEDEF PORTFÖY ALTIN KATILIM FONU,Altın,RETAIL_CANDIDATE,,True,2026-09-28,3.0944,-1.1353,0.8013,-1.9365,-5.2846,14.5664,-19.851,10.0301,3.0484,35.9241,19.3822,-6.6138,-5.8279,901754384.72,7269.0,329,0.01,0.0,0.0,0.0,89.77,0.0,0.0,0.0,1.5,0.0,0.0,0.0,0.0,0.0,2026-09-28,2026-09-28,2026-09-28 14:23:46
HBF,HSBC PORTFÖY ALTIN FONU,Altın,RETAIL_CANDIDATE,,True,2026-09-28,50.7863,-1.6757,1.0607,-2.7364,-5.1956,14.0483,-19.2439,9.0285,3.0867,30.4802,19.0517,-6.6857,-6.1698,6128931567.68,10245.0,329,0.0,0.0,0.0,9.91,60.63,0.0,0.0,0.0,0.0,2.78,0.0,0.0,0.0,0.0,2026-09-28,2026-09-28,2026-09-28 14:23:46
HBN,HSBC PORTFÖY BİRİNCİ FON SEPETİ FONU,Fon Sepeti,RETAIL_CANDIDATE,,True,2026-09-28,4.4037,0.5468,-0.0644,0.6112,0.4607,3.9779,-3.5172,5.0054,14.1449,28.7427,6.1553,-1.4362,-0.0397,526075646.2,1026.0,329,0.0,0.0,0.0,1.39,0.0,0.0,0.0,0.0,84.19,0.0,0.0,0.0,0.0,0.0,2026-09-28,2026-09-28,2026-09-28 14:23:46
HBU,HSBC PORTFÖY BİST 30 ENDEKSİ HİSSE SENEDİ FONU (HİSSE SENEDİ YOĞUN FON),Hisse Senedi,RETAIL_CANDIDATE,,True,2026-09-28,1.4117,-1.5804,-6.2086,4.6282,-5.1322,10.0063,-15.1384,-5.2191,8.5785,29.048,33.1038,-10.943,-7.6908,494990954.25,2881.0,329,94.79,0.0,0.0,0.0,0.0,0.0,0.0,0.0,0.0,0.0,0.0,0.0,0.0,0.0,2026-09-28,2026-09-28,2026-09-28 14:23:46
HCV,HEDEF PORTFÖY ATAK ÇOKLU VARLIK KATILIM FONU,Katılım,RETAIL_CANDIDATE,,True,2026-09-28,0.9875,-0.0027,-2.1222,2.1195,-7.2909,19.6532,-26.9441,9.0155,,,27.8757,-9.3766,-7.8121,135008629.5,541.0,120,0.0,0.0,0.0,0.0,0.0,0.0,0.0,0.0,100.0,0.0,0.0,0.0,0.0,0.0,2026-09-28,2026-09-28,2026-09-28 14:23:46
HDD,AHLATCI PORTFÖY BİRİNCİ DEĞİŞKEN FON,Değişken,RETAIL_CANDIDATE,,True,2026-09-28,1.0998,0.5699,-1.2536,1.8235,0.6177,7.4243,-6.8066,,,,9.3693,-2.0235,-0.6909,6913075.07,116.0,59,40.43,0.0,0.0,0.0,0.0,0.0,0.0,0.0,6.76,0.0,0.0,0.0,23.32,0.0,2026-09-28,2026-09-28,2026-09-28 14:23:46
HFO,AHLATCI PORTFÖY KATILIM HİSSE SENEDİ (TL) FONU (HİSSE SENEDİ YOĞUN FON),Hisse Senedi,RETAIL_CANDIDATE,,True,2026-09-28,0.9592,1.7257,-8.247,9.9727,-8.8943,8.1669,-17.0612,,,,27.6279,-10.4398,-8.8943,4958585.04,163.0,58,84.09,0.0,0.0,0.0,0.0,0.0,0.0,0.0,8.66,0.0,0.0,0.0,0.0,0.0,2026-09-28,2026-09-28,2026-09-28 14:23:46
HFR,A1 CAPİTAL PORTFÖY HİSSE SENEDİ (TL) FONU (HİSSE SENEDİ YOĞUN FON),Hisse Senedi,RETAIL_CANDIDATE,,True,2026-09-28,1.4059,-4.7078,1.0904,-5.7983,-4.4588,4.7647,-9.2235,-6.6873,2.9382,,23.4152,-8.0461,-6.8885,130057464.57,382.0,238,76.64,0.0,0.0,0.0,0.0,0.0,0.0,0.0,0.0,0.0,0.0,0.0,0.0,0.0,2026-09-28,2026-09-28,2026-09-28 14:23:46
HGM,HEDEF PORTFÖY İKİNCİ HİSSE SENEDİ (TL) FONU (HİSSE SENEDİ YOĞUN FON),Hisse Senedi,RETAIL_CANDIDATE,,True,2026-09-28,3.992,0.1636,-6.4885,6.6521,-7.7499,11.9035,-19.6534,7.7333,10.6867,34.151,30.0502,-10.6563,-7.7499,138040679.38,1682.0,329,82.79,0.0,0.0,0.0,0.0,0.0,0.0,0.0,2.08,3.13,0.0,0.0,0.0,0.0,2026-09-28,2026-09-28,2026-09-28 14:23:46
HIH,GARANTİ  PORTFÖY HOLDİNGLER VE İŞTİRAKLERİ HİSSE SENEDİ (TL) FONU (HİSSE SENEDİ YOĞUN FON),Hisse Senedi,RETAIL_CANDIDATE,,True,2026-09-28,1.3619,-1.1045,-5.8664,4.7619,-5.4254,3.7028,-9.1282,-5.1768,3.1654,13.6865,30.5648,-8.6387,-6.9455,190018301.6,3626.0,321,93.38,0.0,0.0,0.0,0.0,0.0,0.0,0.0,0.0,0.0,0.0,0.0,3.56,0.0,2026-09-28,2026-09-28,2026-09-28 14:23:46
HIZ,AZİMUT PORTFÖY DİNAMİK DEĞİŞKEN FON,Değişken,RETAIL_CANDIDATE,,True,2026-09-28,2.1453,2.2792,0.0052,2.274,2.8646,5.4476,-2.583,4.6552,21.7065,55.0623,15.3905,-4.9229,-0.0161,206813915.43,881.0,329,11.77,42.51,0.0,0.0,0.0,0.0,2.77,0.0,16.48,0.0,0.0,0.0,7.39,0.0,2026-09-28,2026-09-28,2026-09-28 14:23:46
HJB,HEDEF PORTFÖY BİRİNCİ DEĞİŞKEN FON,Değişken,RETAIL_CANDIDATE,,True,2026-09-28,4.6508,-0.7722,-2.8064,2.0343,-2.9245,8.6159,-11.5404,11.9646,14.2693,40.3213,20.0465,-4.942,-3.5569,99240573.27,1448.0,329,51.89,0.0,0.0,0.0,0.0,0.0,0.0,0.03,9.95,0.0,0.0,0.0,0.0,0.0,2026-09-28,2026-09-28,2026-09-28 14:23:46
HKG,ZİRAAT PORTFÖY HALK'IN ÜRETEN KADINLARI DEĞİŞKEN FON,Değişken,RETAIL_CANDIDATE,,True,2026-09-28,1.5053,0.0808,-5.6136,5.6944,-5.3615,12.1942,-17.5557,8.2972,14.98,31.084,27.7749,-8.4823,-5.7984,39882333.2,1105.0,329,84.92,0.0,0.0,0.0,0.0,0.0,0.0,0.0,0.0,0.0,0.0,0.0,10.38,0.0,2026-09-28,2026-09-28,2026-09-28 14:23:46
HKH,HEDEF PORTFÖY KATILIM HİSSE SENEDİ (TL) FONU (HİSSE SENEDİ YOĞUN FON),Hisse Senedi,RETAIL_CANDIDATE,,True,2026-09-28,8.3787,0.2172,-6.5692,6.7864,-6.9277,8.9472,-15.8749,-0.8422,5.3362,2.7612,28.473,-9.2621,-7.232,712365767.6,12921.0,329,96.39,0.0,0.0,0.0,0.0,0.0,0.0,0.0,3.61,0.0,0.0,0.0,0.0,0.0,2026-09-28,2026-09-28,2026-09-28 14:23:46
HKV,ZİRAAT PORTFÖY HALKBANK KISA VADELİ BORÇLANMA ARAÇLARI (TL) FONU,Bankacılık / Finans,RETAIL_CANDIDATE,,True,2026-09-28,612.9669,0.7101,0.5248,0.1853,2.613,3.1147,-0.5017,9.1795,21.2291,44.8998,1.2042,0.0,0.0,4581919618.86,36944.0,329,0.0,0.0,0.0,0.0,0.0,0.0,39.85,11.42,0.0,0.0,0.0,0.0,9.83,0.0,2026-09-28,2026-09-28,2026-09-28 14:23:46
HMS,HSBC PORTFÖY SÜRDÜRÜLEBİLİRLİK HİSSE SENEDİ (TL) FONU (HİSSE SENEDİ YOĞUN FON),Hisse Senedi,RETAIL_CANDIDATE,,True,2026-09-28,0.0924,-1.2141,-4.8866,3.6725,-4.0659,4.393,-8.4589,-6.9436,-2.4382,9.202,30.5405,-9.0446,-6.9436,229594472.53,3822.0,329,92.69,0.0,0.0,0.0,0.0,0.0,0.0,0.0,0.0,0.0,0.0,0.0,0.0,0.0,2026-09-28,2026-09-28,2026-09-28 14:23:46
HOA,HSBC PORTFÖY TEKNOLOJİ DEĞİŞKEN FON,Teknoloji,RETAIL_CANDIDATE,,True,2026-09-28,0.2557,3.0374,-0.4497,3.4871,3.64,7.937,-4.297,7.6283,34.3491,41.3406,19.7446,-6.6194,-0.6635,1958294067.75,3211.0,329,14.43,59.96,0.0,8.11,0.0,0.0,0.0,4.35,3.53,0.0,0.0,0.0,0.0,0.0,2026-09-28,2026-09-28,2026-09-28 14:23:46
HOY,HSBC PORTFÖY YABANCI BYF FON SEPETI,Yabancı Varlıklar,RETAIL_CANDIDATE,,True,2026-09-28,0.3697,0.6414,-0.2433,0.8847,0.1064,3.7577,-3.6513,3.9824,22.1712,30.6318,7.4987,-1.6023,-0.7807,1293111294.68,2466.0,329,0.0,4.95,0.0,88.44,0.0,0.0,0.0,0.0,3.52,0.0,0.0,0.0,0.0,0.0,2026-09-28,2026-09-28,2026-09-28 14:23:46
HPD,HSBC PORTFÖY İKİNCİ DEĞİŞKEN FON,Değişken,RETAIL_CANDIDATE,,True,2026-09-28,0.2166,0.393,-0.8459,1.2389,-0.81,5.7913,-6.6013,3.3337,8.9511,14.4812,10.4766,-3.1341,-0.81,287806081.61,1429.0,329,56.96,6.03,0.0,0.0,0.0,0.0,0.0,0.53,13.85,0.0,0.0,0.0,0.0,0.0,2026-09-28,2026-09-28,2026-09-28 14:23:46
HPO,HSBC PORTFÖY ÇOKLU VARLIK BİRİNCİ DEĞİŞKEN FON,Değişken,RETAIL_CANDIDATE,,True,2026-09-28,0.1752,0.6598,0.2737,0.386,1.7344,4.1033,-2.3689,7.6791,18.4907,40.8367,2.283,-0.3537,0.0,1153786097.35,2785.0,329,0.0,0.0,0.0,0.0,0.0,0.0,8.45,2.03,0.0,0.0,0.0,0.0,76.34,0.0,2026-09-28,2026-09-28,2026-09-28 14:23:46
HPT,HSBC PORTFÖY KISA VADELİ BORÇLANMA ARAÇLARI (TL) FONU,Borçlanma Araçları,RETAIL_CANDIDATE,,True,2026-09-28,0.1175,0.6863,0.5159,0.1704,2.6055,3.1682,-0.5627,9.1146,20.3969,43.5582,1.3373,0.0,0.0,4177637888.12,10411.0,329,0.0,0.0,0.0,0.0,0.0,0.0,42.36,5.62,0.0,0.0,0.0,0.0,17.81,0.0,2026-09-28,2026-09-28,2026-09-28 14:23:46
HPV,ZİRAAT PORTFÖY HALKBANK KISA VADELİ KİRA SERTİFİKALARI KATILIM (TL) FONU,Bankacılık / Finans,RETAIL_CANDIDATE,,True,2026-09-28,8.0731,0.6617,0.6872,-0.0256,2.7697,2.9083,-0.1386,9.1464,20.5453,43.6541,1.1932,0.0,0.0,9493709709.8,338629.0,329,0.0,0.0,0.0,0.0,0.0,0.0,0.0,0.0,0.0,0.0,0.0,0.0,0.0,0.0,2026-09-28,2026-09-28,2026-09-28 14:23:46
HRZ,AKTİF PORTFÖY BIST HALKA ARZ ŞİRKETLERİ HİSSE SENEDİ (TL) FONU (HİSSE SENEDİ YOĞUN FON),Hisse Senedi,RETAIL_CANDIDATE,,True,2026-09-28,1.701,-5.0959,-18.062,12.9661,-28.3023,5.0842,-33.3865,-30.0473,-10.6692,7.53,35.4693,-31.9171,-30.2719,105669891.24,3948.0,329,89.21,0.0,0.0,0.0,0.0,0.0,0.0,0.0,10.2,0.0,0.0,0.0,0.0,0.0,2026-09-28,2026-09-28,2026-09-28 14:23:46
HSA,HSBC PORTFÖY DEĞİŞKEN (TL) FON,Değişken,RETAIL_CANDIDATE,,True,2026-09-28,1662.3267,0.9983,-1.2569,2.2552,0.0243,4.513,-4.4887,3.0901,14.7529,24.7221,11.8095,-2.9464,-0.3353,3992867170.22,2280.0,329,52.43,0.0,0.0,0.0,0.0,0.0,6.98,7.54,2.41,0.0,0.0,0.0,18.35,0.0,2026-09-28,2026-09-28,2026-09-28 14:23:46
HST,HSBC PORTFÖY  BORÇLANMA ARAÇLARI (TL) FONU,Borçlanma Araçları,RETAIL_CANDIDATE,,True,2026-09-28,1.0323,0.3663,-0.5524,0.9186,1.0123,4.203,-3.1907,5.989,16.2703,29.7277,3.5646,-1.0072,-0.2984,340096373.77,3700.0,329,0.0,0.0,0.0,0.0,0.0,0.0,80.25,2.42,0.0,0.0,0.0,0.0,0.0,0.0,2026-09-28,2026-09-28,2026-09-28 14:23:46
HTJ,HEDEF PORTFÖY TEKNOLOJİ DEĞİŞKEN FON,Teknoloji,RETAIL_CANDIDATE,,True,2026-09-28,2.0604,4.1407,-2.2827,6.4234,2.1439,12.0848,-9.9409,13.4638,41.8625,39.0634,23.7344,-4.3145,-0.3304,44117655.46,234.0,329,13.62,55.53,0.0,13.32,0.0,0.0,0.0,0.0,8.0,0.0,0.0,0.0,0.0,0.0,2026-09-28,2026-09-28,2026-09-28 14:23:46
HTK,QNB PORTFÖY HAVACILIK VE SAVUNMA TEKNOLOJİLERİ FON SEPETİ FONU,Teknoloji,RETAIL_CANDIDATE,,True,2026-09-28,0.9841,-0.2771,-1.9376,1.6606,-6.5955,3.7357,-10.3312,-6.9094,,,12.7864,-11.3319,-11.1825,91538395.7,715.0,82,7.09,65.62,0.0,0.0,0.0,0.0,0.0,0.0,21.42,0.0,0.0,0.0,5.58,0.0,2026-09-28,2026-09-28,2026-09-28 14:23:46
HVI,DENİZ PORTFÖY HOLDİNGLER VE İŞTİRAKLERİ HİSSE SENEDİ (TL) FONU (HİSSE SENEDİ YOĞUN FON),Hisse Senedi,RETAIL_CANDIDATE,,True,2026-09-28,1.2525,-1.0405,-4.8953,3.8548,-4.7138,3.0769,-7.7907,-1.6641,9.4029,,29.1536,-8.3391,-6.232,34636521.22,316.0,229,93.85,0.0,0.0,0.0,0.0,0.0,0.0,0.0,1.71,0.0,0.0,0.0,0.0,0.0,2026-09-28,2026-09-28,2026-09-28 14:23:46
HVK,HEDEF PORTFÖY BİRİNCİ BORÇLANMA ARAÇLARI (TL) FONU,Borçlanma Araçları,RETAIL_CANDIDATE,,True,2026-09-28,5.0182,0.743,0.716,0.0269,3.0542,-6.1127,9.1669,-7.8849,2.6988,25.0497,1.3823,-12.6966,-10.0303,386561636.92,1190.0,329,0.0,0.0,0.0,0.0,0.0,0.0,0.0,5.21,15.27,0.0,0.0,0.0,0.0,0.0,2026-09-28,2026-09-28,2026-09-28 14:23:46
HVS,HSBC PORTFÖY HİSSE SENEDİ (TL) FONU (HİSSE SENEDİ YOĞUN FON),Hisse Senedi,RETAIL_CANDIDATE,,True,2026-09-28,1.5722,1.1489,-5.357,6.5059,-3.9406,6.6784,-10.619,-1.4945,9.9798,23.2137,30.6835,-8.5153,-4.4572,2446631659.98,9272.0,329,91.65,0.0,0.0,0.0,0.0,0.0,0.0,0.0,0.0,0.0,0.0,0.0,0.0,0.0,2026-09-28,2026-09-28,2026-09-28 14:23:46
HVU,ALLBATROSS PORTFÖY BİRİNCİ DEĞİŞKEN FON,Değişken,RETAIL_CANDIDATE,,True,2026-09-28,5.566,0.3498,-4.1496,4.4993,-3.0423,2.8366,-5.8789,0.9634,9.8056,22.0117,15.9541,-4.4261,-3.8143,9531624.58,695.0,329,44.34,0.0,0.0,0.0,0.0,0.0,0.0,0.0,18.81,0.0,0.0,0.0,0.0,0.0,2026-09-28,2026-09-28,2026-09-28 14:23:46
HVZ,ALLBATROSS PORTFÖY BİRİNCİ HİSSE SENEDİ (TL) FONU (HİSSE SENEDİ YOĞUN FON),Hisse Senedi,RETAIL_CANDIDATE,,True,2026-09-28,6.51,-0.987,-5.538,4.551,-4.5711,0.6289,-5.2001,-6.8235,1.3,6.5911,23.2144,-8.817,-8.2682,67637055.01,1594.0,329,85.37,0.0,0.0,0.0,0.0,0.0,0.0,0.0,14.63,0.0,0.0,0.0,0.0,0.0,2026-09-28,2026-09-28,2026-09-28 14:23:46
IAE,İSTANBUL PORTFÖY AGRESİF DEĞİŞKEN FON,Değişken,RETAIL_CANDIDATE,,True,2026-09-28,2.1636,3.6186,-4.4014,8.0201,-1.135,7.6278,-8.7627,7.8929,18.3643,50.4928,24.5482,-6.8884,-2.6781,251959948.17,368.0,329,68.55,0.0,0.0,0.0,0.0,0.0,0.0,0.0,8.7,0.0,0.0,0.0,0.0,0.0,2026-09-28,2026-09-28,2026-09-28 14:23:46
IAM,İŞ PORTFÖY AGRESİF FON SEPETİ FONU,Fon Sepeti,RETAIL_CANDIDATE,,True,2026-09-28,1.7128,-0.1129,-2.176,2.063,-2.7695,6.0049,-8.7744,-1.3016,13.1004,25.4577,9.657,-5.9764,-2.7695,74817210.99,2673.0,329,0.0,0.0,0.0,0.0,0.0,0.0,0.0,0.0,95.86,0.0,0.0,0.0,4.09,0.0,2026-09-28,2026-09-28,2026-09-28 14:23:46
IAT,İŞ PORTFÖY KİRA SERTİFİKALARI KATILIM (TL) FONU,Katılım,RETAIL_CANDIDATE,,True,2026-09-28,0.2026,0.4,0.643,-0.243,2.1039,2.6507,-0.5468,7.8701,17.7471,39.498,1.1422,-0.0524,0.0,2154699410.33,8835.0,329,0.0,0.0,0.0,0.0,0.0,0.0,0.0,0.0,0.0,0.0,0.0,0.0,0.0,0.0,2026-09-28,2026-09-28,2026-09-28 14:23:46
IAY,INVEO PORTFÖY ALTIN KATILIM FONU,Altın,RETAIL_CANDIDATE,,True,2026-09-28,1.4989,-1.6908,1.1781,-2.8689,-4.7447,14.0275,-18.7722,9.105,1.6869,26.0151,19.3012,-6.3904,-5.604,42993138.08,169.0,322,1.81,0.0,0.0,0.0,87.89,0.0,0.0,0.0,2.6,2.29,0.0,0.0,0.0,0.0,2026-09-28,2026-09-28,2026-09-28 14:23:46
IBB,İŞ PORTFÖY ATAK DEĞİŞKEN FON,Değişken,RETAIL_CANDIDATE,,True,2026-09-28,16.3263,0.4985,1.6553,-1.1567,3.0453,1.2963,1.749,4.8002,17.8831,39.0776,3.6531,-0.8235,0.0,1375746737.81,8450.0,329,0.0,0.0,0.0,0.0,0.0,0.0,0.0,0.02,8.96,0.0,0.0,0.0,76.41,0.0,2026-09-28,2026-09-28,2026-09-28 14:23:46
IBK,İŞ PORTFÖY ÜÇÜNCÜ KISA VADELİ BORÇLANMA ARAÇLARI (TL) FONU,Borçlanma Araçları,RETAIL_CANDIDATE,,True,2026-09-28,0.1416,0.7018,0.6973,0.0044,2.7711,3.0077,-0.2366,9.4104,21.2244,46.7599,1.3628,0.0,0.0,234419959.92,122080.0,329,0.0,0.0,0.0,0.0,0.0,0.0,2.47,34.88,0.0,0.0,0.0,0.0,10.36,0.0,2026-09-28,2026-09-28,2026-09-28 14:23:46
ICA,TEB PORTFÖY ICBC TURKEY ALTIN FONU,Altın,RETAIL_CANDIDATE,,True,2026-09-28,0.5496,-1.837,1.3268,-3.1638,-5.2249,14.3929,-19.6179,9.4066,1.557,25.7673,21.4441,-6.8229,-6.0157,585350198.99,2660.0,329,0.0,0.0,0.0,0.0,98.12,0.0,0.0,0.0,0.0,0.5,0.0,0.0,0.0,0.0,2026-09-28,2026-09-28,2026-09-28 14:23:46
ICC,TEB PORTFÖY BEŞİNCİ DEĞİŞKEN FON,Değişken,RETAIL_CANDIDATE,,True,2026-09-28,1.3392,-0.1304,-2.7189,2.5885,-1.6459,4.2838,-5.9297,2.1999,11.5808,26.0993,12.0193,-3.674,-2.8605,23400864.74,267.0,329,16.84,0.0,0.0,0.0,0.0,0.0,8.9,0.0,14.21,2.57,0.0,0.0,46.08,0.0,2026-09-28,2026-09-28,2026-09-28 14:23:46
ICD,TEB PORTFÖY DÖRDÜNCÜ DEĞİŞKEN FON,Değişken,RETAIL_CANDIDATE,,True,2026-09-28,138.7913,0.7448,0.1873,0.5574,2.3608,3.3264,-0.9656,8.4969,18.2369,37.8246,1.6307,-0.1287,0.0,34375962.65,189.0,329,0.0,0.0,0.0,0.0,0.0,0.0,54.62,0.0,5.24,0.0,0.0,0.0,23.28,0.0,2026-09-28,2026-09-28,2026-09-28 14:23:46
ICF,TEB PORTFÖY BİRİNCİ HİSSE SENEDİ FONU (HİSSE SENEDİ YOĞUN FON),Hisse Senedi,RETAIL_CANDIDATE,,True,2026-09-28,189.8539,0.1235,-4.3041,4.4276,-3.9791,6.1494,-10.1284,-0.799,11.6167,17.9943,29.2974,-7.9621,-4.186,18143198.26,525.0,329,89.87,0.0,0.0,0.0,0.0,0.0,0.0,0.0,0.0,0.0,0.0,0.0,0.0,0.0,2026-09-28,2026-09-28,2026-09-28 14:23:46
ICH,PARDUS PORTFÖY İKİNCİ DEĞİŞKEN FON,Değişken,RETAIL_CANDIDATE,,True,2026-09-28,2.3108,-3.2699,-5.3817,2.1118,-8.7122,9.4525,-18.1647,4.6718,21.4658,63.6871,9.4192,-9.1001,-9.1001,674838618.08,3561.0,329,61.86,0.0,0.0,0.0,0.0,0.0,0.0,0.0,18.24,0.0,0.0,0.0,0.0,0.0,2026-09-28,2026-09-28,2026-09-28 14:23:46
ICZ,AK PORTFÖY TEKNOLOJİ ŞİRKETLERİ HİSSE SENEDİ (TL) FONU (HİSSE SENEDİ YOĞUN FON),Teknoloji,RETAIL_CANDIDATE,,True,2026-09-28,7.3918,-0.5599,-13.8171,13.2573,-22.5224,6.8614,-29.3838,-17.767,1.7835,15.7257,29.5402,-26.5883,-25.0879,920071593.45,21047.0,329,85.5,0.0,0.0,0.0,0.0,0.0,0.0,0.0,3.73,0.0,0.0,0.0,9.66,0.0,2026-09-28,2026-09-28,2026-09-28 14:23:46
IDH,İŞ PORTFÖY BIST 100 DIŞI ŞİRKETLER HİSSE SENEDİ (TL) FONU (HİSSE SENEDİ YOĞUN FON),Hisse Senedi,RETAIL_CANDIDATE,,True,2026-09-28,11.5254,-2.7817,-8.7304,5.9487,-14.1892,7.0653,-21.2545,-10.3291,-3.3265,11.0395,23.1909,-14.5046,-14.1892,735445878.9,18740.0,329,97.66,0.0,0.0,0.0,0.0,0.0,0.0,0.0,0.59,0.0,0.0,0.0,1.72,0.0,2026-09-28,2026-09-28,2026-09-28 14:23:46
IDI,AZİMUT PORTFÖY İNŞAAT SEKTÖRÜ HİSSE SENEDİ FONU (HİSSE SENEDİ YOĞUN FON),Hisse Senedi,RETAIL_CANDIDATE,,True,2026-09-28,1.6703,3.5034,-10.2894,13.7928,-7.8885,24.8245,-32.7131,10.1521,26.1941,39.8173,28.4957,-11.3475,-7.8885,31511330.64,687.0,329,83.93,0.0,0.0,0.0,0.0,0.0,0.0,0.0,12.18,0.0,0.0,0.0,0.0,0.0,2026-09-28,2026-09-28,2026-09-28 14:23:46
IDY,TEB PORTFÖY İKİNCİ DEĞİŞKEN FON,Değişken,RETAIL_CANDIDATE,,True,2026-09-28,0.242,1.4617,-0.6673,2.129,1.5192,3.5494,-2.0302,5.9766,18.138,47.339,9.6435,-2.2167,-0.421,532070539.36,2354.0,329,0.0,30.7,0.0,12.35,0.0,0.0,2.03,1.91,2.01,0.0,0.0,0.0,46.4,0.0,2026-09-28,2026-09-28,2026-09-28 14:23:46
IED,İŞ PORTFÖY AGRESİF DEĞİŞKEN FON,Değişken,RETAIL_CANDIDATE,,True,2026-09-28,1.0464,0.6428,-2.8468,3.4896,-1.8481,7.1303,-8.9785,3.1,,,20.8178,-5.3001,-2.2222,59037375.91,1230.0,107,58.47,18.2,0.0,20.27,0.0,0.0,0.0,0.0,0.0,0.0,0.0,0.0,3.06,0.0,2026-09-28,2026-09-28,2026-09-28 14:23:46
IEV,İŞ PORTFÖY HAVACILIK VE SAVUNMA TEKNOLOJİLERİ DEĞİŞKEN FON,Teknoloji,RETAIL_CANDIDATE,,True,2026-09-28,4.8557,-0.2803,-4.5018,4.2216,-9.0136,3.0384,-12.052,-7.7848,10.7816,19.3793,13.9046,-12.5445,-12.1866,81130966.92,4030.0,329,25.96,68.98,0.0,0.0,0.0,0.0,0.0,0.0,2.65,0.0,0.0,0.0,0.94,0.0,2026-09-28,2026-09-28,2026-09-28 14:23:46
IFN,TEB PORTFÖY SÜRDÜRÜLEBİLİRLİK HİSSE SENEDİ FONU (HİSSE SENEDİ YOĞUN FON),Hisse Senedi,RETAIL_CANDIDATE,,True,2026-09-28,9.0517,-0.0028,-5.1869,5.184,-4.1814,3.6035,-7.7849,-4.9538,3.7901,8.3196,31.2716,-9.6833,-5.986,3765774.65,395.0,329,93.22,0.0,0.0,0.0,0.0,0.0,0.0,0.0,0.0,0.0,0.0,0.0,0.0,0.0,2026-09-28,2026-09-28,2026-09-28 14:23:46
IFV,TEB PORTFÖY BİRİNCİ KISA VADELİ BORÇLANMA ARAÇLARI (TL) FONU,Borçlanma Araçları,RETAIL_CANDIDATE,,True,2026-09-28,4.8295,0.6878,0.5879,0.0999,2.6114,3.1174,-0.506,9.1231,21.2719,45.9522,1.123,-0.0343,0.0,73448796.82,181.0,329,0.0,0.0,0.0,0.0,0.0,0.0,85.95,0.0,0.0,0.0,0.0,0.0,8.19,0.0,2026-09-28,2026-09-28,2026-09-28 14:23:46
IH1,İNCİR PORTFÖY BİRİNCİ HİSSE SENEDİ FONU (HİSSE SENEDİ YOĞUN FON),Hisse Senedi,RETAIL_CANDIDATE,,True,2026-09-28,0.9166,0.9206,-5.3691,6.2897,-3.8212,8.8125,-12.6337,,,,32.7323,-14.1592,-8.9505,175001957.62,78.0,59,87.92,0.0,0.0,0.0,0.0,0.0,0.0,0.0,2.85,0.0,0.0,0.0,0.0,0.0,2026-09-28,2026-09-28,2026-09-28 14:23:46
IHA,ALLBATROSS PORTFÖY İKİNCİ HİSSE SENEDİ (TL) FONU (HİSSE SENEDİ YOĞUN FON),Hisse Senedi,RETAIL_CANDIDATE,,True,2026-09-28,2.9945,1.2408,-7.659,8.8998,-6.3905,3.6048,-9.9953,-7.2386,0.8685,16.4122,34.3161,-10.325,-8.072,2692872.67,264.0,329,92.0,0.0,0.0,0.0,0.0,0.0,0.0,0.0,8.0,0.0,0.0,0.0,0.0,0.0,2026-09-28,2026-09-28,2026-09-28 14:23:46
IHK,İŞ PORTFÖY İŞ'TE KADIN HİSSE SENEDİ (TL) FONU (HİSSE SENEDİ YOĞUN FON),Hisse Senedi,RETAIL_CANDIDATE,,True,2026-09-28,15.9128,-0.841,-5.0998,4.2588,-6.6617,4.6554,-11.3171,-6.9913,-1.0671,11.9024,35.5161,-10.3327,-6.9913,1349545488.04,27304.0,329,96.01,0.0,0.0,0.0,0.0,0.0,0.0,0.0,0.83,0.0,0.0,0.0,1.51,0.0,2026-09-28,2026-09-28,2026-09-28 14:23:46
IHT,İŞ PORTFÖY İHRACATÇI ŞİRKETLER HİSSE SENEDİ (TL) FONU (HİSSE SENEDİ YOĞUN FON),Hisse Senedi,RETAIL_CANDIDATE,,True,2026-09-28,3.5843,-0.4044,-5.3102,4.9058,-6.2529,4.8185,-11.0715,-3.8059,3.0142,11.2255,29.0805,-9.0735,-6.5242,68275945.09,3153.0,329,94.14,0.0,0.0,0.0,0.0,0.0,0.0,0.0,1.58,0.0,0.0,0.0,4.28,0.0,2026-09-28,2026-09-28,2026-09-28 14:23:46
IIH,İSTANBUL PORTFÖY ÜÇÜNCÜ HİSSE SENEDİ FONU (HİSSE SENEDİ YOĞUN FON),Hisse Senedi,RETAIL_CANDIDATE,,True,2026-09-28,32.5265,-0.0952,-4.6542,4.559,-4.7442,7.396,-12.1402,-0.3817,7.4839,19.7729,28.886,-8.1755,-4.8065,1474671325.05,19158.0,329,88.93,0.0,0.0,0.0,0.0,0.0,0.0,0.0,9.6,0.0,0.0,0.0,0.0,0.0,2026-09-28,2026-09-28,2026-09-28 14:23:46
IJA,INVEO PORTFÖY ATAK DEĞİŞKEN FON,Değişken,RETAIL_CANDIDATE,,True,2026-09-28,13.7479,-0.3189,-3.3137,2.9948,-3.8142,5.0401,-8.8543,-1.1207,11.4606,37.2441,23.1088,-6.5376,-3.8485,159811233.71,1106.0,329,58.55,0.0,0.0,0.0,0.0,0.0,0.24,0.0,14.89,4.22,0.0,0.0,3.76,0.0,2026-09-28,2026-09-28,2026-09-28 14:23:46
IJB,İŞ PORTFÖY DİJİTAL OYUN SEKTÖRÜ KARMA FON,Diğer / Belirsiz,RETAIL_CANDIDATE,,True,2026-09-28,6.5837,-0.6414,-0.762,0.1206,-1.8192,6.2104,-8.0295,8.9557,18.0617,7.679,10.5675,-2.5783,-2.5325,201824787.93,6638.0,329,6.91,69.12,0.0,0.34,0.0,0.0,0.0,2.63,0.66,0.0,0.0,0.0,1.01,0.0,2026-09-28,2026-09-28,2026-09-28 14:23:46
IJC,İŞ PORTFÖY YARI İLETKEN TEKNOLOJİLERİ DEĞİŞKEN FON,Teknoloji,RETAIL_CANDIDATE,,True,2026-09-28,15.8785,2.7607,-4.3538,7.1145,-0.8568,3.7465,-4.6033,-10.6147,44.5662,63.0015,29.0044,-16.5683,-10.6147,4233034453.46,39933.0,329,25.05,66.41,0.0,0.41,0.0,0.0,0.0,0.0,0.73,0.0,0.0,0.0,7.24,0.0,2026-09-28,2026-09-28,2026-09-28 14:23:46
IJH,TEB PORTFÖY ICBC TURKEY FON SEPETİ FONU,Fon Sepeti,RETAIL_CANDIDATE,,True,2026-09-28,7.4292,0.4264,-0.175,0.6014,1.2346,3.7568,-2.5222,6.7476,15.6982,32.3749,4.1476,-0.7994,-0.0109,30626110.14,361.0,329,0.0,0.0,0.0,0.0,0.0,0.0,0.0,0.0,95.84,0.98,0.0,0.0,0.0,0.0,2026-09-28,2026-09-28,2026-09-28 14:23:46
IJP,İŞ PORTFÖY BLOCKCHAİN TEKNOLOJİLERİ KARMA FON,Teknoloji,RETAIL_CANDIDATE,,True,2026-09-28,9.4849,1.9554,-0.9293,2.8847,1.6014,4.5548,-2.9534,6.174,34.008,43.4225,15.2519,-3.6602,-0.5677,627223015.21,12168.0,329,6.13,70.27,0.0,0.81,0.0,0.0,0.0,9.56,0.32,0.0,0.0,0.0,1.24,0.0,2026-09-28,2026-09-28,2026-09-28 14:23:46
IJZ,İŞ PORTFÖY SİBER GÜVENLİK TEKNOLOJİLERİ DEĞİŞKEN FON,Teknoloji,RETAIL_CANDIDATE,,True,2026-09-28,14.5917,0.4216,0.4216,-0.0,-2.465,9.9868,-12.4518,4.6745,50.9403,47.2754,15.1132,-5.1271,-2.465,879796489.53,14629.0,329,24.83,71.59,0.0,0.01,0.0,0.0,0.0,0.0,0.23,0.0,0.0,0.0,1.89,0.0,2026-09-28,2026-09-28,2026-09-28 14:23:46
IKL,İŞ PORTFÖY SAĞLIK ŞİRKETLERİ KARMA FON,Sağlık,RETAIL_CANDIDATE,,True,2026-09-28,10.0698,0.5019,0.6506,-0.1487,-0.4847,5.1484,-5.6331,6.2798,19.2703,35.7398,7.8465,-2.601,-1.4753,252755121.4,5131.0,329,5.74,68.61,0.0,0.0,0.0,0.0,0.0,3.24,1.06,0.0,0.0,0.0,0.21,0.0,2026-09-28,2026-09-28,2026-09-28 14:23:46
IKP,İŞ PORTFÖY YENİLENEBİLİR ENERJİ KARMA FON,Enerji,RETAIL_CANDIDATE,,True,2026-09-28,9.046,-0.6418,-2.1082,1.4664,-2.2256,1.4943,-3.7199,-3.5422,15.4927,43.0835,16.6207,-5.7783,-4.1059,996176572.3,11929.0,329,10.04,62.99,0.0,0.0,0.0,0.0,0.0,14.78,0.31,0.0,0.0,0.0,4.24,0.0,2026-09-28,2026-09-28,2026-09-28 14:23:46
IKV,İŞ PORTFÖY İKİNCİ KISA VADELİ BORÇLANMA ARAÇLARI (TL) FONU,Borçlanma Araçları,RETAIL_CANDIDATE,,True,2026-09-28,1.5759,0.6975,0.6538,0.0437,2.7138,2.9375,-0.2237,9.2222,19.9514,44.5829,1.3762,0.0,0.0,349237832.51,1266.0,309,0.0,0.0,0.0,0.0,0.0,0.0,13.45,27.8,0.0,0.0,0.0,0.0,13.08,0.0,2026-09-28,2026-09-28,2026-09-28 14:23:46
ILZ,İŞ PORTFÖY TEMKİNLİ FON SEPETİ FONU,Fon Sepeti,RETAIL_CANDIDATE,,True,2026-09-28,8.4888,0.6131,0.7448,-0.1317,2.5898,2.6108,-0.021,7.8081,15.333,37.012,1.1248,-0.049,0.0,1064608142.35,6207.0,329,0.0,0.0,0.0,0.0,0.0,0.0,0.0,2.44,95.28,0.0,0.0,0.0,0.36,0.0,2026-09-28,2026-09-28,2026-09-28 14:23:46
IMB,İSTANBUL PORTFÖY ALGORİTMİK MODEL HİSSE SENEDİ FONU (HİSSE SENEDİ YOĞUN FON),Hisse Senedi,RETAIL_CANDIDATE,,True,2026-09-28,1.1281,-0.8208,-6.9953,6.1745,-8.1105,3.9084,-12.0189,-8.7496,-1.4233,8.431,30.6748,-10.6009,-9.1374,3511582.64,151.0,329,91.98,0.0,0.0,0.0,0.0,0.0,0.0,0.0,2.49,0.0,0.0,0.0,0.0,0.0,2026-09-28,2026-09-28,2026-09-28 14:23:46
IML,İŞ PORTFÖY MODEL PORTFÖY HİSSE SENEDİ (TL) FONU (HİSSE SENEDİ YOĞUN FON),Hisse Senedi,RETAIL_CANDIDATE,,True,2026-09-28,1.7014,0.6246,-7.1787,7.8033,-5.076,7.0817,-12.1577,-3.7248,7.7614,23.5557,30.4057,-9.0384,-6.599,836526269.85,3911.0,329,95.45,0.0,0.0,0.0,0.0,0.0,0.0,0.0,0.52,0.0,0.0,0.0,0.0,0.0,2026-09-28,2026-09-28,2026-09-28 14:23:46
IPB,İSTANBUL PORTFÖY BİRİNCİ DEĞİŞKEN FON,Değişken,RETAIL_CANDIDATE,,True,2026-09-28,0.7658,-2.4507,-8.7649,6.3143,-15.5741,4.6056,-20.1796,-12.3578,-4.5818,14.0648,20.4272,-17.2678,-16.1206,714332721.02,13251.0,329,44.66,17.44,0.0,0.0,0.0,0.0,0.0,0.0,8.33,0.0,0.0,0.0,0.0,0.0,2026-09-28,2026-09-28,2026-09-28 14:23:46
IPG,İŞ PORTFÖY ATAK FON SEPETİ FONU,Fon Sepeti,RETAIL_CANDIDATE,,True,2026-09-28,9.7544,0.3987,-0.4716,0.8703,0.5125,3.1652,-2.6527,4.4871,11.6214,28.4574,4.4147,-1.0143,-0.0748,352540648.43,1653.0,329,0.0,0.0,0.0,0.0,0.0,0.0,0.0,0.0,82.32,0.0,0.0,0.0,7.22,0.0,2026-09-28,2026-09-28,2026-09-28 14:23:46
IPJ,İŞ PORTFÖY ELEKTRİKLİ ARAÇLAR KARMA FON,Diğer / Belirsiz,RETAIL_CANDIDATE,,True,2026-09-28,19.9475,0.777,-0.4235,1.2005,-0.9413,4.1392,-5.0805,-0.8254,20.3518,45.6624,13.3065,-8.3574,-1.9102,1225897534.89,17590.0,329,5.52,66.58,0.0,3.28,0.0,0.0,0.0,11.38,0.39,0.0,0.0,0.0,0.51,0.0,2026-09-28,2026-09-28,2026-09-28 14:23:46
IPV,İŞ PORTFÖY EUROBOND BORÇLANMA ARAÇLARI (DÖVİZ) FONU,Eurobond,RETAIL_CANDIDATE,,True,2026-09-28,79.2178,0.1024,-0.0703,0.1727,0.5662,2.4625,-1.8963,4.6933,12.1428,23.0914,1.6157,-0.2288,-0.2194,2092696125.09,11566.0,329,0.0,0.0,0.0,0.0,0.0,0.0,0.0,0.0,1.73,0.0,0.0,0.0,2.88,0.0,2026-09-28,2026-09-28,2026-09-28 14:23:46
IRF,İSTANBUL PORTFÖY BİRİNCİ FON SEPETİ FONU,Fon Sepeti,RETAIL_CANDIDATE,,True,2026-09-28,7.6597,0.2322,0.2612,-0.029,1.47,3.9653,-2.4953,9.57,26.4256,58.5912,4.5462,-0.7154,0.0,403760147.1,1554.0,329,0.35,0.0,0.0,0.0,0.0,0.0,0.0,0.0,83.94,0.0,0.0,0.0,0.0,0.0,2026-09-28,2026-09-28,2026-09-28 14:23:46
IRT,INVEO PORTFÖY TEKNOLOJİ DEĞİŞKEN FON,Teknoloji,RETAIL_CANDIDATE,,True,2026-09-28,8.056,2.7741,-2.7522,5.5262,-0.0591,7.6874,-7.7465,1.6578,41.9187,68.8778,20.3133,-8.2284,-0.5824,122529221.31,1362.0,329,20.17,61.75,0.0,16.44,0.0,0.0,0.0,0.0,1.64,0.0,0.0,0.0,0.0,0.0,2026-09-28,2026-09-28,2026-09-28 14:23:46
IST,İSTANBUL PORTFÖY KISA VADELİ BORÇLANMA ARAÇLARI (TL) FONU,Borçlanma Araçları,RETAIL_CANDIDATE,,True,2026-09-28,0.2025,0.7336,0.7436,-0.01,2.9863,3.0939,-0.1076,9.7941,22.1863,48.4444,1.3319,0.0,0.0,1467530028.43,2878.0,329,0.0,0.0,0.0,0.0,0.0,0.0,4.58,1.94,0.0,0.0,0.0,0.0,0.0,0.0,2026-09-28,2026-09-28,2026-09-28 14:23:46
ITC,INVEO PORTFÖY TEMETTÜ ÖDEYEN ŞİRKETLER HİSSE SENEDİ (TL) FONU (HİSSE SENEDİ YOĞUN FON),Hisse Senedi,RETAIL_CANDIDATE,,True,2026-09-28,1.1363,0.1135,-4.7601,4.8735,-4.5907,3.6683,-8.2589,-5.7711,-1.0501,,26.1452,-8.3602,-6.0304,27544142.15,244.0,181,88.42,0.0,0.0,0.0,0.0,0.0,0.0,0.0,1.59,0.0,0.0,0.0,0.0,0.0,2026-09-28,2026-09-28,2026-09-28 14:23:46
ITP,İŞ PORTFÖY TEKNOLOJİ KARMA FON,Teknoloji,RETAIL_CANDIDATE,,True,2026-09-28,13.5861,2.3371,-0.458,2.7951,2.014,6.5236,-4.5096,6.4378,35.5861,46.2451,11.4263,-4.32,-0.038,1021921312.65,10885.0,329,5.99,70.97,0.0,0.0,0.0,0.0,0.0,1.75,0.38,0.0,0.0,0.0,0.41,0.0,2026-09-28,2026-09-28,2026-09-28 14:23:46
IUH,INVEO PORTFÖY DÖNÜŞTÜRÜCÜ TEKNOLOJİLER FON SEPETİ FONU,Teknoloji,RETAIL_CANDIDATE,,True,2026-09-28,6.3231,1.7394,-2.1448,3.8843,-0.6143,5.4623,-6.0766,2.5185,36.9193,48.1888,13.681,-4.3379,-1.6398,9070183.16,648.0,329,0.0,0.0,0.0,0.0,0.0,0.0,0.0,0.0,100.0,0.0,0.0,0.0,0.0,0.0,2026-09-28,2026-09-28,2026-09-28 14:23:46
IV8,INVEO PORTFÖY KİRA SERTİFİKALARI KATILIM FONU,Katılım,RETAIL_CANDIDATE,,True,2026-09-28,2.3785,0.5858,0.6057,-0.0198,2.5563,2.7902,-0.2339,8.4541,18.3913,40.8292,1.1004,0.0,0.0,33065146.28,116.0,329,0.0,0.0,0.0,0.0,0.0,0.0,0.0,0.0,4.86,0.0,0.0,0.0,0.0,0.0,2026-09-28,2026-09-28,2026-09-28 14:23:46
IVF,İSTANBUL PORTFÖY KATILIM HİSSE SENEDİ (TL) FONU (HİSSE SENEDİ YOĞUN FON),Hisse Senedi,RETAIL_CANDIDATE,,True,2026-09-28,6.0725,0.0972,-7.9278,8.025,-11.2996,9.9029,-21.2025,-2.4092,6.7525,29.258,27.9887,-12.598,-11.2996,68117804.93,1145.0,329,94.37,0.0,0.0,0.0,0.0,0.0,0.0,0.0,0.0,0.0,0.0,0.0,0.0,0.0,2026-09-28,2026-09-28,2026-09-28 14:23:46
IVY,İSTANBUL PORTFÖY BLOCKCHAIN TEKNOLOJİLERİ DEĞİŞKEN FON,Teknoloji,RETAIL_CANDIDATE,,True,2026-09-28,6.6965,3.8008,1.5272,2.2736,8.2445,7.4596,0.7849,10.8045,45.6131,35.7658,26.7398,-6.63,-1.915,653679245.38,11831.0,329,0.0,65.14,0.0,10.05,0.0,0.0,0.0,0.0,10.53,0.0,0.0,0.0,0.0,0.0,2026-09-28,2026-09-28,2026-09-28 14:23:46
IYB,AURA PORTFÖY DEĞİŞKEN FONU,Değişken,RETAIL_CANDIDATE,,True,2026-09-28,5.8857,-1.2624,-1.4192,0.1567,-2.1912,5.3538,-7.545,-1.4327,9.2286,35.1585,6.8554,-5.2698,-2.6637,75552828.15,211.0,329,16.33,0.0,0.0,0.0,0.0,0.0,24.81,12.57,7.24,0.0,0.0,0.0,0.0,0.0,2026-09-28,2026-09-28,2026-09-28 14:23:46
JET,ATA PORTFÖY HAVACILIK VE SAVUNMA TEKNOLOJİLERİ DEĞİŞKEN FON,Teknoloji,RETAIL_CANDIDATE,,True,2026-09-28,2.2122,-0.9711,-1.5343,0.5632,-7.3645,6.4437,-13.8082,-4.2456,3.9256,15.5828,14.4842,-10.6656,-10.6656,407663545.14,15229.0,329,24.21,66.37,0.0,0.0,0.0,0.0,0.0,0.0,7.62,0.0,0.0,0.0,0.0,0.0,2026-09-28,2026-09-28,2026-09-28 14:23:46
KCL,KARE PORTFÖY ÇOKLU VARLIK KATILIM FONU,Katılım,RETAIL_CANDIDATE,,True,2026-09-28,1.7254,-0.3065,-3.4184,3.1119,-5.1003,6.0536,-11.1539,1.9978,7.8917,32.0552,11.2043,-5.8363,-5.6048,10426028.14,140.0,329,42.36,0.0,0.0,0.0,0.0,0.0,0.0,0.0,3.58,16.04,0.0,0.0,0.0,0.0,2026-09-28,2026-09-28,2026-09-28 14:23:46
KCR,AK PORTFÖY KÜLÇE ALTIN KATILIM FONU,Altın,RETAIL_CANDIDATE,,True,2026-09-28,1.0714,-1.438,1.159,-2.597,-4.2734,13.7649,-18.0383,,,,18.9065,-5.97,-4.9414,94099099.04,724.0,59,0.0,0.0,0.0,0.0,92.38,0.0,0.0,0.0,0.0,0.0,0.0,0.0,0.0,0.0,2026-09-28,2026-09-28,2026-09-28 14:23:46
KCV,KUVEYT TÜRK PORTFÖY ÇOKLU VARLIK KATILIM FONU,Katılım,RETAIL_CANDIDATE,,True,2026-09-28,5.3103,-0.2575,-0.1181,-0.1393,-0.4795,6.1124,-6.5919,5.125,21.5116,50.3345,8.1918,-1.8074,-0.4795,2707729243.58,13037.0,329,10.69,9.59,0.0,0.29,0.0,0.0,0.0,0.0,7.16,8.27,0.0,0.0,0.0,0.0,2026-09-28,2026-09-28,2026-09-28 14:23:46
KDE,KUVEYT TÜRK PORTFÖY DENGELİ KATILIM FONU,Katılım,RETAIL_CANDIDATE,,True,2026-09-28,1.8058,0.2132,-1.0537,1.2669,-0.1176,5.908,-6.0256,6.9311,22.6277,52.2662,6.6704,-1.8143,-0.8428,637467692.34,3744.0,329,16.4,6.26,0.0,0.0,0.0,0.0,0.0,0.0,12.42,4.46,0.0,0.0,0.0,0.0,2026-09-28,2026-09-28,2026-09-28 14:23:46
KGM,KUVEYT TÜRK PORTFÖY GÜMÜŞ KATILIM FON SEPETİ FONU,Gümüş,RETAIL_CANDIDATE,,True,2026-09-28,2.9572,-3.3015,3.3553,-6.6568,-6.9791,22.7422,-29.7213,8.6855,1.4508,65.0202,28.3742,-8.902,-6.9791,2809388973.35,29413.0,329,0.0,0.0,0.0,67.4,11.74,0.0,0.0,0.0,1.6,19.26,0.0,0.0,0.0,0.0,2026-09-28,2026-09-28,2026-09-28 14:23:46
KH1,AK PORTFÖY KATILIM HİSSE SENEDİ FONU (HİSSE SENEDİ YOĞUN FON),Hisse Senedi,RETAIL_CANDIDATE,,True,2026-09-28,1.3015,1.0006,-6.2621,7.2628,-7.4777,12.2645,-19.7422,3.2644,12.9864,27.8383,28.9011,-10.5878,-7.4777,88759405.98,1160.0,274,87.16,0.0,0.0,0.0,0.0,0.0,0.0,0.0,0.0,0.0,0.0,0.0,0.0,0.0,2026-09-28,2026-09-28,2026-09-28 14:23:46
KHA,PARDUS PORTFÖY İKİNCİ HİSSE SENEDİ (TL) FONU (HİSSE SENEDİ YOĞUN FON),Hisse Senedi,RETAIL_CANDIDATE,,True,2026-09-28,3.59,-14.1222,-11.1545,-2.9677,-23.0458,16.9306,-39.9764,-1.8531,26.0686,70.6607,33.9305,-23.7014,-23.7014,2174964488.76,25137.0,329,70.61,0.0,0.0,0.0,0.0,0.0,0.0,0.0,9.54,0.0,0.0,0.0,0.0,0.0,2026-09-28,2026-09-28,2026-09-28 14:23:46
KHB,KARE PORTFÖY BIST 100 DIŞI ŞİRKETLER HİSSE SENEDİ FONU (HİSSE SENEDİ YOĞUN FON),Hisse Senedi,RETAIL_CANDIDATE,,True,2026-09-28,1.3448,-4.6765,-10.9031,6.2266,-19.9372,3.5004,-23.4376,-17.5547,-7.2571,5.8671,23.5459,-21.8013,-21.7501,11274512.51,182.0,329,84.4,0.0,0.0,0.0,0.0,0.0,0.0,0.0,0.0,0.0,0.0,0.0,0.0,0.0,2026-09-28,2026-09-28,2026-09-28 14:23:46
KHC,PARDUS PORTFÖY KATILIM HİSSE SENEDİ (TL) FONU (HİSSE SENEDİ YOĞUN FON),Hisse Senedi,RETAIL_CANDIDATE,,True,2026-09-28,1.7765,-7.0713,-14.3601,7.2887,-21.5513,9.9869,-31.5382,-19.5294,-8.092,0.8452,30.6245,-21.8925,-21.8925,34903528.58,1342.0,329,100.0,0.0,0.0,0.0,0.0,0.0,0.0,0.0,0.0,0.0,0.0,0.0,0.0,0.0,2026-09-28,2026-09-28,2026-09-28 14:23:46
KHJ,ATLAS PORTFÖY KATILIM HİSSE SENEDİ FONU (HİSSE SENEDİ YOĞUN FON),Hisse Senedi,RETAIL_CANDIDATE,,True,2026-09-28,0.9961,-3.6356,-14.2147,10.5791,-18.7239,8.9137,-27.6377,-16.8034,-4.8135,1.6115,30.7667,-19.0314,-18.7239,11934219.9,424.0,329,81.88,0.0,0.0,0.0,0.0,0.0,0.0,0.0,0.0,0.0,0.0,0.0,0.0,0.0,2026-09-28,2026-09-28,2026-09-28 14:23:46
KIA,TRIVE PORTFÖY MUTLAK GETİRİ HEDEFLİ DEĞİŞKEN FON,Değişken,RETAIL_CANDIDATE,,True,2026-09-28,4.4876,0.3303,-1.0147,1.345,2.9704,1.8664,1.104,3.3685,7.1295,25.1856,9.874,-3.409,-0.6878,4960509.21,317.0,329,10.24,0.0,0.0,0.0,0.0,0.0,0.0,0.0,0.28,0.0,0.0,0.0,20.85,0.0,2026-09-28,2026-09-28,2026-09-28 14:23:46
KIB,TRIVE PORTFÖY ROBOTİK TEKNOLOJİLERİ DEĞİŞKEN FON,Teknoloji,RETAIL_CANDIDATE,,True,2026-09-28,4.2961,2.0915,-4.7228,6.8143,-2.4363,9.3883,-11.8245,4.5655,19.4702,19.0396,20.3673,-5.0901,-2.8839,10062753.92,1004.0,329,32.1,65.23,0.0,0.0,0.0,0.0,0.0,0.0,0.0,0.0,0.0,0.0,0.0,0.0,2026-09-28,2026-09-28,2026-09-28 14:23:46
KIK,KUVEYT TÜRK PORTFÖY İKİNCİ KATILIM FONU,Katılım,RETAIL_CANDIDATE,,True,2026-09-28,1.4689,2.7153,-1.8877,4.603,0.2566,5.9434,-5.6868,0.6844,24.0873,39.0226,20.373,-8.3042,-1.075,156966267.74,1292.0,278,20.08,61.61,0.0,7.97,4.25,0.0,0.0,0.0,3.45,0.0,0.0,0.0,0.0,0.0,2026-09-28,2026-09-28,2026-09-28 14:23:46
KIS,ASTRA PORTFÖY KİRA SERTİFİKASI KATILIM (DÖVİZ) FONU,Katılım,RETAIL_CANDIDATE,,True,2026-09-28,0.2228,0.0633,0.0688,-0.0054,0.4672,1.8984,-1.4312,3.7911,8.681,19.0372,1.8408,-0.3094,-0.261,72602515.25,710.0,329,0.0,0.0,0.0,0.0,0.0,0.0,0.0,0.0,20.47,0.0,0.0,0.0,0.0,0.0,2026-09-28,2026-09-28,2026-09-28 14:23:46
KKH,İŞ PORTFÖY DENGELİ FON SEPETİ FONU,Fon Sepeti,RETAIL_CANDIDATE,,True,2026-09-28,7.04,0.6726,0.6475,0.0251,2.2973,2.7434,-0.4461,5.487,14.9945,36.1666,1.4496,-0.5999,0.0,516916577.42,4886.0,329,0.0,0.0,0.0,6.44,0.0,0.0,0.0,0.0,80.89,0.0,0.0,0.0,1.67,0.0,2026-09-28,2026-09-28,2026-09-28 14:23:46
KME,KUVEYT TÜRK PORTFÖY TEMKİNLİ KATILIM FONU,Katılım,RETAIL_CANDIDATE,,True,2026-09-28,1.6384,-1.6692,1.7363,-3.4055,-0.4655,5.7644,-6.2299,4.275,15.0196,40.3073,11.5845,-2.2448,-1.6692,139415315.63,1217.0,329,1.64,0.0,0.0,0.0,0.0,0.0,0.0,0.0,5.86,6.77,0.0,0.0,0.0,0.0,2026-09-28,2026-09-28,2026-09-28 14:23:46
KMF,AZİMUT PORTFÖY ALTIN KATILIM FONU,Altın,RETAIL_CANDIDATE,,True,2026-09-28,3.4428,-1.4199,0.4774,-1.8972,-5.2746,13.1173,-18.3919,8.7271,2.7265,29.863,17.0152,-6.6746,-6.2115,1592382062.88,2044.0,329,7.97,0.0,0.0,0.0,22.83,0.0,0.0,0.0,6.17,7.69,0.0,0.0,0.0,0.0,2026-09-28,2026-09-28,2026-09-28 14:23:46
KMN,YAPI KREDİ PORTFÖY KIYMETLİ MADENLER KATILIM FONU,Kıymetli Madenler,RETAIL_CANDIDATE,,True,2026-09-28,0.9429,-2.6793,2.1985,-4.8778,-5.8015,16.4691,-22.2706,8.8004,2.856,,18.004,-6.3459,-5.929,323668182.56,4702.0,161,0.0,0.0,0.0,2.33,67.33,0.0,0.0,0.0,0.02,0.0,0.0,0.0,0.0,0.0,2026-09-28,2026-09-28,2026-09-28 14:23:46
KNJ,KUVEYT TÜRK PORTFÖY ENERJİ KATILIM FONU,Enerji,RETAIL_CANDIDATE,,True,2026-09-28,2.0315,-1.6561,-3.3126,1.6565,-3.8954,10.6463,-14.5416,11.0638,12.9908,55.9725,12.8638,-6.3268,-6.3268,1069079156.21,15371.0,329,18.85,71.55,0.0,0.0,0.0,0.0,0.0,0.0,9.6,0.0,0.0,0.0,0.0,0.0,2026-09-28,2026-09-28,2026-09-28 14:23:46
KOD,YAPI KREDİ PORTFÖY KÜÇÜK ÖLÇEKLİ ŞİRKETLER DEĞİŞKEN FON,Değişken,RETAIL_CANDIDATE,,True,2026-09-28,0.9845,-0.5193,-5.4984,4.9791,-5.7074,6.8776,-12.585,-0.5607,,,18.2594,-7.1687,-6.5894,49926140.67,646.0,99,20.69,64.94,0.0,3.32,0.0,0.0,0.0,0.0,11.05,0.0,0.0,0.0,0.0,0.0,2026-09-28,2026-09-28,2026-09-28 14:23:46
KOT,AZİMUT PORTFÖY KOÇ TOPLULUĞU ŞİRKETLERİ HİSSE SENEDİ FONU (HİSSE SENEDİ YOĞUN FON),Hisse Senedi,RETAIL_CANDIDATE,,True,2026-09-28,1.5096,-1.4002,-2.2614,0.8612,-0.9884,12.3248,-13.3132,10.1226,11.8112,22.5617,26.0576,-7.6502,-3.6299,140914425.06,2610.0,329,98.83,0.0,0.0,0.0,0.0,0.0,0.0,0.0,1.09,0.0,0.0,0.0,0.0,0.0,2026-09-28,2026-09-28,2026-09-28 14:23:46
KPA,KUVEYT TÜRK PORTFÖY KAR PAYI ÖDEYEN KATILIM HİSSE SENEDİ FONU (HİSSE SENEDİ YOĞUN FON),Hisse Senedi,RETAIL_CANDIDATE,,True,2026-09-28,1.6123,-0.4015,-7.0993,6.6978,-8.9675,7.689,-16.6565,-1.3436,15.0828,28.6756,24.8348,-10.251,-9.7483,498348457.34,13428.0,329,84.79,0.0,0.0,0.0,0.0,0.0,0.0,0.0,8.55,0.0,0.0,0.0,0.0,0.0,2026-09-28,2026-09-28,2026-09-28 14:23:46
KPC,KUVEYT TÜRK PORTFÖY KATILIM HİSSE SENEDİ (TL) FONU (HİSSE SENEDİ YOĞUN FON),Hisse Senedi,RETAIL_CANDIDATE,,True,2026-09-28,20.6966,-0.3279,-6.0323,5.7044,-6.842,11.0874,-17.9294,2.0672,17.4133,39.2433,25.923,-8.8624,-6.9677,4466693069.01,24151.0,329,83.61,0.0,0.0,0.0,0.0,0.0,0.0,0.0,1.51,1.2,0.0,0.0,0.0,0.0,2026-09-28,2026-09-28,2026-09-28 14:23:46
KPH,İŞ PORTFÖY KAR PAYI ÖDEYEN HİSSE SENEDİ (TL) FONU (HİSSE SENEDİ YOĞUN FON),Hisse Senedi,RETAIL_CANDIDATE,,True,2026-09-28,1.2146,-0.8151,-5.4733,4.6582,-5.7426,4.2011,-9.9436,-6.1,-4.0234,11.8069,34.0321,-9.1364,-6.3748,503310213.65,11107.0,329,91.72,0.0,0.0,0.0,0.0,0.0,0.0,0.0,1.25,0.0,0.0,0.0,4.45,0.0,2026-09-28,2026-09-28,2026-09-28 14:23:46
KPU,KUVEYT TÜRK PORTFÖY İKİNCİ KATILIM HİSSE SENEDİ (TL) FONU (HİSSE SENEDİ YOĞUN FON),Hisse Senedi,RETAIL_CANDIDATE,,True,2026-09-28,3.8114,0.2887,-6.4451,6.7338,-8.0976,7.86,-15.9576,-3.0397,12.3853,32.0754,26.0432,-9.9634,-8.0976,513705366.66,5921.0,329,86.73,0.0,0.0,0.0,0.0,0.0,0.0,0.0,2.77,0.0,0.0,0.0,0.0,0.0,2026-09-28,2026-09-28,2026-09-28 14:23:46
KRC,KARE PORTFÖY BİRİNCİ BORÇLANMA ARAÇLARI FONU,Borçlanma Araçları,RETAIL_CANDIDATE,,True,2026-09-28,0.151,0.8965,0.1251,0.7714,2.0326,4.0785,-2.0459,7.8255,19.8811,35.7348,2.6347,-0.4055,0.0,30493310.39,139.0,329,0.0,0.0,0.0,0.0,0.0,0.0,60.58,0.0,0.0,0.0,0.0,0.0,0.0,0.0,2026-09-28,2026-09-28,2026-09-28 14:23:46
KRF,KARE PORTFÖY BİRİNCİ DEĞİŞKEN FON,Değişken,RETAIL_CANDIDATE,,True,2026-09-28,21.642,-0.4219,-1.5353,1.1133,-0.4258,5.5901,-6.0158,6.6568,14.8481,38.4998,8.4752,-2.2137,-1.9902,45258903.62,521.0,329,28.51,0.0,0.0,0.0,0.0,0.0,0.0,0.0,16.51,0.0,0.0,0.0,0.0,0.0,2026-09-28,2026-09-28,2026-09-28 14:23:46
KRR,İŞ PORTFÖY KARMA FON,Diğer / Belirsiz,RETAIL_CANDIDATE,,True,2026-09-28,1.1625,0.4182,-2.7792,3.1974,-1.4999,7.0439,-8.5437,3.4282,13.6521,,21.451,-5.4575,-2.3727,23623598.04,601.0,136,59.14,0.0,0.0,0.0,0.0,0.0,0.0,6.59,1.12,0.0,0.0,0.0,0.0,0.0,2026-09-28,2026-09-28,2026-09-28 14:23:46
KSR,KUVEYT TÜRK PORTFÖY SÜRDÜRÜLEBİLİRLİK KATILIM FONU,Katılım,RETAIL_CANDIDATE,,True,2026-09-28,5.28,1.9408,-0.6432,2.584,1.2454,6.0339,-4.7885,7.7232,24.3975,37.6266,14.8486,-3.2949,-0.1335,167056228.29,3700.0,329,26.8,54.62,0.0,0.0,0.0,0.0,0.0,0.0,7.21,0.0,0.0,0.0,0.0,0.0,2026-09-28,2026-09-28,2026-09-28 14:23:46
KST,ALLBATROSS PORTFÖY KATILIM HİSSE SENEDİ (TL) FONU (HİSSE SENEDİ YOĞUN FON),Hisse Senedi,RETAIL_CANDIDATE,,True,2026-09-28,1.8578,-0.7158,-7.7903,7.0746,-10.947,4.7627,-15.7096,-3.057,6.1478,12.0899,28.0165,-11.4731,-11.0839,6749894.7,389.0,329,86.85,0.0,0.0,0.0,0.0,0.0,0.0,0.0,9.0,4.15,0.0,0.0,0.0,0.0,2026-09-28,2026-09-28,2026-09-28 14:23:46
KTI,AZİMUT PORTFÖY KATILIM HİSSE SENEDİ FONU (HİSSE SENEDİ YOĞUN FON),Hisse Senedi,RETAIL_CANDIDATE,,True,2026-09-28,2.0051,0.1414,-8.1032,8.2446,-10.6502,11.9728,-22.6231,-0.531,14.0189,25.234,27.9861,-11.9861,-10.6502,110012195.09,525.0,329,81.02,0.0,0.0,0.0,0.0,0.0,0.0,0.0,10.9,3.56,0.0,0.0,0.0,0.0,2026-09-28,2026-09-28,2026-09-28 14:23:46
KTJ,KUVEYT TÜRK PORTFÖY TEKNOLOJİ KATILIM FONU,Teknoloji,RETAIL_CANDIDATE,,True,2026-09-28,2.8112,4.7772,0.3286,4.4486,5.3596,7.8837,-2.5241,9.3597,50.628,65.1276,19.4754,-8.5888,0.0,1569479602.98,20649.0,329,9.95,77.35,0.0,0.0,0.0,0.0,0.0,0.0,4.62,0.0,0.0,0.0,0.0,0.0,2026-09-28,2026-09-28,2026-09-28 14:23:46
KTM,KUVEYT TÜRK PORTFÖY BİRİNCİ KATILIM (TL) FONU,Katılım,RETAIL_CANDIDATE,,True,2026-09-28,22.3105,-0.3646,-3.145,2.7804,-3.1222,5.945,-9.0671,4.3551,17.4335,38.6838,10.3863,-4.3639,-3.8588,658974686.38,5760.0,329,29.08,0.0,0.0,0.0,0.0,0.0,0.0,0.0,7.15,0.0,0.0,0.0,0.0,0.0,2026-09-28,2026-09-28,2026-09-28 14:23:46
KTN,KUVEYT TÜRK PORTFÖY KİRA SERTİFİKALARI KATILIM (TL) FONU,Katılım,RETAIL_CANDIDATE,,True,2026-09-28,8.1328,-1.3422,0.365,-1.7071,0.0326,2.5177,-2.4851,5.3109,12.9828,34.1489,5.4748,-1.5125,-1.5125,392417934.77,4217.0,329,0.0,0.0,0.0,0.0,0.0,0.0,0.0,0.0,3.45,0.0,0.0,0.0,0.0,0.0,2026-09-28,2026-09-28,2026-09-28 14:23:46
KTV,KUVEYT TÜRK PORTFÖY KISA VADELİ KİRA SERTİFİKALARI KATILIM (TL) FONU,Katılım,RETAIL_CANDIDATE,,True,2026-09-28,7.973,0.5794,0.6835,-0.1041,2.6017,2.9021,-0.3005,8.88,19.8353,42.6476,1.3154,0.0,0.0,39372503366.19,47029.0,329,0.0,0.0,0.0,0.0,0.0,0.0,0.0,0.0,0.0,0.0,0.0,0.0,0.0,0.0,2026-09-28,2026-09-28,2026-09-28 14:23:46
KU3,KUVEYT TÜRK PORTFÖY ÜÇÜNCÜ KATILIM FONU,Katılım,RETAIL_CANDIDATE,,True,2026-09-28,1.1538,1.8947,-4.3212,6.216,-2.6745,8.3143,-10.9888,1.7603,,,22.0227,-6.7049,-3.0474,261438655.48,2663.0,107,56.23,36.0,0.0,0.0,0.0,0.0,0.0,0.0,2.64,0.0,0.0,0.0,0.0,0.0,2026-09-28,2026-09-28,2026-09-28 14:23:46
KUA,KUVEYT TÜRK PORTFÖY AGRESİF KATILIM FONU,Katılım,RETAIL_CANDIDATE,,True,2026-09-28,1.4101,0.4661,-4.5514,5.0175,-5.0501,7.6362,-12.6863,-3.1129,9.2531,19.2332,20.9268,-7.136,-5.0501,89901066.19,1961.0,329,62.07,0.0,0.0,0.0,0.0,0.0,0.0,0.0,3.73,0.0,0.0,0.0,0.0,0.0,2026-09-28,2026-09-28,2026-09-28 14:23:46
KUB,KARE PORTFÖY DEĞİŞKEN  (DÖVİZ) FONU,Değişken,RETAIL_CANDIDATE,,True,2026-09-28,0.765,0.5896,-0.036,0.6256,1.1006,3.968,-2.8674,6.4315,18.1759,18.9569,5.305,-0.7908,-0.3787,534296042.0,3246.0,329,0.0,14.12,0.0,0.0,0.0,0.0,0.0,0.0,0.18,0.0,0.0,0.0,0.0,0.0,2026-09-28,2026-09-28,2026-09-28 14:23:46
KUD,KUVEYT TÜRK PORTFÖY DİNAMİK KATILIM FONU,Katılım,RETAIL_CANDIDATE,,True,2026-09-28,1.7518,-0.1126,-2.5275,2.415,-2.1117,7.5424,-9.654,5.7235,23.7154,45.8091,11.9801,-3.4728,-2.6372,257505151.35,2656.0,329,31.72,0.0,0.0,1.49,0.0,0.0,0.0,0.0,0.39,6.11,0.0,0.0,0.0,0.0,2026-09-28,2026-09-28,2026-09-28 14:23:46
KUT,KUVEYT TÜRK PORTFÖY KIYMETLİ MADENLER KATILIM FONU,Kıymetli Madenler,RETAIL_CANDIDATE,,True,2026-09-28,12.0337,-2.7997,2.3335,-5.1332,-6.1318,16.9154,-23.0472,9.3392,0.7141,47.3014,25.0454,-7.0172,-6.2569,7325763026.01,38815.0,329,0.0,0.0,0.0,3.9,67.16,0.0,0.0,0.0,1.03,9.15,0.0,0.0,0.0,0.0,2026-09-28,2026-09-28,2026-09-28 14:23:46
KVT,AK PORTFÖY ENERJİ ŞİRKETLERİ HİSSE SENEDİ (TL) FONU (HİSSE SENEDİ YOĞUN FON),Enerji,RETAIL_CANDIDATE,,True,2026-09-28,1.278,-0.1902,-11.3349,11.1448,-14.4049,5.887,-20.2919,-10.0731,0.5499,6.6768,28.5044,-18.2219,-16.3016,97945315.15,2716.0,329,87.15,0.0,0.0,0.0,0.0,0.0,0.0,0.0,2.88,0.0,0.0,0.0,9.45,0.0,2026-09-28,2026-09-28,2026-09-28 14:23:46
KYA,KARE PORTFÖY HİSSE SENEDİ FONU(HİSSE SENEDİ YOĞUN FON),Hisse Senedi,RETAIL_CANDIDATE,,True,2026-09-28,1.1329,-0.3627,-6.8496,6.4869,-7.5247,4.4645,-11.9892,-4.7663,-3.4536,7.6629,31.2252,-10.4097,-8.3805,56607944.82,1348.0,329,87.24,0.0,0.0,0.0,0.0,0.0,0.0,0.0,5.71,0.0,0.0,0.0,0.0,0.0,2026-09-28,2026-09-28,2026-09-28 14:23:46
KZL,KUVEYT TÜRK PORTFÖY ALTIN KATILIM FONU,Altın,RETAIL_CANDIDATE,,True,2026-09-28,28.1025,-1.7891,1.3748,-3.1639,-5.0772,14.7815,-19.8587,10.1575,3.2219,31.1001,21.6137,-6.8151,-5.8426,86532148212.93,63612.0,329,0.0,0.0,0.0,0.0,99.89,0.0,0.0,0.0,0.11,0.0,0.0,0.0,0.0,0.0,2026-09-28,2026-09-28,2026-09-28 14:23:46
KZU,KUVEYT TÜRK PORTFÖY İKİNCİ ALTIN KATILIM FONU,Altın,RETAIL_CANDIDATE,,True,2026-09-28,2.378,-1.6187,1.2162,-2.8349,-5.1577,14.3767,-19.5344,9.0089,3.2356,25.2425,20.5393,-6.9665,-6.1389,440987300.48,5588.0,329,0.0,0.0,0.0,0.0,69.97,0.0,0.0,0.0,0.98,13.78,0.0,0.0,0.0,0.0,2026-09-28,2026-09-28,2026-09-28 14:23:46
LKF,İŞ PORTFÖY ALTIN KATILIM FONU,Altın,RETAIL_CANDIDATE,,True,2026-09-28,1.034,-1.4637,0.9572,-2.4209,-5.0101,13.6788,-18.6889,8.8034,,,19.2716,-6.5194,-5.8952,137782208.05,1293.0,73,0.0,0.0,0.0,0.0,68.32,0.0,0.0,0.0,11.84,5.14,0.0,0.0,0.0,0.0,2026-09-28,2026-09-28,2026-09-28 14:23:46
LTL,AHLATCI PORTFÖY HİSSE SENEDİ (TL) FONU (HİSSE SENEDİ YOĞUN FON),Hisse Senedi,RETAIL_CANDIDATE,,True,2026-09-28,1.1646,0.3742,-3.5063,3.8804,5.0592,-0.3103,5.3695,13.46,,,28.2145,-6.1416,-3.1452,148017736.39,2810.0,74,88.47,0.0,0.0,0.0,0.0,0.0,0.0,0.0,0.87,0.0,0.0,0.0,0.0,0.0,2026-09-28,2026-09-28,2026-09-28 14:23:46
MAC,MARMARA CAPITAL PORTFÖY HİSSE SENEDİ (TL) FONU (HİSSE SENEDİ YOĞUN FON),Hisse Senedi,RETAIL_CANDIDATE,,True,2026-09-28,0.6971,-1.5662,-5.9984,4.4323,-8.1687,-1.5624,-6.6063,-12.3616,-2.6537,4.3967,26.5378,-13.4799,-12.8742,3785205173.6,32745.0,329,97.52,0.0,0.0,0.0,0.0,0.0,0.0,0.0,0.0,0.0,0.0,0.0,0.0,0.0,2026-09-28,2026-09-28,2026-09-28 14:23:46
MAD,MEKSA PORTFÖY BİRİNCİ DEĞİŞKEN FON,Değişken,RETAIL_CANDIDATE,,True,2026-09-28,0.9881,-0.5336,-5.2868,4.7532,-5.5012,4.3825,-9.8838,-8.0761,2.4,6.1941,32.0028,-11.0919,-8.0761,23079072.65,325.0,329,73.34,0.0,0.0,0.0,0.0,0.0,0.0,0.0,0.0,0.0,0.0,0.0,0.0,0.0,2026-09-28,2026-09-28,2026-09-28 14:23:46
MBL,MEKSA PORTFÖY İKİNCİ DEĞİŞKEN FON,Değişken,RETAIL_CANDIDATE,,True,2026-09-28,0.2982,0.6685,0.6504,0.0181,2.683,2.8592,-0.1762,8.9857,20.7582,44.4702,1.2432,0.0,0.0,21442367.08,195.0,329,0.0,0.0,0.0,0.0,0.0,0.0,0.0,2.36,0.0,0.0,0.0,0.0,65.19,0.0,2026-09-28,2026-09-28,2026-09-28 14:23:46
MBR,MT PORTFÖY BİRİNCİ BORÇLANMA ARAÇLARI FONU,Borçlanma Araçları,RETAIL_CANDIDATE,,True,2026-09-28,1.8049,0.2149,-0.5918,0.8067,0.7741,4.9026,-4.1285,10.6717,26.0062,54.4913,3.593,-0.9906,-0.4238,130262047.28,306.0,329,1.24,0.0,0.0,0.0,0.0,0.0,31.99,2.21,0.0,0.0,0.0,0.0,0.0,0.0,2026-09-28,2026-09-28,2026-09-28 14:23:46
MD1,MT PORTFÖY BİRİNCİ DEĞİŞKEN FON,Değişken,RETAIL_CANDIDATE,,True,2026-09-28,1.9936,-9.9133,-3.8381,-6.0752,-14.3374,7.0153,-21.3527,-4.019,9.0682,47.5829,27.5218,-14.3374,-14.3374,47037444.46,406.0,329,59.11,0.0,0.0,0.0,0.0,0.0,0.0,0.0,21.86,0.0,0.0,0.0,10.83,0.0,2026-09-28,2026-09-28,2026-09-28 14:23:46
MD2,MT PORTFÖY İKİNCİ DEĞİŞKEN FON,Değişken,RETAIL_CANDIDATE,,True,2026-09-28,2.0074,-4.377,-3.9998,-0.3771,-9.6486,4.2605,-13.9091,-0.2613,13.3464,49.6925,13.3654,-9.6486,-9.6486,123997567.29,378.0,329,23.62,0.0,0.0,0.0,0.0,0.0,22.82,1.28,19.05,0.0,0.0,0.0,12.08,0.0,2026-09-28,2026-09-28,2026-09-28 14:23:46
MET,GARANTİ PORTFÖY METAVERSE VE YENİ TEKNOLOJİLER DEĞİŞKEN FON,Teknoloji,RETAIL_CANDIDATE,,True,2026-09-28,6.3562,3.1862,-0.4855,3.6717,4.1605,4.8126,-0.6521,8.0047,34.8238,41.6835,16.3273,-4.7049,-0.7091,780970461.57,6383.0,329,20.63,66.84,0.0,0.0,0.0,0.0,0.0,0.0,0.0,0.0,0.0,0.0,4.1,0.0,2026-09-28,2026-09-28,2026-09-28 14:23:46
MHF,MT PORTFÖY BIST HALKA ARZ ŞİRKETLERİ HİSSE SENEDİ FONU (HİSSE SENEDİ YOĞUN FON),Hisse Senedi,RETAIL_CANDIDATE,,True,2026-09-28,1.4687,-21.9494,-15.9042,-6.0452,-39.386,4.5171,-43.9031,-35.4846,-13.3019,5.2904,40.274,-40.7669,-40.7669,37859872.15,1794.0,329,88.83,0.0,0.0,0.0,0.0,0.0,0.0,0.0,11.17,0.0,0.0,0.0,0.0,0.0,2026-09-28,2026-09-28,2026-09-28 14:23:46
MJB,AKTİF PORTFÖY BİRİNCİ FON SEPETİ FONU,Fon Sepeti,RETAIL_CANDIDATE,,True,2026-09-28,7.6317,-0.3072,-2.3137,2.0065,-3.3519,5.6626,-9.0146,-0.9362,13.3812,34.1901,14.8352,-5.7252,-3.4469,49353883.63,732.0,329,0.0,0.0,0.0,64.39,0.0,0.0,0.0,0.0,35.61,0.0,0.0,0.0,0.0,0.0,2026-09-28,2026-09-28,2026-09-28 14:23:46
MJG,AKTİF PORTFÖY GÜMÜŞ FON SEPETİ FONU,Gümüş,RETAIL_CANDIDATE,,True,2026-09-28,10.9618,-2.9474,2.8864,-5.8339,-6.6543,21.2537,-27.908,8.9162,1.0563,60.1886,27.4579,-8.7925,-6.6543,829893270.36,6610.0,329,0.0,0.0,0.0,66.96,0.0,0.0,0.0,0.0,14.18,17.29,0.0,0.0,0.0,0.0,2026-09-28,2026-09-28,2026-09-28 14:23:46
MKA,MARMARA CAPİTAL PORTFÖY KATILIM HİSSE SENEDİ (TL) FONU (HİSSE SENEDİ YOĞUN FON),Hisse Senedi,RETAIL_CANDIDATE,,True,2026-09-28,1.1551,0.2122,-9.387,9.5992,-10.1736,1.6668,-11.8404,-16.7321,-4.2356,1.8404,28.1005,-17.6625,-16.7321,69117647.38,1544.0,329,93.72,0.0,0.0,0.0,0.0,0.0,0.0,0.0,0.0,0.0,0.0,0.0,0.0,0.0,2026-09-28,2026-09-28,2026-09-28 14:23:46
MKG,AKTİF PORTFÖY ALTIN KATILIM FONU,Altın,RETAIL_CANDIDATE,,True,2026-09-28,17.4925,-1.5381,0.7805,-2.3185,-5.3368,14.3608,-19.6975,9.1816,3.5811,30.2669,18.1427,-6.6875,-6.2201,1380965428.18,7407.0,329,0.0,1.37,0.0,6.73,0.0,0.0,0.0,0.0,2.34,0.0,0.0,0.0,0.0,0.0,2026-09-28,2026-09-28,2026-09-28 14:23:46
MMH,AKTİF PORTFÖY BIST 30 ENDEKSİ HİSSE SENEDİ (TL) FONU (HİSSE SENEDİ YOĞUN FON),Hisse Senedi,RETAIL_CANDIDATE,,True,2026-09-28,16.7737,0.0914,-4.7552,4.8466,-2.342,8.854,-11.196,0.5199,11.5643,30.7238,33.2817,-8.7078,-4.6681,199880035.65,1400.0,329,90.86,0.0,0.0,0.0,0.0,0.0,0.0,0.0,8.12,0.0,0.0,0.0,0.0,0.0,2026-09-28,2026-09-28,2026-09-28 14:23:46
MPF,AKTİF PORTFÖY KISA VADELİ KİRA SERTİFİKASI KATILIM (TL) FONU,Katılım,RETAIL_CANDIDATE,,True,2026-09-28,8.6366,0.6374,0.6686,-0.0312,2.7162,2.902,-0.1858,9.1047,20.4895,43.9703,1.1868,0.0,0.0,1451043945.73,1778.0,329,0.0,0.0,0.0,0.0,0.0,0.0,0.0,0.0,0.0,0.0,0.0,0.0,0.0,0.0,2026-09-28,2026-09-28,2026-09-28 14:23:46
MPK,AKTİF PORTFÖY KİRA SERTİFİKASI KATILIM (TL) FONU,Katılım,RETAIL_CANDIDATE,,True,2026-09-28,10.2459,0.5234,0.6467,-0.1233,2.5382,2.903,-0.3648,8.84,20.2207,43.8441,1.0729,0.0,0.0,260444131.17,1436.0,329,0.0,0.0,0.0,0.0,0.0,0.0,0.0,0.0,4.62,0.0,0.0,0.0,0.0,0.0,2026-09-28,2026-09-28,2026-09-28 14:23:46
MPS,AKTİF PORTFÖY KATILIM HİSSE SENEDİ (TL) FONU (HİSSE SENEDİ YOĞUN FON),Hisse Senedi,RETAIL_CANDIDATE,,True,2026-09-28,23.4634,0.6028,-6.7255,7.3283,-6.8286,6.5307,-13.3594,-1.3661,7.0415,20.5977,29.3435,-9.5096,-6.8286,136573396.08,2333.0,329,94.44,0.0,0.0,0.0,0.0,0.0,0.0,0.0,5.56,0.0,0.0,0.0,0.0,0.0,2026-09-28,2026-09-28,2026-09-28 14:23:46
MTD,BV PORTFÖY MALZEME TEKNOLOJİLERİ DEĞİŞKEN FON,Teknoloji,RETAIL_CANDIDATE,,True,2026-09-28,1.2367,-0.9238,-4.6867,3.7629,-10.187,19.201,-29.388,-0.7002,9.341,,21.1854,-10.8834,-10.8834,89798030.85,1196.0,213,23.03,65.6,0.0,2.49,0.0,0.0,0.0,0.0,8.87,0.0,0.0,0.0,0.0,0.0,2026-09-28,2026-09-28,2026-09-28 14:23:46
MTH,MT PORTFÖY BİRİNCİ HİSSE SENEDİ FONU (HİSSE SENEDİ YOĞUN FON),Hisse Senedi,RETAIL_CANDIDATE,,True,2026-09-28,1.9852,-7.6504,-6.5687,-1.0818,-15.5737,12.1268,-27.7005,-4.1268,11.9668,49.8322,31.0809,-15.5737,-15.5737,156641906.86,2011.0,329,87.05,0.0,0.0,0.0,0.0,0.0,0.0,0.0,12.85,0.0,0.0,0.0,0.0,0.0,2026-09-28,2026-09-28,2026-09-28 14:23:46
MTK,MT PORTFÖY KATILIM HİSSE SENEDİ (TL) FONU (HİSSE SENEDİ YOĞUN FON),Hisse Senedi,RETAIL_CANDIDATE,,True,2026-09-28,1.5004,-10.9499,-6.3688,-4.5811,-19.8145,16.8571,-36.6716,-2.6565,6.7071,24.0908,33.6609,-19.8145,-19.8145,45092717.2,674.0,317,96.3,0.0,0.0,0.0,0.0,0.0,0.0,0.0,3.7,0.0,0.0,0.0,0.0,0.0,2026-09-28,2026-09-28,2026-09-28 14:23:46
MTS,AKTİF PORTFÖY TARIM VE SÜRDÜRÜLEBİLİRLİK FON SEPETİ FONU,Fon Sepeti,RETAIL_CANDIDATE,,True,2026-09-28,2.7489,-1.3668,-2.5768,1.21,-1.6621,4.4682,-6.1303,0.2315,9.7102,22.3905,12.2808,-4.6275,-4.6275,26183881.85,601.0,329,0.0,0.0,0.0,77.38,0.0,0.0,0.0,0.0,22.62,0.0,0.0,0.0,0.0,0.0,2026-09-28,2026-09-28,2026-09-28 14:23:46
MTV,AK PORTFÖY METAVERSE VE DİJİTAL YAŞAM TEKNOLOJİLERİ DEĞİŞKEN FON,Teknoloji,RETAIL_CANDIDATE,,True,2026-09-28,5.4453,2.419,-2.8203,5.2393,-1.6966,3.699,-5.3956,2.3975,26.5305,29.8917,14.5442,-6.8879,-4.2396,137633675.66,12367.0,329,17.19,69.63,0.0,0.0,0.0,0.0,0.0,0.0,9.58,0.0,0.0,0.0,2.91,0.0,2026-09-28,2026-09-28,2026-09-28 14:23:46
MTX,TEB PORTFÖY ÜÇÜNCÜ DEĞİŞKEN FON,Değişken,RETAIL_CANDIDATE,,True,2026-09-28,5.4086,1.9176,-2.0308,3.9484,1.5188,4.5322,-3.0134,1.8302,30.0319,25.3939,16.5595,-7.6764,-0.744,75785370.12,1939.0,329,25.63,60.83,0.0,6.6,0.0,0.0,0.0,0.0,2.55,0.0,0.0,0.0,0.0,0.0,2026-09-28,2026-09-28,2026-09-28 14:23:46
NAK,NEO PORTFÖY ALTIN KATILIM FONU,Altın,RETAIL_CANDIDATE,,True,2026-09-28,1.0708,-1.6538,1.2791,-2.9329,-4.6466,13.4699,-18.1164,8.9503,2.4702,,19.8041,-6.2628,-5.3625,120305366.33,143.0,177,0.0,0.0,0.0,0.0,92.54,0.0,0.0,0.0,7.46,0.0,0.0,0.0,0.0,0.0,2026-09-28,2026-09-28,2026-09-28 14:23:46
NAU,NEO PORTFÖY ALTIN FONU,Altın,RETAIL_CANDIDATE,,True,2026-09-28,3.0889,-1.7281,1.2889,-3.0171,-4.8558,12.6874,-17.5432,8.3001,1.0021,24.4405,19.1422,-6.3788,-5.6235,1578564229.08,7826.0,329,0.0,0.0,0.0,0.0,53.13,0.0,0.0,0.0,13.34,0.0,0.0,0.0,0.0,0.0,2026-09-28,2026-09-28,2026-09-28 14:23:46
NBO,NEO PORTFÖY BORÇLANMA ARACI FONLARI FON SEPETİ FONU,Borçlanma Araçları,RETAIL_CANDIDATE,,True,2026-09-28,1.5717,0.6912,0.5907,0.1006,2.6463,3.3118,-0.6656,9.5135,23.0235,53.3616,1.212,0.0,0.0,2279403438.03,318.0,264,0.0,0.0,0.0,0.0,0.0,0.0,0.02,0.0,86.86,0.0,0.0,0.0,0.0,0.0,2026-09-28,2026-09-28,2026-09-28 14:23:46
NHP,NEO PORTFÖY BİRİNCİ FON SEPETİ FONU,Fon Sepeti,RETAIL_CANDIDATE,,True,2026-09-28,5.7021,-0.1091,-0.3093,0.2002,-0.497,3.8906,-4.3876,1.5259,11.6173,29.7958,4.2469,-3.6208,-0.5356,10969325.82,125.0,329,4.78,1.02,0.0,2.85,0.0,0.0,0.0,0.0,88.97,0.45,0.0,0.0,0.0,0.0,2026-09-28,2026-09-28,2026-09-28 14:23:46
NHY,NEO PORTFÖY BİRİNCİ HİSSE SENEDİ (TL) FONU (HİSSE SENEDİ YOĞUN FON),Hisse Senedi,RETAIL_CANDIDATE,,True,2026-09-28,5.3784,-1.8942,-8.9137,7.0195,-10.8241,1.848,-12.6721,-14.2983,3.7256,10.9637,34.7494,-14.5043,-14.4661,104870177.27,1530.0,329,114.81,0.0,0.0,0.0,0.0,0.0,0.0,0.0,0.0,0.0,0.0,-14.81,0.0,0.0,2026-09-28,2026-09-28,2026-09-28 14:23:46
NJF,NUROL PORTFÖY ALTIN KATILIM FONU,Altın,RETAIL_CANDIDATE,,True,2026-09-28,12.652,-1.6549,1.1905,-2.8453,-4.0725,12.4047,-16.4772,9.2619,5.0803,33.459,17.5916,-5.4469,-4.6223,809189961.07,1477.0,329,0.0,0.0,0.0,0.0,69.09,0.0,0.0,0.0,0.0,0.0,0.0,0.0,0.0,0.0,2026-09-28,2026-09-28,2026-09-28 14:23:46
NJR,NUROL PORTFÖY BİRİNCİ BORÇLANMA ARAÇLARI FONU,Borçlanma Araçları,RETAIL_CANDIDATE,,True,2026-09-28,6.0586,0.7487,0.6048,0.1439,2.8488,3.1291,-0.2803,9.8095,23.5373,50.215,1.3965,-0.0371,0.0,1276998351.49,2000.0,329,0.0,0.0,0.0,0.0,0.0,0.0,19.8,22.2,8.45,0.42,0.0,0.0,0.0,0.0,2026-09-28,2026-09-28,2026-09-28 14:23:46
NJY,NUROL PORTFÖY BİRİNCİ KATILIM FONU,Katılım,RETAIL_CANDIDATE,,True,2026-09-28,7.795,0.6028,0.6536,-0.0508,2.6761,2.961,-0.2849,9.1134,21.3935,45.2516,0.9471,0.0,0.0,361548923.62,1240.0,329,0.0,0.0,0.0,0.0,0.0,0.0,0.0,0.0,17.05,8.61,0.0,0.0,0.0,0.0,2026-09-28,2026-09-28,2026-09-28 14:23:46
NKC,NEO PORTFÖY İKİNCİ HİSSE SENEDİ FONU (HİSSE SENEDİ YOĞUN FON),Hisse Senedi,RETAIL_CANDIDATE,,True,2026-09-28,1.1609,0.0728,-7.7622,7.835,-9.2853,4.2328,-13.5181,-10.0891,-2.1127,15.2202,26.9335,-13.5191,-12.1435,301219953.13,929.0,285,95.79,0.0,0.0,0.0,0.0,0.0,0.0,0.0,4.21,0.0,0.0,0.0,0.0,0.0,2026-09-28,2026-09-28,2026-09-28 14:23:46
NKM,NEO PORTFÖY KATILIM HİSSE SENEDİ FONU (HİSSE SENEDİ YOĞUN FON),Hisse Senedi,RETAIL_CANDIDATE,,True,2026-09-28,0.9193,0.9061,-9.8376,10.7437,-11.2104,4.371,-15.5814,-8.5323,-0.6769,,27.7264,-13.0904,-11.8981,33004378.28,371.0,151,96.7,0.0,0.0,0.0,0.0,0.0,0.0,0.0,0.9,0.0,0.0,0.0,0.0,0.0,2026-09-28,2026-09-28,2026-09-28 14:23:46
NKP,NEO PORTFÖY KAR PAYI ÖDEYEN DEĞİŞKEN FON,Değişken,RETAIL_CANDIDATE,,True,2026-09-28,1.1432,1.6563,-1.2074,2.8637,-0.4266,4.306,-4.7326,-2.5404,2.4617,11.3636,19.2242,-7.302,-2.5404,126453001.28,2730.0,303,23.58,66.72,0.0,0.0,0.0,0.0,0.0,0.0,0.89,0.0,0.0,0.0,0.0,0.0,2026-09-28,2026-09-28,2026-09-28 14:23:46
NKT,NUROL PORTFÖY BİRİNCİ KATILIM HİSSE SENEDİ FONU (HİSSE SENEDİ YOĞUN FON),Hisse Senedi,RETAIL_CANDIDATE,,True,2026-09-28,1.5164,0.0097,-6.1984,6.2081,-6.6289,11.5516,-18.1805,5.7047,24.013,,25.3365,-8.3989,-6.6289,85719818.59,680.0,204,90.53,0.0,0.0,0.0,0.0,0.0,0.0,0.0,4.44,0.0,0.0,0.0,0.0,0.0,2026-09-28,2026-09-28,2026-09-28 14:23:46
NLE,NUROL PORTFÖY EMLAK SEKTÖRÜ HİSSE SENEDİ FONU (HİSSE SENEDİ YOĞUN FON),Hisse Senedi,RETAIL_CANDIDATE,,True,2026-09-28,1.5266,0.4586,-5.7548,6.2134,-7.5984,6.9064,-14.5048,-2.959,14.015,18.8034,17.88,-8.0339,-7.5984,260869350.56,7118.0,329,89.61,0.0,0.0,0.0,0.0,0.0,0.0,0.0,4.47,0.0,0.0,0.0,0.0,0.0,2026-09-28,2026-09-28,2026-09-28 14:23:46
NNF,HEDEF PORTFÖY BİRİNCİ HİSSE SENEDİ (TL) FONU (HİSSE SENEDİ YOĞUN FON),Hisse Senedi,RETAIL_CANDIDATE,,True,2026-09-28,20.2438,-2.0788,-8.333,6.2543,-14.3998,6.1388,-20.5386,-12.3579,-2.8182,-1.7091,29.7178,-14.5192,-14.5192,1564745636.67,16982.0,329,80.03,0.0,0.0,0.0,0.0,0.0,0.0,0.0,4.97,0.0,0.0,0.0,0.0,0.0,2026-09-28,2026-09-28,2026-09-28 14:23:46
NPH,NUROL PORTFÖY BİRİNCİ HİSSE SENEDİ FONU (HİSSE SENEDİ YOĞUN FON),Hisse Senedi,RETAIL_CANDIDATE,,True,2026-09-28,1.4764,-0.1066,-6.7633,6.6568,-8.1955,9.1175,-17.313,-8.7239,-7.0872,3.1034,21.335,-11.0695,-9.2034,130775858.81,579.0,329,79.26,0.0,0.0,0.0,0.0,0.0,0.0,0.0,6.93,6.4,0.0,0.0,0.0,0.0,2026-09-28,2026-09-28,2026-09-28 14:23:46
NRC,NEO PORTFÖY BİRİNCİ DEĞİŞKEN FON,Değişken,RETAIL_CANDIDATE,,True,2026-09-28,10.2355,-2.8635,-8.5335,5.67,-11.6765,2.1878,-13.8642,-18.8501,-2.0951,1.8973,32.1845,-18.8501,-18.8501,177010811.2,3126.0,329,99.02,0.0,0.0,0.0,0.0,0.0,0.0,0.0,8.79,0.0,0.0,-7.81,0.0,0.0,2026-09-28,2026-09-28,2026-09-28 14:23:46
NST,İŞ PORTFÖY EMLAK SEKTÖRÜ HİSSE SENEDİ FONU (HİSSE SENEDİ YOĞUN FON),Hisse Senedi,RETAIL_CANDIDATE,,True,2026-09-28,1.0791,-1.5406,-10.0558,8.5152,-12.9395,6.2292,-19.1688,-13.7847,-5.3049,5.4218,24.3598,-13.7847,-13.7847,41781591.94,2714.0,296,94.36,0.0,0.0,0.0,0.0,0.0,0.0,0.0,0.63,0.0,0.0,0.0,0.0,0.0,2026-09-28,2026-09-28,2026-09-28 14:23:46
NTI,NEO PORTFÖY TEKNOLOJİ VE İNOVASYON DEĞİŞKEN FON,Teknoloji,RETAIL_CANDIDATE,,True,2026-09-28,1.722,5.3734,0.966,4.4074,9.0235,6.9626,2.0609,1.0195,47.642,56.6619,22.7236,-16.5716,-0.0157,207617552.19,1147.0,303,1.61,68.45,0.0,0.0,0.0,0.0,0.0,0.0,17.79,0.0,0.0,0.0,0.0,0.0,2026-09-28,2026-09-28,2026-09-28 14:23:46
NUH,NEO PORTFÖY ÜÇÜNCÜ HİSSE SENEDİ FONU (HİSSE SENEDİ YOĞUN FON),Hisse Senedi,RETAIL_CANDIDATE,,True,2026-09-28,1.2377,-0.1318,-7.9343,7.8025,-9.2485,4.8829,-14.1314,-6.2605,13.8088,,27.0497,-10.9183,-9.9282,41911656.87,614.0,224,93.75,0.0,0.0,0.0,0.0,0.0,0.0,0.0,0.0,0.0,0.0,0.0,0.0,0.0,2026-09-28,2026-09-28,2026-09-28 14:23:46
NZH,NEO PORTFÖY İKİNCİ DEĞİŞKEN FON,Değişken,RETAIL_CANDIDATE,,True,2026-09-28,3.4144,0.1585,-5.1629,5.3214,-6.3274,8.8203,-15.1477,0.7234,10.9967,29.5777,21.4983,-7.895,-6.3274,446306831.65,256.0,329,68.26,10.57,0.0,0.0,0.0,0.0,0.0,0.0,8.79,0.0,0.0,0.0,2.9,0.0,2026-09-28,2026-09-28,2026-09-28 14:23:46
OBI,OYAK PORTFÖY İKİNCİ BORÇLANMA ARAÇLARI (TL) FONU,Borçlanma Araçları,RETAIL_CANDIDATE,,True,2026-09-28,3.266,0.6986,-0.5333,1.2319,1.2113,4.8564,-3.6451,7.0918,21.6484,35.3526,4.4819,-0.9213,-0.3063,240331094.54,464.0,329,0.0,0.0,0.0,0.0,0.0,0.0,82.7,0.0,0.0,0.0,0.0,0.0,0.0,0.0,2026-09-28,2026-09-28,2026-09-28 14:23:46
OBP,OYAK PORTFÖY İKİNCİ DEĞİŞKEN FON,Değişken,RETAIL_CANDIDATE,,True,2026-09-28,0.2094,0.2586,-1.7423,2.0009,-0.1364,5.2135,-5.3499,5.7674,19.0219,33.958,8.0292,-2.4019,-1.4882,37508746.8,807.0,329,18.66,0.0,0.0,0.0,0.0,0.0,64.28,0.0,3.79,0.0,0.0,0.0,0.0,0.0,2026-09-28,2026-09-28,2026-09-28 14:23:46
ODG,ONE PORTFÖY İKİNCİ DEĞİŞKEN FON,Değişken,RETAIL_CANDIDATE,,True,2026-09-28,1.1841,0.9242,-0.5587,1.4829,-0.7828,4.8104,-5.5932,6.5838,,,6.4771,-3.0511,-1.3276,23131705.84,24.0,122,0.0,0.0,0.0,0.0,0.0,0.0,0.0,0.0,0.0,0.0,0.0,0.0,40.2,0.0,2026-09-28,2026-09-28,2026-09-28 14:23:46
ODV,AK PORTFÖY ÜÇÜNCÜ FON SEPETİ FONU,Fon Sepeti,RETAIL_CANDIDATE,,True,2026-09-28,19.5512,1.1515,-1.8063,2.9577,-1.0348,3.1297,-4.1645,0.8487,5.9225,21.81,12.0713,-3.2263,-1.1104,1505432226.68,3666.0,329,0.0,13.27,0.0,2.8,0.0,0.0,0.0,0.0,75.78,1.31,0.0,0.0,3.4,0.0,2026-09-28,2026-09-28,2026-09-28 14:23:46
OFI,OYAK PORTFÖY İKİNCİ FON SEPETİ FONU,Fon Sepeti,RETAIL_CANDIDATE,,True,2026-09-28,4.0888,-0.2481,-0.5695,0.3214,-0.6355,5.8767,-6.5122,6.2435,14.9765,30.4476,8.8706,-2.4699,-1.5072,156462293.03,513.0,329,0.18,35.47,0.0,0.0,0.0,0.0,0.0,0.0,34.86,17.85,0.0,0.0,0.0,0.0,2026-09-28,2026-09-28,2026-09-28 14:23:46
OFS,OYAK PORTFÖY BİRİNCİ FON SEPETİ FONU,Fon Sepeti,RETAIL_CANDIDATE,,True,2026-09-28,8.3631,-0.0858,-0.6514,0.5656,-0.0901,6.4676,-6.5577,7.4992,14.1756,32.3881,10.0451,-2.6208,-1.1447,187039582.25,399.0,329,0.23,18.11,0.0,0.0,0.0,0.0,0.0,0.0,53.04,16.45,0.0,0.0,0.0,0.0,2026-09-28,2026-09-28,2026-09-28 14:23:46
OGD,OYAK PORTFÖY ALTIN KATILIM FONU,Altın,RETAIL_CANDIDATE,,True,2026-09-28,11.6264,-1.635,1.2046,-2.8396,-4.7905,14.0248,-18.8153,8.9387,3.2597,28.3179,19.541,-6.2493,-5.5647,769936073.58,2992.0,329,0.0,1.16,0.0,0.0,84.95,0.0,0.0,0.0,0.01,8.02,0.0,0.0,0.0,0.0,2026-09-28,2026-09-28,2026-09-28 14:23:46
OHB,OYAK PORTFÖY BİRİNCİ HİSSE SENEDİ (TL) FONU (HİSSE SENEDİ YOĞUN FON),Hisse Senedi,RETAIL_CANDIDATE,,True,2026-09-28,23.9276,0.2041,-4.809,5.0131,-2.9352,9.5467,-12.482,2.5564,11.0442,27.0798,30.5487,-8.2332,-4.6148,1375047655.09,996.0,329,93.72,0.0,0.0,0.0,0.0,0.0,0.0,0.0,0.0,2.72,0.0,0.0,0.0,0.0,2026-09-28,2026-09-28,2026-09-28 14:23:46
OHK,OYAK PORTFÖY KATILIM HİSSE SENEDİ (TL) FONU (HİSSE SENEDİ YOĞUN FON),Hisse Senedi,RETAIL_CANDIDATE,,True,2026-09-28,2.8187,-0.5541,-6.7627,6.2086,-6.4018,11.6472,-18.049,5.0732,20.7225,33.1643,27.302,-9.0019,-7.6166,40067751.93,1294.0,329,76.15,0.0,0.0,0.0,0.0,0.0,0.0,0.0,6.51,11.58,0.0,0.0,0.0,0.0,2026-09-28,2026-09-28,2026-09-28 14:23:46
OIL,OSMANLI PORTFÖY ALTIN FON SEPETİ FONU,Altın,RETAIL_CANDIDATE,,True,2026-09-28,3.8852,-1.616,0.7648,-2.3807,-5.2949,14.5416,-19.8364,9.292,1.5579,14.9207,18.8667,-6.8312,-6.3429,38622730.19,617.0,329,0.0,0.0,0.0,0.0,0.0,0.0,0.0,0.0,90.61,7.14,0.0,0.0,0.0,0.0,2026-09-28,2026-09-28,2026-09-28 14:23:46
OIR,OSMANLI PORTFÖY DENGELİ FON SEPETİ FONU,Fon Sepeti,RETAIL_CANDIDATE,,True,2026-09-28,5.1572,0.4805,-0.8874,1.3678,-0.3538,5.1764,-5.5302,6.2218,16.5267,38.9572,8.2628,-2.0665,-0.4214,18872209.54,196.0,329,0.0,0.0,0.0,0.0,0.0,0.0,0.0,0.0,99.45,0.0,0.0,0.0,0.0,0.0,2026-09-28,2026-09-28,2026-09-28 14:23:46
OJK,QNB PORTFÖY ALTIN FONU,Altın,RETAIL_CANDIDATE,,True,2026-09-28,13.4128,-1.6933,1.2217,-2.915,-5.1014,14.2424,-19.3437,9.8883,4.4625,32.2988,19.8399,-6.5339,-5.8269,45779039443.87,26908.0,329,0.16,0.0,0.0,0.0,34.89,0.0,0.0,0.0,0.0,0.0,0.0,0.0,0.07,0.0,2026-09-28,2026-09-28,2026-09-28 14:23:46
OJT,QNB PORTFÖY TEKNOLOJİ FON SEPETİ FONU,Teknoloji,RETAIL_CANDIDATE,,True,2026-09-28,13.4,3.8836,-1.3065,5.1901,2.0187,7.9456,-5.9269,5.3628,42.8164,51.4247,17.6106,-6.4716,0.0,4374472195.05,10430.0,329,12.45,77.05,0.0,0.0,0.0,0.0,0.0,0.0,3.36,0.0,0.0,0.0,7.13,0.0,2026-09-28,2026-09-28,2026-09-28 14:23:46
OKD,OYAK PORTFÖY BİRİNCİ DEĞİŞKEN FON,Değişken,RETAIL_CANDIDATE,,True,2026-09-28,0.6158,0.1245,-3.471,3.5956,-1.2564,7.6618,-8.9181,4.615,17.0936,35.5431,19.9455,-5.5343,-3.3508,83381100.52,929.0,329,59.46,0.0,0.0,0.0,0.0,0.0,7.75,8.08,0.0,0.0,0.0,0.0,0.0,0.0,2026-09-28,2026-09-28,2026-09-28 14:23:46
OKP,OYAK PORTFÖY BİRİNCİ KISA VADELİ BORÇLANMA ARAÇLARI (TL) FONU,Borçlanma Araçları,RETAIL_CANDIDATE,,True,2026-09-28,6.709,0.7041,0.6316,0.0725,2.7113,3.0297,-0.3184,9.263,21.167,45.599,1.1859,0.0,0.0,95228194.36,414.0,329,0.0,0.0,0.0,0.0,0.0,0.0,21.6,12.17,0.0,0.0,0.0,0.0,0.0,0.0,2026-09-28,2026-09-28,2026-09-28 14:23:46
OKT,OYAK PORTFÖY BİRİNCİ BORÇLANMA ARAÇLARI FONU,Borçlanma Araçları,RETAIL_CANDIDATE,,True,2026-09-28,0.1698,0.6848,0.6967,-0.0119,2.7923,2.9218,-0.1296,9.3146,21.244,45.9883,1.2955,0.0,0.0,115112096.3,817.0,329,0.0,0.0,0.0,0.0,0.0,0.0,0.0,19.48,0.0,0.0,0.0,0.0,0.0,0.0,2026-09-28,2026-09-28,2026-09-28 14:23:46
OLD,QNB PORTFÖY TEMİZ ENERJİ VE SU FON SEPETİ FONU,Enerji,RETAIL_CANDIDATE,,True,2026-09-28,3.0062,-1.0017,-2.5749,1.5732,-6.6036,3.7651,-10.3686,-7.4816,6.8481,13.6608,11.7289,-7.9273,-7.8429,120949212.97,5057.0,329,6.4,78.23,0.0,0.0,0.0,0.0,0.0,0.0,0.0,0.0,0.0,0.0,15.11,0.0,2026-09-28,2026-09-28,2026-09-28 14:23:46
OLE,OSMANLI PORTFÖY BİRİNCİ FON SEPETİ FONU,Fon Sepeti,RETAIL_CANDIDATE,,True,2026-09-28,5.2722,0.6936,0.69,0.0036,2.8484,3.0823,-0.2339,9.5784,22.4763,48.5989,1.225,0.0,0.0,314029704.83,437.0,329,0.0,0.0,0.0,0.0,0.0,0.0,0.0,0.0,86.67,0.0,0.0,0.0,0.0,0.0,2026-09-28,2026-09-28,2026-09-28 14:23:46
OMG,AZİMUT PORTFÖY İKİNCİ HİSSE SENEDİ FONU (HİSSE SENEDİ YOĞUN FON),Hisse Senedi,RETAIL_CANDIDATE,,True,2026-09-28,1.8075,0.6744,-5.0638,5.7382,-4.1981,7.1037,-11.3018,-0.4021,12.453,38.2313,26.419,-7.7659,-4.6209,1196541466.07,627.0,329,83.49,0.0,0.0,0.0,0.0,0.0,0.0,0.0,12.23,0.0,0.0,0.0,0.0,0.0,2026-09-28,2026-09-28,2026-09-28 14:23:46
OPB,OSMANLI PORTFÖY BİRİNCİ DEĞİŞKEN FON,Değişken,RETAIL_CANDIDATE,,True,2026-09-28,13.5276,0.3231,-2.2907,2.6138,-2.6906,7.5989,-10.2895,3.7381,16.8037,39.922,11.0458,-4.0404,-2.6906,48859456.67,398.0,329,0.0,0.0,0.0,0.0,0.0,0.0,0.0,5.77,17.57,38.34,0.0,0.0,0.0,0.0,2026-09-28,2026-09-28,2026-09-28 14:23:46
OPF,OSMANLI PORTFÖY AGRESİF DEĞİŞKEN FON,Değişken,RETAIL_CANDIDATE,,True,2026-09-28,3.434,3.6758,0.8768,2.799,5.552,5.6689,-0.1168,9.0118,40.2589,58.8918,13.0978,-5.41,0.0,324721759.23,876.0,329,0.0,50.78,0.0,0.01,0.0,0.0,0.0,2.02,9.26,0.0,0.0,0.0,0.0,0.0,2026-09-28,2026-09-28,2026-09-28 14:23:46
OPH,OSMANLI PORTFÖY BİRİNCİ HİSSE SENEDİ FONU(HİSSE SENEDİ YOĞUN FON),Hisse Senedi,RETAIL_CANDIDATE,,True,2026-09-28,24.4384,0.2271,-6.2704,6.4975,-8.509,6.4571,-14.966,-2.6509,8.9659,24.7393,28.1664,-11.1885,-8.509,625083815.37,2256.0,329,97.52,0.0,0.0,0.0,0.0,0.0,0.0,0.0,0.0,0.05,0.0,0.0,0.0,0.0,2026-09-28,2026-09-28,2026-09-28 14:23:46
OPI,OSMANLI PORTFÖY KAR PAYI ÖDEYEN HİSSE SENEDİ (TL) FONU (HİSSE SENEDİ YOĞUN FON),Hisse Senedi,RETAIL_CANDIDATE,,True,2026-09-28,21.8443,-0.8833,-4.7319,3.8487,-7.0162,6.3076,-13.3239,-3.0325,-1.0261,15.7012,24.0302,-8.6089,-7.0162,198900710.97,1385.0,329,96.99,0.0,0.0,0.0,0.0,0.0,0.0,0.0,0.0,1.72,0.0,0.0,0.0,0.0,2026-09-28,2026-09-28,2026-09-28 14:23:46
OPL,OSMANLI PORTFÖY İKİNCİ DEĞİŞKEN FON,Değişken,RETAIL_CANDIDATE,,True,2026-09-28,9.6144,-0.7778,-0.6064,-0.1714,-3.7474,9.2882,-13.0357,6.7221,9.2295,33.2419,9.5069,-4.2507,-3.9104,31151482.89,396.0,329,14.25,0.0,0.0,0.0,0.0,0.0,0.0,1.33,2.0,17.74,0.0,0.0,0.0,0.0,2026-09-28,2026-09-28,2026-09-28 14:23:46
OSL,OSMANLI PORTFÖY KISA VADELİ BORÇLANMA ARAÇLARI (TL) FONU,Borçlanma Araçları,RETAIL_CANDIDATE,,True,2026-09-28,0.1618,0.7361,0.5328,0.2033,2.6715,3.058,-0.3865,9.3069,21.3777,46.2938,1.265,0.0,0.0,1517402573.3,3919.0,329,0.0,0.0,0.0,0.0,0.0,0.0,38.16,13.36,0.0,0.0,0.0,0.0,0.0,0.0,2026-09-28,2026-09-28,2026-09-28 14:23:46
OTF,OYAK PORTFÖY TÜRKİYE FİNANS KISA VADELİ KİRA SERTİFİKASI KATILIM (TL) FONU,Katılım,RETAIL_CANDIDATE,,True,2026-09-28,7.1821,0.659,0.673,-0.014,2.7405,2.7994,-0.0589,8.9426,19.948,42.1773,1.249,0.0,0.0,667312506.25,1954.0,329,0.0,0.0,0.0,0.0,0.0,0.0,0.0,0.0,0.0,0.0,0.0,0.0,0.0,0.0,2026-09-28,2026-09-28,2026-09-28 14:23:46
OTJ,OYAK PORTFÖY KIYMETLİ MADENLER KATILIM FON SEPETİ FONU,Kıymetli Madenler,RETAIL_CANDIDATE,,True,2026-09-28,7.1678,-1.863,1.3898,-3.2528,-5.1773,15.8775,-21.0547,8.8377,3.0274,46.6845,24.1812,-6.1151,-5.1773,2991309011.04,19811.0,329,0.0,76.02,0.0,0.0,0.22,0.0,0.0,0.0,12.99,6.17,0.0,0.0,0.0,0.0,2026-09-28,2026-09-28,2026-09-28 14:23:46
OTM,AZİMUT PORTFÖY OTOMOTİV SEKTÖRÜ DEĞİŞKEN FON,Değişken,RETAIL_CANDIDATE,,True,2026-09-28,1.3037,1.0166,-1.3255,2.3421,0.0175,4.0191,-4.0016,-3.3584,1.2264,1.4,12.0561,-8.6074,-3.5129,14505471.38,78.0,329,23.53,47.95,0.0,0.0,0.0,0.0,0.0,0.0,12.68,0.0,0.0,0.0,13.98,0.0,2026-09-28,2026-09-28,2026-09-28 14:23:46
OVD,QNB PORTFÖY EMTİA FON SEPETİ FONU,Fon Sepeti,RETAIL_CANDIDATE,,True,2026-09-28,3.6045,-0.5507,0.1705,-0.7211,2.5456,8.4353,-5.8897,19.6041,19.1971,58.4383,5.9963,-2.8158,-0.925,868384728.41,3167.0,329,11.5,73.96,0.0,0.0,0.0,0.0,0.0,0.0,4.64,0.0,0.0,0.0,9.81,0.0,2026-09-28,2026-09-28,2026-09-28 14:23:46
PA2,PUSULA PORTFÖY ALTIN KATILIM FONU,Altın,RETAIL_CANDIDATE,,True,2026-09-28,1.0835,-1.884,0.9101,-2.7942,-5.773,12.3326,-18.1056,6.2462,,,19.704,-6.787,-6.3909,31123899.5,377.0,67,0.0,0.0,0.0,0.0,100.0,0.0,0.0,0.0,0.0,0.0,0.0,0.0,0.0,0.0,2026-09-28,2026-09-28,2026-09-28 14:23:46
PAF,PARDUS PORTFÖY ALTIN FONU,Altın,RETAIL_CANDIDATE,,True,2026-09-28,3.5316,-1.924,0.9978,-2.9218,-5.5,14.5045,-20.0044,9.4465,2.4748,29.0801,20.0616,-6.6657,-6.1758,265134717.31,3052.0,329,0.42,0.0,0.0,0.0,90.75,0.0,0.0,0.0,3.54,3.41,0.0,0.0,0.0,0.0,2026-09-28,2026-09-28,2026-09-28 14:23:46
PBI,PARDUS PORTFÖY BİRİNCİ FON SEPETİ FONU,Fon Sepeti,RETAIL_CANDIDATE,,True,2026-09-28,2.2274,-1.7835,-4.5909,2.8074,-6.6243,8.0323,-14.6566,2.1841,20.2252,48.75,16.356,-6.7233,-6.6751,103074541.39,597.0,329,1.62,0.0,0.0,0.0,0.0,0.0,0.0,0.0,98.38,0.0,0.0,0.0,0.0,0.0,2026-09-28,2026-09-28,2026-09-28 14:23:46
PBR,PUSULA PORTFÖY BİRİNCİ DEĞİŞKEN FON,Değişken,RETAIL_CANDIDATE,,True,2026-09-28,0.0,-100.0,-80.1203,-19.8797,-100.0,-12.2579,-87.7421,-100.0,-100.0,-100.0,368.6906,-100.0,-100.0,0.0,15417.0,329,97.37,0.0,0.0,0.0,0.0,0.0,0.0,0.0,2.63,0.0,0.0,0.0,0.0,0.0,2026-09-28,2026-09-28,2026-09-28 14:23:46
PDD,ASTRA PORTFÖY KATILIM FONU,Katılım,RETAIL_CANDIDATE,,True,2026-09-28,6.0889,0.1761,0.2431,-0.067,1.1494,2.7848,-1.6353,6.3649,17.1255,36.2695,3.1408,-0.4355,0.0,819380849.14,154.0,329,0.0,0.0,0.0,0.0,0.0,0.0,0.0,0.0,19.43,0.0,0.0,0.0,0.0,0.0,2026-09-28,2026-09-28,2026-09-28 14:23:46
PEA,PERFORM PORTFÖY ALTIN FONU,Altın,RETAIL_CANDIDATE,,True,2026-09-28,1.4652,-1.7751,1.3049,-3.0799,-5.0417,14.1045,-19.1461,9.569,2.3438,24.2757,20.8929,-6.6376,-5.8086,68305798.14,87.0,322,0.0,0.0,0.0,0.0,97.71,0.0,0.0,0.0,0.0,0.0,0.0,0.0,0.0,0.0,2026-09-28,2026-09-28,2026-09-28 14:23:46
PFO,PHİLLİP PORTFÖY FON SEPETİ FONU,Fon Sepeti,RETAIL_CANDIDATE,,True,2026-09-28,2.2115,-7.2508,-1.7123,-5.5385,-7.3689,4.7405,-12.1094,-1.4927,0.0987,20.8515,30.4393,-8.8527,-8.8527,68874442.97,263.0,329,0.0,1.32,0.0,11.86,0.0,0.0,0.0,0.0,82.36,0.0,0.0,0.0,0.0,0.0,2026-09-28,2026-09-28,2026-09-28 14:23:46
PFS,ATLAS PORTFÖY FON SEPETİ FONU,Fon Sepeti,RETAIL_CANDIDATE,,True,2026-09-28,2.8539,0.5041,-1.5993,2.1034,-4.7493,5.5819,-10.3312,-0.9565,11.6848,35.1817,9.365,-5.8285,-4.7493,14719114.34,80.0,329,0.0,0.0,0.0,0.0,0.0,0.0,0.0,0.0,86.94,0.0,0.0,0.0,0.0,0.0,2026-09-28,2026-09-28,2026-09-28 14:23:46
PGD,ASTRA PORTFÖY AGRESİF DEĞİŞKEN FON,Değişken,RETAIL_CANDIDATE,,True,2026-09-28,1.8249,-0.4028,0.5546,-0.9574,0.8691,3.7143,-2.8453,4.7746,18.9328,38.1693,3.6957,-2.603,-0.6364,166322910.01,122.0,329,55.6,0.0,0.0,0.0,0.0,0.0,0.0,6.62,5.99,0.0,0.0,0.0,0.0,0.0,2026-09-28,2026-09-28,2026-09-28 14:23:46
PGS,AZİMUT PORTFÖY PAY GERİ ALIMI YAPAN ŞİRKETLER HİSSE SENEDİ FONU (HİSSE SENEDİ YOĞUN FON),Hisse Senedi,RETAIL_CANDIDATE,,True,2026-09-28,1.2612,0.5227,-8.6525,9.1752,-7.8062,6.9248,-14.7311,-5.3632,9.7704,13.7463,35.6136,-10.9253,-8.1751,149654557.56,381.0,329,90.5,0.0,0.0,0.0,0.0,0.0,0.0,0.0,6.5,0.0,0.0,0.0,0.0,0.0,2026-09-28,2026-09-28,2026-09-28 14:23:46
PHE,PUSULA PORTFÖY HİSSE SENEDİ FONU (HİSSE SENEDİ YOĞUN FON),Hisse Senedi,RETAIL_CANDIDATE,,True,2026-09-28,0.0,,-100.0,,-100.0,7.3776,-107.3776,-100.0,-100.0,-100.0,385.9384,-100.0,-100.0,0.0,46328.0,329,99.32,0.0,0.0,0.0,0.0,0.0,0.0,0.0,0.68,0.0,0.0,0.0,0.0,0.0,2026-09-28,2026-09-28,2026-09-28 14:23:46
PHI,PİRAMİT PORTFÖY HİSSE SENEDİ FONU (HİSSE SENEDİ YOĞUN FON),Hisse Senedi,RETAIL_CANDIDATE,,True,2026-09-28,1.5209,1.2095,-7.5969,8.8063,-6.9781,4.0177,-10.9958,-0.3594,12.1989,22.282,29.1803,-9.0432,-6.9781,77366806.62,117.0,329,91.29,0.0,0.0,0.0,0.0,0.0,0.0,0.0,5.89,0.0,0.0,0.0,0.0,0.0,2026-09-28,2026-09-28,2026-09-28 14:23:46
PHK,PHİLLİP PORTFÖY KATILIM HİSSE SENEDİ FONU (HİSSE SENEDİ YOĞUN FON),Hisse Senedi,RETAIL_CANDIDATE,,True,2026-09-28,1.5649,1.3934,-7.5396,8.933,-3.9069,6.3306,-10.2375,1.0684,15.8266,29.3468,32.3775,-10.4406,-7.512,77952353.57,277.0,329,94.48,0.0,0.0,0.0,0.0,0.0,0.0,0.0,3.76,0.0,0.0,0.0,0.0,0.0,2026-09-28,2026-09-28,2026-09-28 14:23:46
PID,PİRAMİT PORTFÖY DEĞİŞKEN FON,Değişken,RETAIL_CANDIDATE,,True,2026-09-28,1.8859,0.3336,-2.0593,2.3929,-1.3379,2.5588,-3.8966,6.5384,17.2771,37.5051,5.5559,-2.204,-1.7326,49678002.72,80.0,329,58.58,0.0,0.0,0.0,0.0,0.0,0.0,0.0,20.11,0.0,0.0,0.0,0.0,0.0,2026-09-28,2026-09-28,2026-09-28 14:23:46
PIL,ROTA PORTFÖY PİL TEKNOLOJİLERİ VE ENERJİ FON SEPETİ FONU,Teknoloji,RETAIL_CANDIDATE,,True,2026-09-28,3.8386,-0.4564,-1.451,0.9946,-3.8263,6.5318,-10.3581,-4.2707,10.5492,52.7311,16.2157,-9.7955,-4.9532,339880621.57,6421.0,329,0.0,50.92,0.0,0.0,0.0,0.0,0.0,0.0,31.64,17.44,0.0,0.0,0.0,0.0,2026-09-28,2026-09-28,2026-09-28 14:23:46
PIR,PİRAMİT PORTFÖY ALTIN FONU,Altın,RETAIL_CANDIDATE,,True,2026-09-28,1.6701,-1.7362,1.1226,-2.8588,-4.9822,13.7263,-18.7085,8.3564,0.6344,33.1141,19.1759,-6.9117,-6.2371,83276025.96,651.0,306,17.76,0.0,0.0,0.0,55.36,0.0,0.0,0.0,4.56,22.1,0.0,0.0,0.0,0.0,2026-09-28,2026-09-28,2026-09-28 14:23:46
PKF,ATA PORTFÖY ALTIN KATILIM FONU,Altın,RETAIL_CANDIDATE,,True,2026-09-28,4.7238,-1.6723,1.2222,-2.8945,-4.6439,14.011,-18.6549,9.8019,2.5996,28.1637,19.0627,-6.1043,-5.412,367473968.95,1391.0,329,9.36,0.0,0.0,0.0,81.78,0.0,0.0,0.0,4.54,0.0,0.0,0.0,0.0,0.0,2026-09-28,2026-09-28,2026-09-28 14:23:46
PP1,PARDUS PORTFÖY BİRİNCİ KATILIM FONU,Katılım,RETAIL_CANDIDATE,,True,2026-09-28,1.5552,-4.1485,-7.2309,3.0824,-10.6929,8.4668,-19.1597,-6.9313,-2.8801,14.3129,24.5011,-11.9528,-11.9528,29741033.21,231.0,329,84.57,0.0,0.0,0.0,0.0,0.0,0.0,0.0,15.43,0.0,0.0,0.0,0.0,0.0,2026-09-28,2026-09-28,2026-09-28 14:23:46
PPB,PHİLLİP PORTFÖY BİRİNCİ HİSSE SENEDİ FONU (HİSSE SENEDİ YOĞUN FON),Hisse Senedi,RETAIL_CANDIDATE,,True,2026-09-28,9.6922,-0.2315,-7.9791,7.7476,-6.0838,4.3063,-10.3901,-7.5282,4.389,12.043,43.3095,-12.7116,-8.477,301760411.29,1327.0,329,91.96,0.0,0.0,0.0,0.0,0.0,0.0,0.0,0.0,3.74,0.0,0.0,0.0,0.0,2026-09-28,2026-09-28,2026-09-28 14:23:46
PPH,PARDUS PORTFÖY BIST 100 DIŞI ŞİRKETLER HİSSE SENEDİ (TL) FONU (HİSSE SENEDİ YOĞUN FON),Hisse Senedi,RETAIL_CANDIDATE,,True,2026-09-28,1.2464,-7.9592,-15.853,7.8938,-27.6927,5.6035,-33.2962,-26.6988,-16.2447,-17.8967,28.6807,-27.6927,-27.6927,36292532.43,1997.0,329,82.78,0.0,0.0,0.0,0.0,0.0,0.0,0.0,11.46,0.0,0.0,0.0,0.0,0.0,2026-09-28,2026-09-28,2026-09-28 14:23:46
PSH,DENİZ PORTFÖY PERAKENDE SEKTÖRÜ HİSSE SENEDİ (TL) FONU (HİSSE SENEDİ YOĞUN FON),Hisse Senedi,RETAIL_CANDIDATE,,True,2026-09-28,0.928,-2.1701,-11.1136,8.9435,-13.182,4.0332,-17.2151,-8.5535,,,26.8435,-14.2292,-13.6586,15968791.29,293.0,110,92.88,0.0,0.0,0.0,0.0,0.0,0.0,0.0,0.0,0.0,0.0,0.0,0.0,0.0,2026-09-28,2026-09-28,2026-09-28 14:23:46
PTN,PHİLLİP PORTFÖY ALTIN FONU,Altın,RETAIL_CANDIDATE,,True,2026-09-28,1.6177,-1.2065,0.6858,-1.8923,-4.19,12.9435,-17.1335,8.3009,1.8872,35.5529,16.3111,-6.3774,-5.5472,876050528.38,706.0,312,0.0,0.0,0.0,0.0,57.6,0.0,0.0,0.0,2.07,18.83,0.0,0.0,0.0,0.0,2026-09-28,2026-09-28,2026-09-28 14:23:46
PTO,PARDUS PORTFÖY TEMETTÜ ÖDEYEN ŞİRKETLER HİSSE SENEDİ FONU (HİSSE SENEDİ YOĞUN FON),Hisse Senedi,RETAIL_CANDIDATE,,True,2026-09-28,1.8713,-0.0941,0.3149,-0.409,1.2529,1.9983,-0.7455,18.1045,34.4925,68.9871,5.432,-1.9847,-0.9314,166773799.04,2743.0,329,82.43,0.0,0.0,0.0,0.0,0.0,0.0,0.0,0.0,0.0,0.0,0.0,0.0,0.0,2026-09-28,2026-09-28,2026-09-28 14:23:46
PUK,PUSULA PORTFÖY KATILIM HİSSE SENEDİ (TL) FONU (HİSSE SENEDİ YOĞUN FON),Hisse Senedi,RETAIL_CANDIDATE,,True,2026-09-28,1.3161,-4.2107,-7.6935,3.4828,-0.7924,13.1865,-13.9789,17.5165,,,109.9061,-13.4948,-11.5802,357251156.16,4481.0,100,86.93,0.0,0.0,0.0,0.0,0.0,0.0,0.0,11.22,0.0,0.0,0.0,0.0,0.0,2026-09-28,2026-09-28,2026-09-28 14:23:46
RBA,ALBARAKA PORTFÖY BEREKET VAKFI NA DESTEK ALTIN KATILIM FONU,Altın,RETAIL_CANDIDATE,,True,2026-09-28,21.4642,-1.7554,1.1988,-2.9542,-4.6547,13.9483,-18.603,8.4449,0.4291,26.6281,18.9623,-6.3514,-5.7745,1763152101.51,5065.0,329,0.0,0.0,0.0,0.0,92.22,0.0,0.0,0.0,0.0,0.04,0.0,0.0,0.0,0.0,2026-09-28,2026-09-28,2026-09-28 14:23:46
RBB,RE-PIE PORTFÖY BİRİNCİ BORÇLANMA ARAÇLARI (TL) FONU,Borçlanma Araçları,RETAIL_CANDIDATE,,True,2026-09-28,1.722,0.5651,0.6176,-0.0525,2.541,3.2182,-0.6772,8.781,20.8076,43.1559,2.1558,-0.1802,0.0,24419787.06,32.0,329,0.0,0.0,0.0,0.0,0.0,0.0,24.93,2.74,0.0,0.0,0.0,0.0,0.0,0.0,2026-09-28,2026-09-28,2026-09-28 14:23:46
RBF,ROTA PORTFÖY BİRİNCİ BORÇLANMA ARAÇLARI FONU,Borçlanma Araçları,RETAIL_CANDIDATE,,True,2026-09-28,1.8267,0.5797,-0.3076,0.8872,1.3941,4.2864,-2.8923,6.1132,17.1287,28.4991,2.9435,-0.9671,-0.147,10282428.14,63.0,329,0.0,0.0,0.0,0.0,0.0,0.0,86.66,0.0,0.0,0.0,0.0,0.0,9.81,0.0,2026-09-28,2026-09-28,2026-09-28 14:23:46
RBH,ALBARAKA PORTFÖY KATILIM HİSSE SENEDİ FONU (HİSSE SENEDİ YOĞUN FON),Hisse Senedi,RETAIL_CANDIDATE,,True,2026-09-28,32.7641,0.6415,-7.2497,7.8912,-8.52,10.3487,-18.8687,1.8638,15.5306,32.3756,29.7355,-10.8792,-8.52,881298988.8,4995.0,329,96.34,0.0,0.0,0.0,0.0,0.0,0.0,0.0,0.0,0.0,0.0,0.0,0.0,0.0,2026-09-28,2026-09-28,2026-09-28 14:23:46
RBK,ALBARAKA PORTFÖY KATILIM FONU,Katılım,RETAIL_CANDIDATE,,True,2026-09-28,8.9824,0.2421,0.3206,-0.0785,1.4418,2.3232,-0.8814,6.1965,15.0649,27.2,1.4479,-0.1165,-0.0623,34183677.92,1113.0,329,0.0,0.0,0.0,0.0,0.0,0.0,0.0,0.0,0.0,0.0,0.0,0.0,0.0,0.0,2026-09-28,2026-09-28,2026-09-28 14:23:46
RBT,ALBARAKA PORTFÖY KİRA SERTİFİKALARI  KATILIM FONU,Katılım,RETAIL_CANDIDATE,,True,2026-09-28,6.8382,0.672,0.7055,-0.0335,2.8794,3.1277,-0.2483,9.8075,21.9489,46.488,1.3072,0.0,0.0,1484108151.52,2884.0,329,0.0,0.0,0.0,0.0,0.0,0.0,0.0,0.0,0.0,0.0,0.0,0.0,0.0,0.0,2026-09-28,2026-09-28,2026-09-28 14:23:46
RBV,ALBARAKA PORTFÖY KISA VADELİ KİRA SERTİFİKALARI KATILIM (TL) FONU,Katılım,RETAIL_CANDIDATE,,True,2026-09-28,7.1741,0.6446,0.6822,-0.0376,2.7466,2.9416,-0.195,9.1945,20.5346,43.6409,1.1882,0.0,0.0,10012738626.74,18899.0,329,0.0,0.0,0.0,0.0,0.0,0.0,0.0,0.0,0.0,0.0,0.0,0.0,0.0,0.0,2026-09-28,2026-09-28,2026-09-28 14:23:46
RCV,AZİMUT PORTFÖY BİRİNCİ ÇOKLU VARLIK KATILIM FONU,Katılım,RETAIL_CANDIDATE,,True,2026-09-28,1.7351,0.4768,-3.4837,3.9605,-4.6402,7.8042,-12.4444,5.7082,14.6922,35.7787,10.6301,-5.3877,-4.6402,61792950.65,109.0,329,5.93,10.89,0.0,0.0,0.0,0.0,0.0,0.0,17.31,0.0,0.0,0.0,0.0,0.0,2026-09-28,2026-09-28,2026-09-28 14:23:46
RD1,ROTA PORTFÖY BİRİNCİ DEĞİŞKEN FON,Değişken,RETAIL_CANDIDATE,,True,2026-09-28,1.9759,0.0086,1.9421,-1.9335,0.2479,6.5798,-6.3319,10.862,14.3249,33.7676,9.1567,-2.0243,0.0,66782095.19,111.0,329,65.42,0.0,0.0,0.0,0.0,0.0,0.0,0.0,0.7,0.0,0.0,0.0,8.36,0.0,2026-09-28,2026-09-28,2026-09-28 14:23:46
RFM,ROTA PORTFÖY ENERJİ VE METAL FON SEPETİ FONU,Enerji,RETAIL_CANDIDATE,,True,2026-09-28,1.1613,-0.9422,0.9875,-1.9297,3.6189,7.0753,-3.4564,,,,11.9127,-3.3647,-0.9422,74031990.58,483.0,54,0.0,66.54,0.0,0.0,0.0,0.0,0.0,0.0,5.71,26.89,0.0,0.0,0.0,0.0,2026-09-28,2026-09-28,2026-09-28 14:23:46
RGD,RE-PIE PORTFÖY AGRESİF DEĞİŞKEN FON,Değişken,RETAIL_CANDIDATE,,True,2026-09-28,1.0942,-0.6563,-4.6588,4.0026,-5.5,5.7419,-11.2419,1.1626,14.0962,,21.994,-7.5386,-5.9424,23813397.36,98.0,166,76.13,0.0,0.0,0.0,0.0,0.0,0.0,0.0,0.0,0.0,0.0,0.0,0.0,0.0,2026-09-28,2026-09-28,2026-09-28 14:23:46
RHI,RE-PIE PORTFÖY BİRİNCİ HİSSE SENEDİ (TL) FONU (HİSSE SENEDİ YOĞUN FON),Hisse Senedi,RETAIL_CANDIDATE,,True,2026-09-28,1.701,-0.7796,-3.2515,2.4719,-3.5863,7.2989,-10.8852,4.5927,19.6255,40.262,27.6431,-6.5885,-4.0057,50009509.63,337.0,329,97.8,0.0,0.0,0.0,0.0,0.0,0.0,0.0,1.42,0.0,0.0,0.0,0.0,0.0,2026-09-28,2026-09-28,2026-09-28 14:23:46
RHS,ROTA PORTFÖY HİSSE SENEDİ (TL) FON (HİSSE SENEDİ YOĞUN FON),Hisse Senedi,RETAIL_CANDIDATE,,True,2026-09-28,7.1447,0.2095,-4.6615,4.8711,-5.7438,5.7601,-11.504,-3.1291,5.3314,29.5695,28.1664,-9.2939,-6.1216,675007853.81,1272.0,329,82.57,0.0,0.0,0.0,0.0,0.0,0.0,0.0,0.34,1.94,0.0,0.0,6.83,0.0,2026-09-28,2026-09-28,2026-09-28 14:23:46
RIK,RE-PIE PORTFÖY İKİNCİ DEĞİŞKEN FON,Değişken,RETAIL_CANDIDATE,,True,2026-09-28,5.1091,-5.0491,-3.0654,-1.9837,-8.8364,0.8206,-9.657,-11.3867,0.3447,20.8311,13.6274,-12.3005,-11.4411,301630268.4,2589.0,329,22.13,0.0,0.0,0.0,0.0,0.0,0.0,23.42,18.73,0.0,0.0,0.0,0.0,0.0,2026-09-28,2026-09-28,2026-09-28 14:23:46
RJG,RE-PIE PORTFÖY ALTIN KATILIM FONU,Altın,RETAIL_CANDIDATE,,True,2026-09-28,3.452,-1.5204,1.2103,-2.7307,-5.0323,14.4526,-19.4849,9.9218,2.4277,27.9031,19.7452,-6.5763,-5.7251,55225203.33,464.0,329,0.0,0.0,0.0,0.0,0.0,0.0,0.0,0.0,8.73,0.0,0.0,0.0,0.0,0.0,2026-09-28,2026-09-28,2026-09-28 14:23:46
RKC,ROTA PORTFÖY İKİNCİ DEĞİŞKEN FON,Değişken,RETAIL_CANDIDATE,,True,2026-09-28,1.7814,0.5372,-0.4592,0.9964,0.0032,5.2554,-5.2522,6.5578,21.1967,60.6432,5.9637,-1.466,-0.2967,26410130.56,197.0,329,12.41,0.0,0.0,0.0,0.0,0.0,0.0,0.0,13.78,0.0,0.0,0.0,41.28,0.0,2026-09-28,2026-09-28,2026-09-28 14:23:46
RKS,ROTA PORTFÖY KİRA SERTİFİKALARI KATILIM FONU,Katılım,RETAIL_CANDIDATE,,True,2026-09-28,2.1107,0.6828,0.6734,0.0095,2.7665,2.8359,-0.0694,4.5765,15.369,38.0623,1.2347,-3.844,0.0,94561914.24,129.0,329,0.0,0.0,0.0,0.0,0.0,0.0,0.0,0.0,0.0,0.0,0.0,0.0,0.0,0.0,2026-09-28,2026-09-28,2026-09-28 14:23:46
RPC,ROTA PORTFÖY İKLİM DEĞİŞİKLİĞİ ÇÖZÜMLERİ DEĞİŞKEN FON,Değişken,RETAIL_CANDIDATE,,True,2026-09-28,5.2099,0.6912,-1.9306,2.6218,-2.563,2.9,-5.463,1.4127,19.1176,48.8372,12.0314,-3.9398,-2.8712,23267532.06,525.0,329,25.97,69.16,0.0,0.0,0.0,0.0,0.0,0.0,0.38,0.0,0.0,0.0,0.0,0.0,2026-09-28,2026-09-28,2026-09-28 14:23:46
RPD,RE-PIE PORTFÖY BİRİNCİ DEĞİŞKEN FON,Değişken,RETAIL_CANDIDATE,,True,2026-09-28,13.2653,-6.2937,-3.3448,-2.9489,-10.6104,2.0693,-12.6797,-8.554,3.7179,19.4883,17.0742,-11.8127,-10.8515,146534203.69,1426.0,329,26.51,0.53,0.0,0.0,0.0,0.0,0.0,0.0,0.59,0.0,0.0,0.0,0.0,0.0,2026-09-28,2026-09-28,2026-09-28 14:23:46
RPG,ROTA PORTFÖY ALTIN FONU,Altın,RETAIL_CANDIDATE,,True,2026-09-28,6.1844,-1.6506,0.782,-2.4326,-5.5158,15.8554,-21.3713,9.5262,3.9953,31.9749,18.179,-7.8281,-7.2363,902526804.5,1357.0,329,0.0,8.94,0.0,0.0,36.91,0.0,0.0,0.0,0.0,22.36,0.0,0.0,0.0,0.0,2026-09-28,2026-09-28,2026-09-28 14:23:46
RPI,ROTA PORTFÖY KATILIM HİSSE SENEDİ FONU (HİSSE SENEDİ YOĞUN FON),Hisse Senedi,RETAIL_CANDIDATE,,True,2026-09-28,1.4548,-0.4195,-4.136,3.7164,-3.8763,6.3349,-10.2112,3.7071,14.4969,31.5874,25.1255,-7.2736,-4.97,13484528.58,251.0,329,86.99,0.0,0.0,0.0,0.0,0.0,0.0,0.0,4.07,0.0,0.0,0.0,0.0,0.0,2026-09-28,2026-09-28,2026-09-28 14:23:46
RPM,ROTA PORTFÖY İLAÇ VE MEDİKAL TEKNOLOJİLERİ DEĞİŞKEN FON,Teknoloji,RETAIL_CANDIDATE,,True,2026-09-28,4.3185,-0.1739,-4.1066,3.9327,-6.35,10.4418,-16.7917,3.5974,18.4139,48.1435,15.6016,-8.0704,-7.1595,69460221.93,2525.0,329,25.71,68.61,0.0,0.0,0.0,0.0,0.0,0.0,1.43,0.0,0.0,0.0,0.0,0.0,2026-09-28,2026-09-28,2026-09-28 14:23:46
RTD,RE-PIE PORTFÖY TEKNOLOJİ DEĞİŞKEN FON,Teknoloji,RETAIL_CANDIDATE,,True,2026-09-28,2.0938,3.8551,-2.6258,6.4809,0.65,8.7983,-8.1483,2.6638,42.0583,47.8405,27.0858,-13.0668,-5.0311,18686066.31,329.0,329,24.43,65.74,0.0,0.0,0.0,0.0,0.0,0.0,3.77,0.0,0.0,0.0,0.0,0.0,2026-09-28,2026-09-28,2026-09-28 14:23:46
RTG,ATA PORTFÖY ROBOTİK TEKNOLOJİLERİ DEĞİŞKEN FON,Teknoloji,RETAIL_CANDIDATE,,True,2026-09-28,5.9103,4.4882,-2.9981,7.4862,1.6612,7.6825,-6.0213,0.4232,42.5544,53.5715,23.8205,-13.0152,-0.6101,223951107.17,4217.0,329,18.19,66.23,0.0,0.0,0.0,0.0,0.0,0.0,12.77,0.0,0.0,0.0,0.0,0.0,2026-09-28,2026-09-28,2026-09-28 14:23:46
RUT,BV PORTFÖY ROBOTİK VE UZAY TEKNOLOJİLERİ DEĞİŞKEN FON,Teknoloji,RETAIL_CANDIDATE,,True,2026-09-28,2.5566,2.7247,-0.6405,3.3651,-0.2639,9.218,-9.4819,1.5711,32.5186,41.7763,17.4019,-8.8001,-2.4533,141633970.62,4027.0,329,14.94,67.15,0.0,0.0,0.0,0.0,0.0,3.4,9.59,0.0,0.0,0.0,0.0,0.0,2026-09-28,2026-09-28,2026-09-28 14:23:46
SAS,AK PORTFÖY SABANCI TOPLULUĞU ŞİRKETLERİ ENDEKSİ HİSSE SENEDİ (TL) FONU (HİSSE SENEDİ YOĞUN FON),Hisse Senedi,RETAIL_CANDIDATE,,True,2026-09-28,1.5295,-0.0084,-6.4196,6.4112,-7.208,8.8548,-16.0628,-6.2363,-1.0138,10.9209,35.5813,-10.4337,-7.4604,782898187.14,39315.0,329,89.74,0.0,0.0,0.0,0.0,0.0,0.0,0.0,8.88,0.0,0.0,0.0,1.15,0.0,2026-09-28,2026-09-28,2026-09-28 14:23:46
SD1,SPARTA PORTFÖY BİRİNCİ DEĞİŞKEN FON,Değişken,RETAIL_CANDIDATE,,True,2026-09-28,0.9832,0.1583,-5.3972,5.5555,-5.6851,6.4917,-12.1769,,,,19.7361,-6.9922,-5.853,16860543.53,119.0,49,62.03,0.0,0.0,0.0,0.0,0.0,0.0,0.0,0.0,12.91,0.0,0.0,0.0,0.0,2026-09-28,2026-09-28,2026-09-28 14:23:46
SFS,AZİMUT PORTFÖY AGRESİF FON SEPETİ FONU,Fon Sepeti,RETAIL_CANDIDATE,,True,2026-09-28,1.4095,0.0457,-1.7895,1.8353,-1.5275,5.4748,-7.0023,4.0419,15.11,37.0083,10.5946,-2.9863,-1.8827,30526741.75,67.0,277,0.0,0.0,0.0,0.0,0.0,0.0,0.0,0.0,96.58,0.0,0.0,0.0,0.0,0.0,2026-09-28,2026-09-28,2026-09-28 14:23:46
SGK,EMAA BLUE PORTFÖY BİYOTEKNOLOJİ VE SAĞLIK SEKTÖRÜ DEĞİŞKEN FON,Teknoloji,RETAIL_CANDIDATE,,True,2026-09-28,0.9522,-0.8121,-1.6699,0.8578,-4.9258,,,,,,9.6428,-5.8509,-5.8408,190694605.92,62.0,29,23.96,67.48,0.0,0.0,0.0,0.0,0.0,0.0,3.67,0.0,0.0,0.0,4.71,0.0,2026-09-28,2026-09-28,2026-09-28 14:23:46
SGT,GARANTİ PORTFÖY SİBER GÜVENLİK TEKNOLOJİLERİ DEĞİŞKEN FON,Teknoloji,RETAIL_CANDIDATE,,True,2026-09-28,2.0721,3.0275,2.1788,0.8487,2.9531,10.6058,-7.6528,12.3718,50.7324,51.8952,18.0719,-5.3411,-0.0045,192505563.66,2641.0,329,16.02,65.36,0.0,0.0,0.0,0.0,0.0,0.0,0.0,0.0,0.0,0.0,8.62,0.0,2026-09-28,2026-09-28,2026-09-28 14:23:46
SHC,STRATEJİ PORTFÖY İKİNCİ HİSSE SENEDİ FONU (HİSSE SENEDİ YOĞUN FON),Hisse Senedi,RETAIL_CANDIDATE,,True,2026-09-28,1.0451,2.8136,-5.1278,7.9414,-0.2879,4.9548,-5.2426,,,,25.0933,-6.7895,-2.4584,77410135.23,126.0,48,81.39,0.0,0.0,0.0,0.0,0.0,0.0,0.0,0.0,0.0,0.0,0.0,10.43,0.0,2026-09-28,2026-09-28,2026-09-28 14:23:46
SHE,TEB PORTFÖY ÖNCE KADIN DEĞİŞKEN FON,Değişken,RETAIL_CANDIDATE,,True,2026-09-28,3.43,-0.9704,-3.9485,2.9782,-4.8544,4.5809,-9.4354,-4.996,0.1406,9.1027,25.7405,-7.1187,-5.0627,50767174.12,593.0,329,75.07,0.0,0.0,7.68,0.0,0.0,0.0,0.0,7.91,0.0,0.0,0.0,0.0,0.0,2026-09-28,2026-09-28,2026-09-28 14:23:46
SKO,STRATEJİ PORTFÖY KAR PAYI ÖDEYEN HİSSE SENEDİ FONU (HİSSE SENEDİ YOĞUN FON),Hisse Senedi,RETAIL_CANDIDATE,,True,2026-09-28,1.616,0.7661,-5.9067,6.6728,-6.1009,5.7026,-11.8035,-3.3806,3.2433,39.6577,25.4133,-8.0032,-6.1009,161260682.84,2238.0,305,92.21,0.0,0.0,0.0,0.0,0.0,0.0,0.0,0.39,0.0,0.0,0.0,5.0,0.0,2026-09-28,2026-09-28,2026-09-28 14:23:46
SKT,FİBA PORTFÖY ŞEKERBANK KISA VADELİ BORÇLANMA ARAÇLARI FONU,Bankacılık / Finans,RETAIL_CANDIDATE,,True,2026-09-28,0.1209,0.6643,0.3735,0.2908,2.3616,3.1332,-0.7715,8.8686,20.4066,43.5177,1.3546,-0.0534,0.0,32626074.11,2011.0,329,0.0,0.0,0.0,0.0,0.0,0.0,79.54,0.94,0.0,0.0,0.0,0.0,0.0,0.0,2026-09-28,2026-09-28,2026-09-28 14:23:46
SLG,QNB PORTFÖY ALGORİTMİK STRATEJİLER HİSSE SENEDİ FONU (HİSSE SENEDİ YOĞUN FON),Hisse Senedi,RETAIL_CANDIDATE,,True,2026-09-28,1.3161,-0.3991,-6.7371,6.338,-8.6557,8.0131,-16.6688,-4.0708,7.8597,,37.6969,-12.1459,-8.6557,410041170.29,671.0,215,97.19,0.0,0.0,0.0,0.0,0.0,0.0,0.0,0.0,0.0,0.0,0.0,2.76,0.0,2026-09-28,2026-09-28,2026-09-28 14:23:46
SOS,HEDEF PORTFÖY SAĞLIK SEKTÖRÜ DEĞİŞKEN FON,Sağlık,RETAIL_CANDIDATE,,True,2026-09-28,1.5662,-1.0496,-4.4125,3.3629,-8.389,12.6597,-21.0487,7.721,20.5484,34.992,9.835,-9.8198,-9.7529,22611953.24,433.0,329,16.59,55.7,0.0,10.4,0.0,0.0,0.0,0.0,10.41,0.0,0.0,0.0,0.0,0.0,2026-09-28,2026-09-28,2026-09-28 14:23:46
SPR,BV PORTFÖY SPOR ENDÜSTRİSİ DEĞİŞKEN FON,Değişken,RETAIL_CANDIDATE,,True,2026-09-28,1.2551,0.6838,-3.1097,3.7935,-5.4133,-0.2833,-5.13,-4.3891,5.9976,-5.485,14.0748,-8.556,-7.8563,5686978.31,141.0,329,29.18,58.8,0.0,0.0,0.0,0.0,0.0,0.0,12.02,0.0,0.0,0.0,0.0,0.0,2026-09-28,2026-09-28,2026-09-28 14:23:46
SPT,AKTİF PORTFÖY KATILIM FON SEPETİ FONU,Fon Sepeti,RETAIL_CANDIDATE,,True,2026-09-28,2.2012,0.4491,-1.5897,2.0388,-1.3497,7.4753,-8.825,6.6516,16.951,45.6905,9.878,-2.812,-1.3497,83460233.44,745.0,329,6.96,0.0,0.0,0.0,0.0,0.0,0.0,0.0,79.14,2.91,0.0,0.0,0.0,0.0,2026-09-28,2026-09-28,2026-09-28 14:23:46
SRL,PARDUS PORTFÖY SÜRDÜRÜLEBİLİRLİK HİSSE SENEDİ (TL) FONU (HİSSE SENEDİ YOĞUN FON),Hisse Senedi,RETAIL_CANDIDATE,,True,2026-09-28,1.7559,-2.6163,0.0788,-2.6951,-1.5728,0.9828,-2.5556,12.5403,30.6355,55.1611,7.8421,-5.3714,-5.3714,30379277.9,1837.0,329,89.16,0.0,0.0,0.0,0.0,0.0,0.0,0.0,0.0,0.0,0.0,0.0,0.0,0.0,2026-09-28,2026-09-28,2026-09-28 14:23:46
SSK,DENİZ PORTFÖY SAĞLIK SEKTÖRÜ DEĞİŞKEN FON,Sağlık,RETAIL_CANDIDATE,,True,2026-09-28,1.7714,0.3533,0.4593,-0.1061,-0.2282,5.907,-6.1352,8.1929,25.9213,43.275,8.0896,-2.3445,-1.2818,44410719.76,532.0,329,8.28,43.48,0.0,21.24,0.0,0.0,0.0,0.95,9.34,0.0,0.0,0.0,0.0,0.0,2026-09-28,2026-09-28,2026-09-28 14:23:46
SSS,YAPI KREDİ PORTFÖY SAVUNMA SANAYİİ ŞİRKETLERİ ENDEKSİ HİSSE SENEDİ FONU (HİSSE SENEDİ YOĞUN FON),Hisse Senedi,RETAIL_CANDIDATE,,True,2026-09-28,1.3422,-0.6331,-6.013,5.3799,-6.55,3.6313,-10.1813,-6.2823,2.1917,8.0426,28.07,-8.0795,-7.3782,209371272.57,4831.0,329,97.02,0.0,0.0,0.0,0.0,0.0,0.0,0.0,2.24,0.0,0.0,0.0,0.0,0.0,2026-09-28,2026-09-28,2026-09-28 14:23:46
ST1,STRATEJİ PORTFÖY BİRİNCİ HİSSE SENEDİ FONU (HİSSE SENEDİ YOĞUN FON),Hisse Senedi,RETAIL_CANDIDATE,,True,2026-09-28,170.8995,0.1686,-8.9578,9.1264,-10.0779,4.6888,-14.7667,-9.5974,-4.9935,-7.1014,26.6185,-10.9197,-10.7695,561196192.24,2002.0,329,86.99,0.0,0.0,0.0,0.0,0.0,0.0,0.0,0.0,0.0,0.0,0.0,9.11,0.0,2026-09-28,2026-09-28,2026-09-28 14:23:46
SUA,ÜNLÜ PORTFÖY BİRİNCİ DEĞİŞKEN FON,Değişken,RETAIL_CANDIDATE,,True,2026-09-28,0.6074,-0.1189,0.189,-0.3079,0.8784,4.0073,-3.1289,5.8584,17.8962,46.0642,2.7901,-2.1115,-0.4721,1927560011.33,1023.0,329,2.39,4.59,0.0,0.0,0.0,0.0,0.74,1.48,15.7,3.99,0.0,0.0,60.73,0.0,2026-09-28,2026-09-28,2026-09-28 14:23:46
SUB,ÜNLÜ PORTFÖY İKİNCİ DEĞİŞKEN FON,Değişken,RETAIL_CANDIDATE,,True,2026-09-28,0.3885,0.4133,-5.8771,6.2904,-3.8573,6.734,-10.5913,-1.8698,4.2198,23.0589,24.2248,-7.4425,-5.4882,104772738.97,674.0,329,66.26,0.0,0.0,0.0,0.0,0.0,0.0,0.0,8.86,0.0,0.0,0.0,17.57,0.0,2026-09-28,2026-09-28,2026-09-28 14:23:46
SUC,ÜNLÜ PORTFÖY ÜÇÜNCÜ DEĞIŞKEN FON,Değişken,RETAIL_CANDIDATE,,True,2026-09-28,23.4581,1.4934,0.054,1.4393,1.786,6.0353,-4.2493,9.0523,27.063,43.8307,11.5165,-3.3732,-0.841,614826703.6,464.0,329,0.25,72.07,0.0,0.0,0.0,0.0,0.0,0.0,6.96,0.0,0.0,0.0,18.04,0.0,2026-09-28,2026-09-28,2026-09-28 14:23:46
SUR,EMAA BLUE PORTFÖY SÜRDÜRÜLEBİLİRLİK HİSSE SENEDİ FONU (HİSSE SENEDİ YOĞUN FON),Hisse Senedi,RETAIL_CANDIDATE,,True,2026-09-28,1.1476,0.4518,-4.4077,4.8595,-2.5735,7.4977,-10.0712,0.6593,4.3171,,28.9875,-7.7752,-3.9759,232247062.46,77.0,190,84.81,0.0,0.0,0.0,0.0,0.0,0.0,1.33,7.94,0.0,0.0,0.0,5.88,0.0,2026-09-28,2026-09-28,2026-09-28 14:23:46
SVB,STRATEJİ PORTFÖY AGRESİF DEĞİŞKEN FON,Değişken,RETAIL_CANDIDATE,,True,2026-09-28,8.8629,-0.8148,-6.8814,6.0667,-7.1538,4.6129,-11.7667,-6.1564,1.0616,15.8318,21.1812,-7.9254,-7.6402,188185383.9,1110.0,329,73.09,5.23,0.0,0.0,0.0,0.0,0.0,0.0,4.18,0.0,0.0,0.0,4.5,0.0,2026-09-28,2026-09-28,2026-09-28 14:23:46
TAL,ATLAS PORTFÖY ALTIN KATILIM FONU,Altın,RETAIL_CANDIDATE,,True,2026-09-28,2.7348,-1.908,1.0729,-2.9808,-5.4,14.6442,-20.0442,8.0917,-0.1359,23.8607,19.2857,-7.1801,-6.651,31796140.18,715.0,329,16.45,0.0,0.0,0.0,72.82,0.0,0.0,0.0,6.31,4.42,0.0,0.0,0.0,0.0,2026-09-28,2026-09-28,2026-09-28 14:23:46
TAR,AK PORTFÖY TARIM VE GIDA TEKNOLOJİLERİ DEĞİŞKEN FON,Teknoloji,RETAIL_CANDIDATE,,True,2026-09-28,2.4589,-1.5109,-3.2854,1.7746,-4.1046,1.8722,-5.9769,-1.0748,14.5471,21.1936,10.445,-5.6209,-5.6209,129571235.95,6490.0,329,30.5,66.62,0.0,0.0,0.0,0.0,0.0,0.0,0.0,0.0,0.0,0.0,2.34,0.0,2026-09-28,2026-09-28,2026-09-28 14:23:46
TAU,İŞ PORTFÖY BIST BANKA ENDEKSİ HİSSE SENEDİ (TL) FONU (HİSSE SENEDİ YOĞUN FON),Bankacılık / Finans,RETAIL_CANDIDATE,,True,2026-09-28,0.6317,-1.0804,-3.462,2.3817,-2.948,10.8143,-13.7624,-11.0114,2.8731,2.6067,49.1863,-19.5364,-11.0114,2383436043.67,33080.0,329,94.48,0.0,0.0,0.0,0.0,0.0,0.0,0.0,0.84,0.0,0.0,0.0,2.99,0.0,2026-09-28,2026-09-28,2026-09-28 14:23:46
TBT,TEB PORTFÖY BORÇLANMA ARAÇLARI FONU,Borçlanma Araçları,RETAIL_CANDIDATE,,True,2026-09-28,54.5557,-0.0883,-1.423,1.3347,-0.3102,5.423,-5.7332,2.7336,13.6649,18.9102,6.0785,-3.4812,-1.6523,467288892.89,2349.0,329,0.0,0.0,0.0,0.0,0.0,0.0,95.6,0.22,4.18,0.0,0.0,0.0,0.0,0.0,2026-09-28,2026-09-28,2026-09-28 14:23:46
TCA,ZİRAAT PORTFÖY ALTIN KATILIM FONU,Altın,RETAIL_CANDIDATE,,True,2026-09-28,0.7785,-1.7091,1.1504,-2.8595,-5.1361,14.1026,-19.2387,7.6206,-2.9028,16.5708,19.6639,-6.9777,-6.357,13404528869.02,44197.0,329,0.0,0.0,0.0,0.0,53.37,0.0,0.0,0.0,0.0,0.0,0.0,0.0,0.0,0.0,2026-09-28,2026-09-28,2026-09-28 14:23:46
TCD,TACİRLER PORTFÖY DEĞIŞKEN FON,Değişken,RETAIL_CANDIDATE,,True,2026-09-28,47.931,0.7602,-3.5236,4.2838,-3.9383,7.0865,-11.0247,-0.7588,15.3444,31.0953,24.9201,-7.5257,-3.9383,1323297502.56,10827.0,329,75.59,6.71,0.0,0.82,0.0,0.0,0.01,0.0,4.54,1.84,0.0,0.0,8.06,0.0,2026-09-28,2026-09-28,2026-09-28 14:23:46
TCF,TEB PORTFÖY ÜÇÜNCÜ FON SEPETİ FONU,Fon Sepeti,RETAIL_CANDIDATE,,True,2026-09-28,4.7041,0.6486,0.3808,0.2677,2.3551,3.3316,-0.9764,8.9756,20.0675,45.3986,1.6783,-0.082,0.0,3111875580.01,2589.0,329,0.0,0.0,0.0,0.63,0.0,0.0,12.1,0.0,83.35,0.0,0.0,0.0,0.0,0.0,2026-09-28,2026-09-28,2026-09-28 14:23:46
TDG,İŞ PORTFÖY YABANCI BORÇLANMA ARAÇLARI FONU,Yabancı Varlıklar,RETAIL_CANDIDATE,,True,2026-09-28,0.5254,-0.6488,-0.1418,-0.507,-1.2159,2.5637,-3.7796,1.8222,8.2599,16.3013,3.9659,-1.3754,-1.3754,650440403.0,2033.0,329,0.0,0.0,0.0,0.0,0.0,0.0,0.0,0.0,0.0,0.0,0.0,0.0,3.53,0.0,2026-09-28,2026-09-28,2026-09-28 14:23:46
TE3,TEB PORTFÖY MUTLAK GETİRİ HEDEFLİ DEĞİŞKEN FON,Değişken,RETAIL_CANDIDATE,,True,2026-09-28,40.8704,0.3955,-3.2483,3.6438,-1.4592,7.482,-8.9413,3.8341,15.3634,44.2,13.4641,-4.2855,-2.9859,1095508302.95,2767.0,329,0.94,0.0,0.0,0.0,0.0,0.0,24.32,3.37,9.43,5.5,0.0,0.0,43.82,0.0,2026-09-28,2026-09-28,2026-09-28 14:23:46
TE4,TEB PORTFÖY BİRİNCİ DEĞİŞKEN FON,Değişken,RETAIL_CANDIDATE,,True,2026-09-28,6.7879,0.6235,0.4138,0.2097,2.509,3.5691,-1.0601,9.2092,20.8551,47.8375,1.8494,-0.1506,0.0,2390392487.52,1437.0,329,0.0,0.0,0.0,0.0,0.0,0.0,39.13,0.08,5.68,0.0,0.0,0.0,50.25,0.0,2026-09-28,2026-09-28,2026-09-28 14:23:46
TEJ,AZİMUT PORTFÖY TEKNOLOJİ FON SEPETİ FONU,Teknoloji,RETAIL_CANDIDATE,,True,2026-09-28,2.8476,3.3642,-1.06,4.4241,1.5389,8.3781,-6.8392,6.1459,47.2163,59.5753,17.6533,-7.3126,-0.114,689659031.38,1215.0,329,8.46,0.0,0.0,78.05,0.0,0.0,0.0,0.0,12.27,0.0,0.0,0.0,0.0,0.0,2026-09-28,2026-09-28,2026-09-28 14:23:46
TFF,TEB PORTFÖY AMERİKA TEKNOLOJİ YABANCI BYF FON SEPETİ FONU,Teknoloji,RETAIL_CANDIDATE,,True,2026-09-28,46.3536,4.4539,0.8947,3.5592,5.4802,7.8225,-2.3423,9.8064,51.9124,51.5306,16.9001,-6.376,0.0,1384393867.05,8652.0,329,0.0,0.0,0.0,99.95,0.0,0.0,0.0,0.0,0.0,0.0,0.0,0.0,0.0,0.0,2026-09-28,2026-09-28,2026-09-28 14:23:46
TFU,İŞ PORTFÖY TÜFEYE ENDEKSLİ BORÇLANMA ARAÇLARI (TL) FONU,Borçlanma Araçları,RETAIL_CANDIDATE,,True,2026-09-28,1.3206,0.5414,0.5458,-0.0044,2.1046,1.5636,0.541,6.0154,17.3668,,1.0878,-0.0115,0.0,198107250.51,1089.0,209,0.0,0.0,0.0,0.0,0.0,0.0,85.45,0.0,0.0,0.0,0.0,0.0,14.55,0.0,2026-09-28,2026-09-28,2026-09-28 14:23:46
TGA,GARANTİ PORTFÖY AGRESİF DEĞİŞKEN FON,Değişken,RETAIL_CANDIDATE,,True,2026-09-28,0.4767,0.8697,-3.115,3.9847,-2.994,4.6267,-7.6206,3.0225,9.9776,21.001,19.3432,-6.0203,-2.994,784494298.87,5994.0,329,86.35,0.0,0.0,0.0,0.0,0.0,0.0,0.0,0.11,0.0,0.0,0.0,0.51,0.0,2026-09-28,2026-09-28,2026-09-28 14:23:46
TGE,İŞ PORTFÖY EMTİA YABANCI BYF FON SEPETİ FONU,Yabancı Varlıklar,RETAIL_CANDIDATE,,True,2026-09-28,0.3112,0.0039,1.3636,-1.3598,4.8122,5.3848,-0.5726,19.1345,20.544,64.1333,8.9329,-3.2039,-0.1864,3052000181.42,36910.0,329,0.0,2.43,0.0,92.61,0.0,0.0,0.0,0.0,1.73,0.0,0.0,0.0,2.16,0.0,2026-09-28,2026-09-28,2026-09-28 14:23:46
TGR,AK PORTFÖY TURİZM VE SEYAHAT SEKTÖRÜ DEĞİŞKEN FON,Değişken,RETAIL_CANDIDATE,,True,2026-09-28,6.3979,-0.9328,-3.0345,2.1017,-9.8632,3.8423,-13.7055,-6.1593,4.6959,0.2733,16.7311,-11.0217,-10.656,98043122.55,5376.0,329,30.76,67.15,0.0,0.0,0.0,0.0,0.0,0.0,0.53,0.0,0.0,0.0,1.03,0.0,2026-09-28,2026-09-28,2026-09-28 14:23:46
TGT,GARANTİ PORTFÖY KISA VADELİ BORÇLANMA ARAÇLARI FONU,Borçlanma Araçları,RETAIL_CANDIDATE,,True,2026-09-28,0.1243,0.6862,0.4378,0.2484,2.5313,3.2886,-0.7573,9.0124,20.4887,44.1754,1.338,-0.0431,0.0,4671358776.81,64601.0,329,0.0,0.0,0.0,0.0,0.0,0.0,53.02,24.64,0.0,0.0,0.0,0.0,6.86,0.0,2026-09-28,2026-09-28,2026-09-28 14:23:46
THD,TRIVE PORTFÖY BİRİNCİ HİSSE SENEDİ (TL) FON (HİSSE SENEDİ YOĞUN FON),Hisse Senedi,RETAIL_CANDIDATE,,True,2026-09-28,2.5762,0.8937,-7.675,8.5687,-7.4035,5.0867,-12.4902,-4.3604,3.21,16.3664,35.6205,-10.8619,-7.4035,7776986.83,179.0,329,91.91,0.0,0.0,0.0,0.0,0.0,0.0,0.0,0.01,0.0,0.0,0.0,0.0,0.0,2026-09-28,2026-09-28,2026-09-28 14:23:46
THF,TERA PORTFÖY HİSSE SENEDİ (TL) FONU (HİSSE SENEDİ YOĞUN FON),Hisse Senedi,RETAIL_CANDIDATE,,True,2026-09-28,0.0,-100.0,-34.8246,-65.1754,-100.0,28.0141,-128.0141,-100.0,-100.0,-100.0,376.968,-100.0,-100.0,0.0,214405.0,329,,,,,,,,,,,,,,,2026-09-28,2026-09-28,2026-09-28 14:23:46
TI2,İŞ PORTFÖY HİSSE SENEDİ (TL) FONU (HİSSE SENEDİ YOĞUN FON),Hisse Senedi,RETAIL_CANDIDATE,,True,2026-09-28,0.1224,-1.4643,-4.3267,2.8625,-6.0662,4.8679,-10.9341,-4.9502,-0.5331,13.4333,33.3015,-8.6847,-6.0806,2986360713.52,19584.0,329,90.95,0.0,0.0,0.0,0.0,0.0,0.0,0.0,2.01,0.0,0.0,0.0,3.68,0.0,2026-09-28,2026-09-28,2026-09-28 14:23:46
TI3,İŞ PORTFÖY İŞ BANKASI İŞTİRAKLERİ ENDEKSİ HİSSE SENEDİ (TL) FONU (HİSSE SENEDİ YOĞUN FON),Bankacılık / Finans,RETAIL_CANDIDATE,,True,2026-09-28,0.1056,-2.9624,-5.822,2.8596,-5.8668,-0.356,-5.5107,-11.8623,-10.5124,-3.8823,44.1002,-12.9828,-12.0991,1808151985.33,20455.0,329,97.66,0.0,0.0,0.0,0.0,0.0,0.0,0.0,0.86,0.0,0.0,0.0,0.47,0.0,2026-09-28,2026-09-28,2026-09-28 14:23:46
TI4,İŞ PORTFÖY TEMKİNLİ DEĞİŞKEN FON,Değişken,RETAIL_CANDIDATE,,True,2026-09-28,0.0672,0.6393,0.645,-0.0056,2.6278,2.8422,-0.2144,7.5338,16.0222,39.6016,1.0732,-0.3231,0.0,1930196431.4,13700.0,329,0.0,0.0,0.0,0.0,0.0,0.0,0.0,0.24,6.49,0.0,0.0,0.0,89.59,0.0,2026-09-28,2026-09-28,2026-09-28 14:23:46
TI6,İŞ PORTFÖY BORÇLANMA ARAÇLARI (TL) FONU,Borçlanma Araçları,RETAIL_CANDIDATE,,True,2026-09-28,0.0555,0.5896,-0.2678,0.8573,1.4341,4.6178,-3.1837,5.33,17.0544,29.716,3.9027,-1.9603,-0.1225,739749955.34,4957.0,329,0.0,0.0,0.0,0.0,0.0,0.0,76.92,3.6,0.0,0.0,0.0,0.0,19.46,0.0,2026-09-28,2026-09-28,2026-09-28 14:23:46
TI7,İŞ PORTFÖY DENGELİ DEĞİŞKEN FON,Değişken,RETAIL_CANDIDATE,,True,2026-09-28,80.9756,0.6997,0.5658,0.1339,2.1247,3.4379,-1.3132,6.2332,15.1834,31.9762,1.7739,-0.7252,0.0,1175050520.32,9448.0,329,0.0,1.54,0.0,7.83,0.0,0.0,0.0,0.05,1.09,0.0,0.0,0.0,83.4,0.0,2026-09-28,2026-09-28,2026-09-28 14:23:46
TIE,İŞ PORTFÖY BIST 30 ENDEKSİ HİSSE SENEDİ (TL) FONU (HİSSE SENEDİ YOĞUN FON),Hisse Senedi,RETAIL_CANDIDATE,,True,2026-09-28,0.7322,-1.915,-5.7748,3.8598,-5.1755,9.6067,-14.7822,-5.0892,8.2602,28.147,31.1843,-10.405,-7.5791,1899619078.85,19723.0,329,95.31,0.0,0.0,0.0,0.0,0.0,0.0,0.0,0.54,0.0,0.0,0.0,4.15,0.0,2026-09-28,2026-09-28,2026-09-28 14:23:46
TIL,İŞ PORTFÖY KATILIM HİSSE SENEDİ (TL) FONU (HİSSE SENEDİ YOĞUN FON),Hisse Senedi,RETAIL_CANDIDATE,,True,2026-09-28,1.3241,-0.5296,-7.0589,6.5293,-7.8105,7.4353,-15.2458,-5.0626,5.1245,27.9461,31.2318,-9.6405,-8.1465,71375335.55,1647.0,268,98.52,0.0,0.0,0.0,0.0,0.0,0.0,0.0,1.48,0.0,0.0,0.0,0.0,0.0,2026-09-28,2026-09-28,2026-09-28 14:23:46
TIV,İŞ PORTFÖY KISA VADELİ BORÇLANMA ARAÇLARI (TL) FONU,Borçlanma Araçları,RETAIL_CANDIDATE,,True,2026-09-28,54.9817,0.6813,0.4584,0.2229,2.5846,3.214,-0.6293,9.1343,20.405,43.3319,1.2809,-0.0326,0.0,37220593346.73,124107.0,329,0.0,0.0,0.0,0.0,0.0,0.0,51.1,11.58,0.0,0.0,0.0,0.0,12.17,0.0,2026-09-28,2026-09-28,2026-09-28 14:23:46
TJF,TEB PORTFÖY SÜRDÜRÜLEBİLİRLİK FON SEPETİ FONU,Fon Sepeti,RETAIL_CANDIDATE,,True,2026-09-28,5.2461,-0.2259,-2.4686,2.2427,-2.5746,4.3662,-6.9408,-1.4177,11.3723,25.0265,15.4574,-4.6686,-3.2806,52633881.02,517.0,329,0.0,0.0,0.0,15.44,0.0,0.0,0.0,0.0,84.56,0.0,0.0,0.0,0.0,0.0,2026-09-28,2026-09-28,2026-09-28 14:23:46
TJI,TEB PORTFÖY İKİNCİ FON SEPETİ FONU,Fon Sepeti,RETAIL_CANDIDATE,,True,2026-09-28,6.4991,0.266,-1.9032,2.1692,-1.7461,7.5803,-9.3264,4.6983,13.209,35.3335,14.2228,-4.0743,-2.0953,482616582.87,841.0,329,0.0,0.0,0.0,10.57,0.0,0.0,0.0,0.0,75.73,8.99,0.0,0.0,0.0,0.0,2026-09-28,2026-09-28,2026-09-28 14:23:46
TKF,TACİRLER PORTFÖY HİSSE SENEDİ FONU (HİSSE SENEDİ YOĞUN FON),Hisse Senedi,RETAIL_CANDIDATE,,True,2026-09-28,66.8238,-0.0141,-4.3683,4.3542,-5.7522,8.4959,-14.2481,-1.8593,11.2467,28.4168,29.4448,-9.3696,-5.7522,925255231.13,3930.0,329,86.67,0.0,0.0,0.0,0.0,0.0,0.0,0.0,9.77,2.3,0.0,0.0,0.0,0.0,2026-09-28,2026-09-28,2026-09-28 14:23:46
TLE,AURA PORTFÖY YABANCI BORÇLANMA ARAÇLARI FONU,Yabancı Varlıklar,RETAIL_CANDIDATE,,True,2026-09-28,28.1779,-0.8064,-0.0336,-0.7727,-1.2674,3.5718,-4.8392,1.504,11.6646,23.2076,3.7303,-1.817,-1.3151,487900678.1,739.0,329,0.52,0.0,0.0,0.0,0.0,0.0,0.0,0.01,14.95,0.0,0.0,0.0,0.0,0.0,2026-09-28,2026-09-28,2026-09-28 14:23:46
TLH,AURA PORTFÖY HİSSE SENEDİ FONU (HİSSE SENEDİ YOĞUN FON),Hisse Senedi,RETAIL_CANDIDATE,,True,2026-09-28,24.8321,-2.0271,-7.6183,5.5912,-10.9329,6.0885,-17.0214,-15.9949,-11.9424,3.5595,30.9326,-16.373,-15.9949,110299543.1,239.0,329,89.91,0.0,0.0,0.0,0.0,0.0,0.0,0.0,8.52,0.0,0.0,0.0,0.0,0.0,2026-09-28,2026-09-28,2026-09-28 14:23:46
TLZ,ATA PORTFÖY KATILIM HİSSE SENEDİ (TL) FONU (HİSSE SENEDİ YOĞUN FON),Hisse Senedi,RETAIL_CANDIDATE,,True,2026-09-28,18.3344,0.3353,-7.4554,7.7907,-10.9418,10.3759,-21.3177,-0.7353,13.7926,31.9553,27.1003,-12.5423,-10.9418,66947728.24,801.0,329,88.12,0.0,0.0,0.0,0.0,0.0,0.0,0.0,11.88,0.0,0.0,0.0,0.0,0.0,2026-09-28,2026-09-28,2026-09-28 14:23:46
TMC,İŞ PORTFÖY TEMA DEĞİŞKEN FON,Değişken,RETAIL_CANDIDATE,,True,2026-09-28,0.1696,0.5304,2.1569,-1.6265,2.7721,2.0349,0.7373,10.0203,17.488,32.0835,9.9908,-0.9584,-0.3173,137104904.23,11316.0,329,56.05,0.0,0.0,0.0,0.0,0.0,0.15,0.0,5.75,0.0,0.0,0.0,18.78,0.0,2026-09-28,2026-09-28,2026-09-28 14:23:46
TMG,İŞ PORTFÖY YABANCI HİSSE SENEDİ FONU,Yabancı Varlıklar,RETAIL_CANDIDATE,,True,2026-09-28,1.4785,0.8245,0.1897,0.6348,1.0196,5.2804,-4.2608,9.6551,32.3222,42.7778,10.402,-2.0665,-0.7867,5125001258.24,35010.0,329,0.0,87.12,0.0,3.99,0.0,0.0,0.0,0.0,4.65,0.0,0.0,0.0,3.29,0.0,2026-09-28,2026-09-28,2026-09-28 14:23:46
TMU,AZİMUT PORTFÖY TEMKİNLİ FON SEPETİ FONU,Fon Sepeti,RETAIL_CANDIDATE,,True,2026-09-28,1.4627,0.6199,-0.3876,1.0075,1.3704,3.6617,-2.2912,7.1213,17.9244,41.4546,4.7324,-1.0925,-0.0716,38017758.15,80.0,277,0.0,0.0,0.0,0.0,0.0,0.0,0.0,0.0,93.47,0.0,0.0,0.0,0.0,0.0,2026-09-28,2026-09-28,2026-09-28 14:23:46
TMZ,İŞ PORTFÖY SÜRDÜRÜLEBİLİRLİK VE TARIM FON SEPETİ FONU,Fon Sepeti,RETAIL_CANDIDATE,,True,2026-09-28,1.9701,-0.7833,-2.1813,1.398,-3.1376,5.8601,-8.9978,4.6099,14.5162,30.6175,11.1139,-3.4019,-3.4019,51236703.6,2482.0,329,8.42,0.0,0.0,46.66,0.0,0.0,0.0,0.0,44.22,0.0,0.0,0.0,0.68,0.0,2026-09-28,2026-09-28,2026-09-28 14:23:46
TND,İŞ PORTFÖY TTF TENİSE DESTEK DEĞİŞKEN FON,Değişken,RETAIL_CANDIDATE,,True,2026-09-28,1.5598,0.6869,0.6903,-0.0034,2.7362,2.9444,-0.2082,9.1977,21.3102,45.404,1.2975,0.0,0.0,182881518.11,497.0,298,0.0,0.0,0.0,0.0,0.0,0.0,0.0,28.9,0.0,0.0,0.0,0.0,13.61,0.0,2026-09-28,2026-09-28,2026-09-28 14:23:46
TNK,TEB PORTFÖY KISA VADELİ BORÇLANMA ARAÇLARI (TL) FONU,Borçlanma Araçları,RETAIL_CANDIDATE,,True,2026-09-28,35.0162,0.6785,0.5165,0.162,2.5491,3.04,-0.4909,8.9429,20.4179,43.7924,1.1732,0.0,0.0,3896784726.01,73464.0,329,0.0,0.0,0.0,0.0,0.0,0.0,47.05,6.3,0.0,0.0,0.0,0.0,14.75,0.0,2026-09-28,2026-09-28,2026-09-28 14:23:46
TPC,TEB PORTFÖY KIYMETLİ MADENLER FON SEPETİ FONU,Kıymetli Madenler,RETAIL_CANDIDATE,,True,2026-09-28,12.9511,-2.5246,0.3245,-2.849,-7.3977,16.6255,-24.0232,6.7058,2.5129,28.6065,23.6252,-7.6554,-7.3977,5413338846.07,11056.0,329,1.71,1.04,0.0,49.3,0.0,0.0,0.0,0.0,27.74,19.31,0.0,0.0,0.0,0.0,2026-09-28,2026-09-28,2026-09-28 14:23:46
TPF,TACİRLER PORTFÖY BORÇLANMA ARAÇLARI FONU,Borçlanma Araçları,RETAIL_CANDIDATE,,True,2026-09-28,11.4015,0.6606,0.1233,0.5372,1.7883,3.5284,-1.7402,7.3685,19.9263,44.8886,1.839,-0.2411,0.0,131314465.16,477.0,329,2.11,0.0,0.0,0.0,0.0,0.0,39.78,3.27,0.0,0.0,0.0,0.0,14.45,0.0,2026-09-28,2026-09-28,2026-09-28 14:23:46
TPL,TEB PORTFÖY EUROBOND (DÖVİZ) BORÇLANMA ARAÇLARI FONU,Eurobond,RETAIL_CANDIDATE,,True,2026-09-28,21.2729,0.1657,-0.3413,0.507,-0.2422,2.7326,-2.9748,3.1869,12.1258,19.1534,3.6261,-0.9299,-0.6642,497624653.94,1472.0,329,0.0,0.0,0.0,0.0,0.0,0.0,1.03,0.0,0.0,0.0,0.0,0.0,13.18,0.0,2026-09-28,2026-09-28,2026-09-28 14:23:46
TPV,AURA PORTFÖY İKİNCİ DEĞİŞKEN FON,Değişken,RETAIL_CANDIDATE,,True,2026-09-28,10.4406,0.3945,-2.0948,2.4893,-1.7898,1.2984,-3.0882,-0.4719,5.5171,3.1333,8.2601,-3.1733,-2.7913,7962942.29,32.0,329,21.96,0.0,0.0,0.0,0.0,0.0,0.0,0.0,14.48,0.0,0.0,0.0,0.0,0.0,2026-09-28,2026-09-28,2026-09-28 14:23:46
TPZ,TEB PORTFÖY KİRA SERTİFİKALARI (DÖVİZ) KATILIM FONU,Katılım,RETAIL_CANDIDATE,,True,2026-09-28,28.9923,0.2666,0.2284,0.0382,1.2212,2.0953,-0.8741,5.3145,13.2655,24.3191,1.2793,-0.1107,-0.0292,150049314.95,1430.0,329,0.0,0.0,0.0,0.0,0.0,0.0,0.0,0.0,0.0,0.0,0.0,0.0,0.0,0.0,2026-09-28,2026-09-28,2026-09-28 14:23:46
TRJ,TERA PORTFÖY BİRİNCİ BORÇLANMA ARAÇLARI (TL) FONU,Borçlanma Araçları,RETAIL_CANDIDATE,,True,2026-09-28,2.2595,0.658,0.6236,0.0344,3.0564,3.6798,-0.6233,11.0828,28.4188,64.7132,1.4114,0.0,0.0,1860887097.43,4206.0,329,0.0,0.0,0.0,0.0,0.0,0.0,25.07,7.22,0.0,0.0,0.0,0.0,0.0,0.0,2026-09-28,2026-09-28,2026-09-28 14:23:46
TRO,TRIVE PORTFÖY ALTIN FONU,Altın,RETAIL_CANDIDATE,,True,2026-09-28,2.4913,-4.1575,3.0351,-7.1926,-5.614,13.2484,-18.8624,7.7163,1.3754,33.0223,23.4448,-6.9824,-6.5229,22646473.71,326.0,329,0.0,0.0,0.0,0.0,100.0,0.0,0.0,0.0,0.0,0.0,0.0,0.0,0.0,0.0,2026-09-28,2026-09-28,2026-09-28 14:23:46
TSI,İŞ PORTFÖY MAKSİMUM HESAP KISA VADELİ BORÇLANMA ARAÇLARI (TL) FONU,Borçlanma Araçları,RETAIL_CANDIDATE,,True,2026-09-28,0.2148,0.6863,0.5197,0.1665,2.5809,3.185,-0.6041,9.1052,20.5879,43.9524,1.1697,0.0,0.0,23392329504.17,76816.0,329,0.0,0.0,0.0,0.0,0.0,0.0,42.17,16.75,0.0,0.0,0.0,0.0,7.04,0.0,2026-09-28,2026-09-28,2026-09-28 14:23:46
TTA,İŞ PORTFÖY ALTIN FONU,Altın,RETAIL_CANDIDATE,,True,2026-09-28,0.618,-1.4503,1.0313,-2.4816,-5.1333,13.045,-18.1783,7.8263,1.1674,19.757,18.4918,-7.0035,-6.3756,25733120819.23,224278.0,329,0.0,0.0,0.0,0.0,58.34,0.0,0.0,0.0,2.53,0.0,0.0,0.0,1.9,0.0,2026-09-28,2026-09-28,2026-09-28 14:23:46
TTE,İŞ PORTFÖY BIST TEKNOLOJİ AĞIRLIK SINIRLAMALI ENDEKSİ HİSSE SENEDİ (TL) FONU (HİSSE SENEDİ YOĞUN FON),Teknoloji,RETAIL_CANDIDATE,,True,2026-09-28,1.2461,-5.854,-16.043,10.189,-27.5185,4.1906,-31.7091,-27.2222,-4.7114,13.3813,27.7037,-32.5832,-31.7434,2540067605.87,41378.0,329,95.5,0.0,0.0,0.0,0.0,0.0,0.0,0.0,0.92,0.0,0.0,0.0,3.58,0.0,2026-09-28,2026-09-28,2026-09-28 14:23:46
TUA,TEB PORTFÖY ALTIN FONU,Altın,RETAIL_CANDIDATE,,True,2026-09-28,1.4523,-1.7828,1.0231,-2.8059,-5.4339,14.737,-20.171,9.6289,2.2069,27.555,18.5771,-6.6422,-6.2065,14592515967.68,30086.0,329,0.22,0.0,0.0,3.22,27.88,0.0,0.0,0.0,5.68,0.37,0.0,0.0,0.0,0.0,2026-09-28,2026-09-28,2026-09-28 14:23:46
TVE,EMAA BLUE PORTFÖY TARIM VE GIDA SEKTÖRÜ KATILIM FONU,Katılım,RETAIL_CANDIDATE,,True,2026-09-28,1.0539,-0.7717,-6.9884,6.2167,-9.0003,4.5852,-13.5855,-6.9166,-3.6146,,16.0857,-9.1756,-9.0003,235025184.73,302.0,194,50.33,28.04,0.0,0.0,0.0,0.0,0.0,0.0,8.14,0.0,0.0,0.0,0.0,0.0,2026-09-28,2026-09-28,2026-09-28 14:23:46
TVN,TRIVE PORTFÖY BİRİNCİ FON SEPETİ FONU,Fon Sepeti,RETAIL_CANDIDATE,,True,2026-09-28,2.9752,-0.9929,-0.6274,-0.3656,-0.3695,6.5864,-6.9559,8.867,25.7797,42.8878,6.3238,-2.2158,-2.2158,6837739.3,436.0,329,0.0,64.69,0.0,6.2,0.0,0.0,0.0,0.0,20.6,8.51,0.0,0.0,0.0,0.0,2026-09-28,2026-09-28,2026-09-28 14:23:46
TYH,TEB PORTFÖY HİSSE SENEDİ FONU (HİSSE SENEDİ YOĞUN FON),Hisse Senedi,RETAIL_CANDIDATE,,True,2026-09-28,2.0297,0.0448,-4.6627,4.7075,-4.8321,8.1785,-13.0106,-0.9025,3.9073,14.748,31.224,-8.6457,-4.8321,958231457.01,5937.0,329,98.65,0.0,0.0,0.0,0.0,0.0,0.0,0.0,0.0,0.0,0.0,0.0,0.0,0.0,2026-09-28,2026-09-28,2026-09-28 14:23:46
TZD,ZİRAAT PORTFÖY HİSSE SENEDİ FONU (HİSSE SENEDİ YOĞUN FON),Hisse Senedi,RETAIL_CANDIDATE,,True,2026-09-28,2.4181,-0.5549,-6.9017,6.3467,-7.3628,8.2331,-15.5959,-1.9972,9.8668,15.5942,31.4724,-9.7178,-7.5869,639989497.7,7806.0,329,75.06,0.0,0.0,0.0,0.0,0.0,0.0,0.0,0.6,16.75,0.0,0.0,7.15,0.0,2026-09-28,2026-09-28,2026-09-28 14:23:46
TZT,ZİRAAT PORTFÖY BORÇLANMA ARAÇLARI (TL) FONU,Borçlanma Araçları,RETAIL_CANDIDATE,,True,2026-09-28,0.1738,0.4449,0.1638,0.2811,1.8104,3.4463,-1.6359,6.1021,14.589,34.8793,2.6985,-0.5943,-0.0397,335178841.13,5773.0,329,0.0,0.0,0.0,0.0,0.0,0.0,77.05,0.0,0.0,0.0,0.0,0.0,0.6,0.0,2026-09-28,2026-09-28,2026-09-28 14:23:46
TZV,ZİRAAT PORTFÖY KISA VADELİ BORÇLANMA ARAÇLARI (TL) FONU,Borçlanma Araçları,RETAIL_CANDIDATE,,True,2026-09-28,982.8431,0.712,0.4885,0.2235,2.5635,3.0804,-0.5168,9.0269,20.8678,44.3949,1.2678,0.0,0.0,30726286343.18,132852.0,329,0.0,0.0,0.0,0.0,0.0,0.0,50.69,10.56,0.0,0.0,0.0,0.0,8.79,0.0,2026-09-28,2026-09-28,2026-09-28 14:23:46
UP1,ÜNLÜ PORTFÖY ALTIN FONU,Altın,RETAIL_CANDIDATE,,True,2026-09-28,6.1996,-1.532,0.5612,-2.0932,-5.1442,13.265,-18.4092,8.5605,2.6236,32.9349,16.1778,-6.4953,-6.0499,1431823879.02,1262.0,329,7.04,0.0,0.0,0.0,61.63,0.0,0.0,0.0,8.08,14.04,0.0,0.0,9.17,0.0,2026-09-28,2026-09-28,2026-09-28 14:23:46
UPH,ÜNLÜ PORTFÖY HİSSE SENEDİ (TL) FONU(HİSSE SENEDİ YOĞUN FON),Hisse Senedi,RETAIL_CANDIDATE,,True,2026-09-28,30.027,0.4426,-4.8107,5.2533,-3.0849,4.3234,-7.4083,-3.305,8.6401,19.3442,33.0074,-8.718,-4.3895,84981228.95,466.0,329,89.71,0.0,0.0,0.0,0.0,0.0,0.0,0.0,0.0,0.0,0.0,0.0,7.32,0.0,2026-09-28,2026-09-28,2026-09-28 14:23:46
URA,ATA PORTFÖY ENERJİ DEĞİŞKEN FON,Enerji,RETAIL_CANDIDATE,,True,2026-09-28,1.7721,-2.6162,-3.5526,0.9364,-11.3117,15.9791,-27.2908,-3.5704,2.5087,11.9456,26.6958,-12.7036,-12.7036,501822360.56,7506.0,329,14.6,66.93,0.0,0.0,0.0,0.0,0.0,0.0,12.59,0.0,0.0,0.0,0.0,0.0,2026-09-28,2026-09-28,2026-09-28 14:23:46
VAY,AK PORTFÖY DEĞER ODAKLI 100 ŞİRKETLERİ HİSSE SENEDİ (TL) FONU (HİSSE SENEDİ YOĞUN FON),Hisse Senedi,RETAIL_CANDIDATE,,True,2026-09-28,1.53,0.4231,-5.397,5.8201,-4.5295,5.9106,-10.4401,-4.735,4.7109,9.4567,31.6491,-9.028,-5.4272,45248042.25,2843.0,329,85.05,0.0,0.0,0.0,0.0,0.0,0.0,0.0,1.96,0.0,0.0,0.0,11.1,0.0,2026-09-28,2026-09-28,2026-09-28 14:23:46
VCY,AK PORTFÖY ELEKTRİKLİ VE OTONOM ARAÇ TEKNOLOJİLERİ DEĞİŞKEN FON,Teknoloji,RETAIL_CANDIDATE,,True,2026-09-28,3.5141,1.8395,-1.9049,3.7444,-0.7186,5.9247,-6.6433,2.7257,20.9925,34.5493,17.8108,-5.2426,-0.9739,156482094.75,11804.0,329,23.0,70.04,0.0,0.0,0.0,0.0,0.0,0.0,5.42,0.0,0.0,0.0,1.3,0.0,2026-09-28,2026-09-28,2026-09-28 14:23:46
VFK,ZİRAAT PORTFÖY İKİNCİ KISA VADELİ KİRA SERTİFİKALARI KATILIM (TL) FONU,Katılım,RETAIL_CANDIDATE,,True,2026-09-28,5.6681,0.572,0.6522,-0.0803,2.6275,2.9394,-0.3119,9.0207,20.4171,43.5554,1.0787,0.0,0.0,5626441264.45,5936.0,329,0.0,0.0,0.0,0.0,0.0,0.0,0.0,0.0,0.0,0.0,0.0,0.0,0.0,0.0,2026-09-28,2026-09-28,2026-09-28 14:23:46
VFO,V PORTFÖY ALTIN KATILIM FONU,Altın,RETAIL_CANDIDATE,,True,2026-09-28,1.0022,-1.8377,1.308,-3.1457,-4.9068,13.4401,-18.3469,6.891,,,20.103,-6.6833,-5.8912,358033067.29,7410.0,80,0.0,0.0,0.0,0.0,91.49,0.0,0.0,0.0,0.0,0.0,0.0,0.0,0.0,0.0,2026-09-28,2026-09-28,2026-09-28 14:23:46
VHK,V PORTFÖY KATILIM HİSSE SENEDİ (TL) FONU (HİSSE SENEDİ YOĞUN FON),Hisse Senedi,RETAIL_CANDIDATE,,True,2026-09-28,0.9121,0.9266,-10.9923,11.919,,,,,,,,-13.4071,-10.8638,11232487.22,657.0,19,85.19,0.0,0.0,0.0,0.0,0.0,0.0,0.0,3.89,7.31,0.0,0.0,0.0,0.0,2026-09-28,2026-09-28,2026-09-28 14:23:46
VHS,VAKIF KATILIM PORTFÖY KATILIM HİSSE SENEDİ FONU (HİSSE SENEDİ YOĞUN FON),Hisse Senedi,RETAIL_CANDIDATE,,True,2026-09-28,0.9294,-0.4023,-7.4216,7.0194,-7.4797,4.6431,-12.1228,-6.8717,,,27.5565,-9.4351,-8.381,56606493.15,493.0,78,90.23,0.0,0.0,0.0,0.0,0.0,0.0,0.0,0.0,0.0,0.0,0.0,0.0,0.0,2026-09-28,2026-09-28,2026-09-28 14:23:46
VKK,VAKIF KATILIM PORTFÖY KİRA SERTİFİKALARI KATILIM FONU,Katılım,RETAIL_CANDIDATE,,True,2026-09-28,1.1256,0.6564,0.6534,0.003,2.8143,2.9542,-0.1399,9.2187,,,1.2116,0.0,0.0,168700771.81,631.0,82,0.0,0.0,0.0,0.0,0.0,0.0,0.0,0.0,0.0,0.0,0.0,0.0,0.0,0.0,2026-09-28,2026-09-28,2026-09-28 14:23:46
VKT,V PORTFÖY VAKIFBANK KISA VADELİ BORÇLANMA ARAÇLARI (TL) FONU,Bankacılık / Finans,RETAIL_CANDIDATE,,True,2026-09-28,0.1263,0.6425,0.5289,0.1136,2.5063,3.198,-0.6918,9.0989,20.8361,44.6453,0.9964,0.0,0.0,4896136619.04,42053.0,329,0.0,0.0,0.0,0.0,0.0,0.0,52.51,10.92,0.0,0.0,0.0,0.0,1.23,0.0,2026-09-28,2026-09-28,2026-09-28 14:23:46
VKV,VAKIF KATILIM PORTFÖY KISA VADELİ KİRA SERTİFİKALARI KATILIM FONU,Katılım,RETAIL_CANDIDATE,,True,2026-09-28,1.1244,0.5891,0.659,-0.0699,2.6786,2.9436,-0.265,9.1541,,,1.1308,0.0,0.0,9227092402.55,1231.0,82,0.0,0.0,0.0,0.0,0.0,0.0,0.0,0.0,0.0,0.0,0.0,0.0,0.0,0.0,2026-09-28,2026-09-28,2026-09-28 14:23:46
VLT,VAKIF KATILIM PORTFÖY ALTIN KATILIM FONU,Altın,RETAIL_CANDIDATE,,True,2026-09-28,1.0126,-1.8503,1.2758,-3.1261,-5.1453,13.8933,-19.0386,9.0541,,,20.8108,-6.7261,-6.0751,69796027.72,640.0,80,4.2,0.0,0.0,0.0,94.25,0.0,0.0,0.0,0.0,1.55,0.0,0.0,0.0,0.0,2026-09-28,2026-09-28,2026-09-28 14:23:46
VPD,V PORTFÖY BİRİNCİ DEĞİŞKEN FON,Değişken,RETAIL_CANDIDATE,,True,2026-09-28,1.0201,0.6542,0.69,-0.0358,,,,,,,,-0.0407,0.0,5677636.47,192.0,15,2.29,0.0,0.0,0.0,0.0,0.0,17.73,0.0,2.88,0.0,0.0,0.0,70.38,0.0,2026-09-28,2026-09-28,2026-09-28 14:23:46
VPE,V PORTFÖY İKİNCİ DEĞİŞKEN FON,Değişken,RETAIL_CANDIDATE,,True,2026-09-28,1.0202,0.6971,0.695,0.002,,,,,,,,0.0,0.0,5749558.41,141.0,15,1.25,0.0,0.0,0.0,0.0,0.0,0.0,0.0,0.0,0.0,0.0,0.0,85.58,0.0,2026-09-28,2026-09-28,2026-09-28 14:23:46
VPH,V PORTFÖY HİSSE SENEDİ (TL) FONU (HİSSE SENEDİ YOĞUN FON),Hisse Senedi,RETAIL_CANDIDATE,,True,2026-09-28,0.9675,0.4829,-7.2869,7.7698,,,,,,,,-10.8117,-6.8446,22160149.15,623.0,19,94.21,0.0,0.0,0.0,0.0,0.0,0.0,0.0,0.0,0.0,0.0,0.0,0.0,0.0,2026-09-28,2026-09-28,2026-09-28 14:23:46
VRK,DENİZ PORTFÖY ÇOKLU VARLIK KATILIM FONU,Katılım,RETAIL_CANDIDATE,,True,2026-09-28,1.3236,-0.4603,-1.9293,1.469,-2.5337,8.847,-11.3808,5.8151,15.4541,,12.0437,-3.2545,-2.5337,44594542.15,152.0,237,32.64,0.0,0.0,0.0,0.0,0.0,0.0,0.0,2.19,0.0,0.0,0.0,0.0,0.0,2026-09-28,2026-09-28,2026-09-28 14:23:46
VTL,V PORTFÖY KISA VADELİ KİRA SERTİFİKALARI KATILIM (TL) FONU,Katılım,RETAIL_CANDIDATE,,True,2026-09-28,1.1499,0.6361,0.6664,-0.0303,2.7403,2.9196,-0.1793,9.1682,,,1.2794,0.0,0.0,3883224391.05,7440.0,92,0.0,0.0,0.0,0.0,0.0,0.0,0.0,0.0,0.0,0.0,0.0,0.0,0.0,0.0,2026-09-28,2026-09-28,2026-09-28 14:23:46
YAC,YAPI KREDİ PORTFÖY İKİNCİ FON SEPETİ FONU,Fon Sepeti,RETAIL_CANDIDATE,,True,2026-09-28,15.0115,0.7452,-0.3809,1.1261,0.3433,6.767,-6.4237,6.3789,14.2807,28.9292,9.5093,-2.0711,-0.3693,5482967093.34,9653.0,329,0.0,0.0,0.0,1.85,0.0,0.0,0.0,0.07,96.55,0.0,0.0,0.0,0.0,0.0,2026-09-28,2026-09-28,2026-09-28 14:23:46
YAE,YAPI KREDİ PORTFÖY TLREF'E ENDEKSLİ BORÇLANMA ARAÇLARI (TL) FONU,Borçlanma Araçları,RETAIL_CANDIDATE,,True,2026-09-28,1.2232,0.655,0.4041,0.2509,2.3317,3.0663,-0.7346,8.601,20.5283,,2.004,-0.1791,0.0,80685933.32,577.0,141,0.0,0.0,0.0,0.0,0.0,0.0,91.39,0.0,2.27,0.0,0.0,0.0,0.0,0.0,2026-09-28,2026-09-28,2026-09-28 14:23:46
YAK,YAPI KREDİ PORTFÖY KARMA FON,Diğer / Belirsiz,RETAIL_CANDIDATE,,True,2026-09-28,5.2166,0.1859,-1.8486,2.0345,-1.2956,5.7173,-7.0128,3.2479,15.2465,31.8286,10.2584,-2.9985,-1.6661,1119691517.59,107618.0,329,26.66,0.0,0.0,0.0,0.0,0.0,55.23,0.25,14.75,0.0,0.0,0.0,0.0,0.0,2026-09-28,2026-09-28,2026-09-28 14:23:46
YAN,YAPI KREDİ PORTFÖY BİRİNCİ FON SEPETİ FONU,Fon Sepeti,RETAIL_CANDIDATE,,True,2026-09-28,15.0908,0.5946,0.7928,-0.1982,2.6715,3.4818,-0.8102,8.2434,17.836,36.2785,1.8743,-0.3199,0.0,1901959689.2,3538.0,329,0.0,0.0,0.0,0.0,0.0,0.0,0.0,0.89,94.84,0.0,0.0,0.0,0.0,0.0,2026-09-28,2026-09-28,2026-09-28 14:23:46
YAS,YAPI KREDİ PORTFÖY KOÇ HOLDİNG İŞTİRAK VE HİSSE SENEDİ FONU(HİSSE SENEDİ YOĞUN FON),Hisse Senedi,RETAIL_CANDIDATE,,True,2026-09-28,14.738,-1.2209,-3.4697,2.2488,-2.3704,8.0172,-10.3876,3.4962,1.9804,6.0918,24.2628,-6.6821,-4.6482,6038729897.55,59357.0,329,87.4,0.0,0.0,0.0,0.0,0.0,0.0,2.16,5.83,0.0,0.0,0.0,0.0,0.0,2026-09-28,2026-09-28,2026-09-28 14:23:46
YAY,YAPI KREDİ PORTFÖY YABANCI TEKNOLOJİ SEKTÖRÜ HİSSE SENEDİ FONU,Teknoloji,RETAIL_CANDIDATE,,True,2026-09-28,2003.0137,6.2688,0.2021,6.0668,8.2503,5.6154,2.6349,7.2374,57.4945,72.6079,28.3708,-12.2224,0.0,13773757457.83,41809.0,329,0.0,95.87,0.0,0.0,0.0,0.0,0.0,0.0,3.63,0.0,0.0,0.0,0.0,0.0,2026-09-28,2026-09-28,2026-09-28 14:23:46
YBE,YAPI KREDİ PORTFÖY EUROBOND (DOLAR) BORÇLANMA ARAÇLARI FONU,Eurobond,RETAIL_CANDIDATE,,True,2026-09-28,1.8489,-0.2404,-0.1617,-0.0787,-0.6736,3.0054,-3.679,3.2482,14.6259,22.5142,5.0912,-1.3366,-1.2611,4943374339.75,13627.0,329,1.6,0.0,0.0,3.1,0.0,0.0,0.0,0.06,6.82,0.0,0.0,0.0,0.0,0.0,2026-09-28,2026-09-28,2026-09-28 14:23:46
YCY,İSTANBUL PORTFÖY KATILIM FON SEPETİ FONU,Fon Sepeti,RETAIL_CANDIDATE,,True,2026-09-28,4.1907,0.3733,-0.1994,0.5727,0.9358,3.5556,-2.6197,7.2875,17.9009,40.7455,3.1072,-0.692,0.0,401736549.87,245.0,329,0.0,0.0,0.0,0.0,0.0,0.0,0.0,0.0,92.02,0.0,0.0,0.0,0.0,0.0,2026-09-28,2026-09-28,2026-09-28 14:23:46
YDI,YAPI KREDİ PORTFÖY MODEL PORTFÖY HİSSE SENEDİ FONU (HİSSE SENEDİ YOĞUN FON),Hisse Senedi,RETAIL_CANDIDATE,,True,2026-09-28,0.4673,0.9154,-4.4474,5.3628,-4.9911,9.5604,-14.5515,4.8693,12.3525,23.7093,26.3303,-8.7239,-4.9911,1111521778.89,6757.0,329,88.47,0.0,0.0,0.0,0.0,0.0,0.0,0.0,2.98,0.0,0.0,0.0,0.0,0.0,2026-09-28,2026-09-28,2026-09-28 14:23:46
YDK,YAPI KREDİ PORTFÖY ÇALIŞAN HESAP KISA VADELİ BORÇLANMA ARAÇLARI FONU,Borçlanma Araçları,RETAIL_CANDIDATE,,True,2026-09-28,0.1243,0.7042,0.5025,0.2017,2.6117,3.2833,-0.6716,8.9626,21.1685,44.9784,1.9053,-0.1152,0.0,152751776.79,48402.0,329,0.0,0.0,0.0,0.0,0.0,0.0,83.38,9.91,0.0,0.0,0.0,0.0,4.59,0.0,2026-09-28,2026-09-28,2026-09-28 14:23:46
YDP,YAPI KREDİ PORTFÖY BİRİNCİ DEĞİŞKEN FON,Değişken,RETAIL_CANDIDATE,,True,2026-09-28,2.2923,1.2234,-4.0658,5.2892,-2.523,10.9979,-13.5208,7.361,21.0917,43.0859,21.3788,-6.5935,-3.1843,507820516.23,2436.0,329,60.33,13.04,0.0,6.4,0.0,0.0,0.0,1.89,4.85,0.0,0.0,0.0,0.0,0.0,2026-09-28,2026-09-28,2026-09-28 14:23:46
YEF,YAPI KREDİ PORTFÖY BIST 30 ENDEKSİ HİSSE SENEDİ FONU (HİSSE SENEDİ YOĞUN FON),Hisse Senedi,RETAIL_CANDIDATE,,True,2026-09-28,0.9507,-1.2819,-5.9554,4.6735,-5.0974,11.0948,-16.1922,-2.5412,10.7905,31.7041,30.8852,-9.2357,-7.1609,1846479497.87,14631.0,329,90.41,0.0,0.0,0.0,0.0,0.0,0.0,0.0,3.59,0.0,0.0,0.0,0.0,0.0,2026-09-28,2026-09-28,2026-09-28 14:23:46
YFV,YAPI KREDİ PORTFÖY KİRA SERTİFİKALARI KATILIM FONU,Katılım,RETAIL_CANDIDATE,,True,2026-09-28,0.1057,-2.8148,1.2288,-4.0436,-0.9216,3.2874,-4.209,4.5558,12.9427,34.5894,11.0251,-3.4364,-2.8148,826024310.07,7350.0,329,0.0,0.0,0.0,0.0,0.0,0.0,0.0,0.0,0.0,0.0,0.0,0.0,0.0,0.0,2026-09-28,2026-09-28,2026-09-28 14:23:46
YHB,YAPI KREDİ PORTFÖY BIST 100 DIŞI ŞİRKETLER HİSSE SENEDİ FONU (HİSSE SENEDİ YOĞUN FON),Hisse Senedi,RETAIL_CANDIDATE,,True,2026-09-28,2.0909,-2.1891,-11.663,9.4739,-17.0284,13.815,-30.8434,-4.6314,-1.5074,11.4875,25.9148,-17.8907,-17.2549,218573229.85,6768.0,329,84.72,0.0,0.0,0.0,0.0,0.0,0.0,0.0,4.4,0.0,0.0,0.0,0.0,0.0,2026-09-28,2026-09-28,2026-09-28 14:23:46
YHK,YAPI KREDİ PORTFÖY KATILIM HİSSE SENEDİ FONU (HİSSE SENEDİ YOĞUN FON),Hisse Senedi,RETAIL_CANDIDATE,,True,2026-09-28,1.9403,0.8942,-7.6063,8.5006,-9.923,10.1307,-20.0537,-0.7051,14.578,42.3138,25.5757,-10.9737,-9.923,1204262374.16,6460.0,329,84.95,0.0,0.0,0.0,0.0,0.0,0.0,0.0,8.86,0.0,0.0,0.0,0.0,0.0,2026-09-28,2026-09-28,2026-09-28 14:23:46
YHS,YAPI KREDİ PORTFÖY BİRİNCİ HİSSE SENEDİ FONU (HİSSE SENEDİ YOĞUN FON),Hisse Senedi,RETAIL_CANDIDATE,,True,2026-09-28,25.8064,0.6045,-6.5589,7.1634,-7.2016,10.8166,-18.0182,2.2515,10.4856,22.8101,26.9045,-9.6741,-7.2016,2678980420.81,8471.0,329,90.27,0.0,0.0,0.0,0.0,0.0,0.0,0.0,3.45,0.0,0.0,0.0,0.0,0.0,2026-09-28,2026-09-28,2026-09-28 14:23:46
YHT,YAPI KREDİ PORTFÖY KISA VADELİ BORÇLANMA ARAÇLARI (TL) FONU,Borçlanma Araçları,RETAIL_CANDIDATE,,True,2026-09-28,0.4284,0.7371,0.3582,0.3789,2.5427,3.0979,-0.5552,8.9175,20.2005,44.0318,1.6568,-0.1716,0.0,2884626870.24,85853.0,329,0.0,0.0,0.0,0.0,0.0,0.0,78.61,10.38,0.0,0.0,0.0,0.0,6.66,0.0,2026-09-28,2026-09-28,2026-09-28 14:23:46
YHZ,YAPI KREDİ PORTFÖY BIST TEKNOLOJİ AĞIRLIK SINIRLAMALI ENDEKSİ HİSSE SENEDİ FONU ( HİSSE SENEDİ YOĞUN FON),Teknoloji,RETAIL_CANDIDATE,,True,2026-09-28,8.3188,-1.5551,-12.277,10.7219,-15.9987,7.9166,-23.9153,-10.771,12.5171,33.3446,27.7538,-20.5299,-19.1764,1118443529.81,16113.0,329,80.88,0.0,0.0,0.0,0.0,0.0,0.0,0.0,15.61,0.0,0.0,0.0,0.0,0.0,2026-09-28,2026-09-28,2026-09-28 14:23:46
YIT,GARANTİ PORTFÖY YARI İLETKEN TEKNOLOJİLERİ DEĞİŞKEN FON,Teknoloji,RETAIL_CANDIDATE,,True,2026-09-28,2.7786,6.3248,-3.0827,9.4075,3.885,3.3348,0.5502,-3.9815,48.6213,91.6122,30.7129,-14.7193,-3.9815,2040640584.1,14352.0,329,22.44,66.81,0.0,0.0,0.0,0.0,0.0,0.0,0.0,0.0,0.0,0.0,4.96,0.0,2026-09-28,2026-09-28,2026-09-28 14:23:46
YJH,YAPI KREDİ PORTFÖY TEMİZ ENERJİ DEĞİŞKEN FONU,Enerji,RETAIL_CANDIDATE,,True,2026-09-28,3.738,-1.1313,-2.7627,1.6314,-3.1143,2.0361,-5.1504,-6.4137,10.6329,33.3663,23.2948,-8.8183,-7.0605,174033030.74,3767.0,329,15.13,49.53,0.0,16.34,0.0,0.0,0.0,13.71,5.23,0.0,0.0,0.0,0.0,0.0,2026-09-28,2026-09-28,2026-09-28 14:23:46
YJK,YAPI KREDİ PORTFÖY ROBOTİK VE YARI İLETKEN TEKNOLOJİLERİ FON SEPETİ FONU,Robotik / Yarı İletken,RETAIL_CANDIDATE,,True,2026-09-28,5.8336,3.3585,-1.4958,4.8543,1.4098,5.1807,-3.7709,0.0103,40.3199,60.7438,21.2236,-9.0701,-2.1128,987680400.08,13157.0,329,0.0,0.0,0.0,68.75,0.0,0.0,0.0,0.0,31.2,0.0,0.0,0.0,0.0,0.0,2026-09-28,2026-09-28,2026-09-28 14:23:46
YKT,YAPI KREDİ PORTFÖY ALTIN FONU,Altın,RETAIL_CANDIDATE,,True,2026-09-28,0.8784,-1.6497,0.9974,-2.6471,-5.595,14.4332,-20.0283,9.1309,2.45,26.5071,19.111,-7.0609,-6.5238,31685553888.55,84066.0,329,0.73,0.0,0.0,0.0,23.18,0.0,0.0,0.0,1.07,0.0,0.0,0.0,0.0,0.0,2026-09-28,2026-09-28,2026-09-28 14:23:46
YLC,ATA PORTFÖY TARIM VE GIDA DEĞİŞKEN FON,Değişken,RETAIL_CANDIDATE,,True,2026-09-28,3.794,-2.3614,-2.9699,0.6085,-4.4735,3.4013,-7.8748,1.9814,8.9268,29.9791,20.4209,-9.0129,-8.946,71232701.6,1221.0,329,27.99,65.77,0.0,0.0,0.0,0.0,0.0,0.0,0.49,0.0,0.0,0.0,0.0,0.0,2026-09-28,2026-09-28,2026-09-28 14:23:46
YLE,YAPI KREDİ PORTFÖY BIST SÜRDÜRÜLEBİLİRLİK ENDEKSİ HİSSE SENEDİ FONU (HİSSE SENEDİ YOĞUN FON),Hisse Senedi,RETAIL_CANDIDATE,,True,2026-09-28,8.726,-0.3331,-4.2619,3.9288,-3.1233,8.9748,-12.0981,2.7779,10.4358,22.521,30.0452,-7.9178,-4.5808,214185493.08,2186.0,329,92.44,0.0,0.0,0.0,0.0,0.0,0.0,0.0,5.13,0.0,0.0,0.0,0.0,0.0,2026-09-28,2026-09-28,2026-09-28 14:23:46
YLO,YAPI KREDİ PORTFÖY ELEKTRİKLİ ARAÇLAR DEĞİŞKEN FON,Değişken,RETAIL_CANDIDATE,,True,2026-09-28,5.5492,0.5807,-1.2913,1.872,-0.0006,3.719,-3.7196,-1.265,26.9181,49.9717,19.3819,-6.3159,-2.2265,239279117.67,4839.0,329,21.76,71.07,0.0,0.0,0.0,0.0,0.0,2.37,4.7,0.0,0.0,0.0,0.0,0.0,2026-09-28,2026-09-28,2026-09-28 14:23:46
YLY,YAPI KREDİ PORTFÖY KAR PAYI ÖDEYEN HİSSE SENEDİ (TL) FON (HİSSE SENEDİ YOĞUN FON),Hisse Senedi,RETAIL_CANDIDATE,,True,2026-09-28,2.2708,0.2412,-4.7815,5.0226,-1.7485,6.0401,-7.7887,-2.8513,-2.4829,8.0277,25.3518,-8.0352,-4.8969,33332113.35,924.0,329,83.74,0.0,0.0,0.0,0.0,0.0,0.0,0.0,6.45,0.0,0.0,0.0,0.0,0.0,2026-09-28,2026-09-28,2026-09-28 14:23:46
YOT,YAPI KREDİ PORTFÖY BORÇLANMA ARAÇLARI FONU,Borçlanma Araçları,RETAIL_CANDIDATE,,True,2026-09-28,41.4865,0.676,-0.4623,1.1383,1.2841,4.8683,-3.5841,6.4036,19.297,34.3105,4.4529,-1.3181,-0.3041,2232338850.81,9726.0,329,0.34,0.0,0.0,0.0,0.0,0.0,89.44,0.37,5.66,0.0,0.0,0.0,0.0,0.0,2026-09-28,2026-09-28,2026-09-28 14:23:46
YPC,YAPI KREDİ PORTFÖY SÜRDÜRÜLEBİLİRLİK DEĞİŞKEN FON,Değişken,RETAIL_CANDIDATE,,True,2026-09-28,5.8883,2.1043,-0.2637,2.3679,4.2779,6.2146,-1.9367,8.6707,34.9153,44.2773,14.2056,-4.8377,-0.4671,56183777.29,2289.0,329,29.38,62.29,0.0,0.0,0.0,0.0,0.0,0.0,8.28,0.0,0.0,0.0,0.0,0.0,2026-09-28,2026-09-28,2026-09-28 14:23:46
YPR,AZİMUT PORTFÖY YILDIZ PAZAR ŞİRKETLERİ HİSSE SENEDİ FONU (HİSSE SENEDİ YOĞUN FON),Hisse Senedi,RETAIL_CANDIDATE,,True,2026-09-28,1.6886,0.3588,-4.2835,4.6423,-3.0748,7.3619,-10.4368,2.1012,15.175,40.712,26.0143,-7.2511,-4.0718,78536463.16,276.0,329,83.34,0.0,0.0,0.0,0.0,0.0,0.0,0.0,16.66,0.0,0.0,0.0,0.0,0.0,2026-09-28,2026-09-28,2026-09-28 14:23:46
YPV,YAPI KREDİ PORTFÖY ÜÇÜNCÜ FON SEPETİ FONU,Fon Sepeti,RETAIL_CANDIDATE,,True,2026-09-28,8.0222,0.7983,-1.2728,2.0711,-0.6597,8.2997,-8.9594,5.0587,13.0097,20.5684,13.0974,-3.9443,-1.1127,5482456457.95,3282.0,329,0.0,0.0,0.0,4.7,0.0,0.0,0.0,0.0,93.21,0.0,0.0,0.0,0.0,0.0,2026-09-28,2026-09-28,2026-09-28 14:23:46
YSH,YAPI KREDİ PORTFÖY BÜYÜK ÖLÇEKLİ ŞİRKETLER DEĞİŞKEN FON,Değişken,RETAIL_CANDIDATE,,True,2026-09-28,1.0105,2.1144,-2.2431,4.3575,1.4394,7.3937,-5.9543,1.949,,,25.5328,-11.4009,-1.876,61431537.31,424.0,61,23.27,63.71,0.0,0.0,0.0,0.0,0.0,0.0,13.02,0.0,0.0,0.0,0.0,0.0,2026-09-28,2026-09-28,2026-09-28 14:23:46
YSU,YAPI KREDİ PORTFÖY ÜÇÜNCÜ DEĞİŞKEN FON,Değişken,RETAIL_CANDIDATE,,True,2026-09-28,0.1773,0.1373,-1.3041,1.4414,-0.5509,5.451,-6.002,4.2178,17.1691,32.8497,7.2813,-2.0891,-1.1686,206659131.14,6055.0,329,23.84,0.0,0.0,0.0,0.0,0.0,64.26,3.48,5.41,0.0,0.0,0.0,0.0,0.0,2026-09-28,2026-09-28,2026-09-28 14:23:46
YTD,YAPI KREDİ PORTFÖY YABANCI FON SEPETİ FONU,Yabancı Varlıklar,RETAIL_CANDIDATE,,True,2026-09-28,1.0103,4.3361,-0.5514,4.8874,4.9086,7.5858,-2.6772,8.3496,42.6439,42.6443,30.8558,-6.3767,-0.8351,1829157625.78,14542.0,329,0.0,0.0,0.0,95.08,0.0,0.0,0.0,0.0,4.92,0.0,0.0,0.0,0.0,0.0,2026-09-28,2026-09-28,2026-09-28 14:23:46
YTV,YAPI KREDİ PORTFÖY TARIM DEĞİŞKEN FON,Değişken,RETAIL_CANDIDATE,,True,2026-09-28,3.0325,-2.6662,-2.9064,0.2401,-3.7292,3.509,-7.2382,1.8345,13.4907,35.1767,9.9042,-6.5933,-6.5933,200565654.74,2237.0,329,17.3,54.94,0.0,11.7,0.0,0.0,0.0,0.0,4.49,0.0,0.0,0.0,10.48,0.0,2026-09-28,2026-09-28,2026-09-28 14:23:46
YVB,YAPI KREDİ PORTFÖY UZUN VADELİ BORÇLANMA ARAÇLARI FONU,Borçlanma Araçları,RETAIL_CANDIDATE,,True,2026-09-28,1.3995,0.0847,-1.2225,1.3072,0.165,5.2466,-5.0816,4.8196,15.596,24.7518,5.7807,-2.1815,-1.3207,121805156.14,718.0,329,0.0,0.0,0.0,0.0,0.0,0.0,91.91,0.0,3.52,0.0,0.0,0.0,0.0,0.0,2026-09-28,2026-09-28,2026-09-28 14:23:46
YZC,YAPI KREDİ PORTFÖY FİNTECH VE BLOCKCHAİN TEKNOLOJİLERİ DEĞİŞKEN FON,Teknoloji,RETAIL_CANDIDATE,,True,2026-09-28,5.4103,4.0621,-1.958,6.02,4.1008,8.9865,-4.8856,10.3756,47.8956,52.9153,22.0217,-5.8295,-0.7186,665241229.62,11875.0,329,17.91,68.36,0.0,0.0,0.0,0.0,0.0,0.0,13.67,0.0,0.0,0.0,0.0,0.0,2026-09-28,2026-09-28,2026-09-28 14:23:46
YZG,YAPI KREDİ PORTFÖY GÜMÜŞ FON SEPETİ FONU,Gümüş,RETAIL_CANDIDATE,,True,2026-09-28,13.0563,-3.295,2.8999,-6.1949,-7.4303,22.7517,-30.1821,9.2339,0.3712,62.5163,27.8634,-9.4605,-7.4303,10314594411.87,57326.0,329,0.62,0.46,0.0,68.52,8.04,0.0,0.0,0.0,0.04,0.0,0.0,0.0,0.73,0.0,2026-09-28,2026-09-28,2026-09-28 14:23:46
YZH,TEB PORTFÖY BIST BANKA ENDEKSİ HİSSE SENEDİ FONU (HİSSE SENEDİ YOĞUN),Bankacılık / Finans,RETAIL_CANDIDATE,,True,2026-09-28,10.8615,-0.9273,-3.8767,2.9494,-2.8677,11.0603,-13.928,-11.4816,2.9921,3.1229,51.0394,-20.2033,-11.4816,581212068.94,5120.0,329,91.52,0.0,0.0,0.0,0.0,0.0,0.0,0.0,0.0,0.0,0.0,0.0,4.64,0.0,2026-09-28,2026-09-28,2026-09-28 14:23:46
YZT,AK PORTFÖY YAPAY ZEKA TEKNOLOJİLERİ ŞİRKETLERİ DEĞİŞKEN FON,Yapay Zeka,RETAIL_CANDIDATE,,True,2026-09-28,1.0401,4.0647,-3.1199,7.1846,3.426,11.4077,-7.9817,9.5121,,,26.9895,-10.6595,-0.3144,669152489.2,8905.0,71,24.1,61.96,0.0,0.0,0.0,0.0,0.0,0.0,0.0,0.0,0.0,0.0,13.88,0.0,2026-09-28,2026-09-28,2026-09-28 14:23:46
ZBD,ZİRAAT PORTFÖY DENGELİ DEĞİŞKEN FON,Değişken,RETAIL_CANDIDATE,,True,2026-09-28,678.1181,0.3571,-3.1725,3.5296,-1.7657,5.757,-7.5227,0.7949,10.9285,20.7219,17.7636,-5.1645,-2.8411,929268921.56,2043.0,329,35.35,0.0,0.0,0.0,0.0,0.0,13.88,0.08,18.7,27.59,0.0,0.0,3.7,0.0,2026-09-28,2026-09-28,2026-09-28 14:23:46
ZBI,ZİRAAT PORTFÖY TEMKİNLİ KATILIM FONU,Katılım,RETAIL_CANDIDATE,,True,2026-09-28,2.3464,0.4404,-0.3196,0.7601,1.1534,4.4308,-3.2774,7.94,19.209,43.1505,5.2995,-1.2729,0.0,197743530.8,1817.0,329,11.52,0.0,0.0,0.0,0.0,0.0,0.0,0.0,1.88,14.02,0.0,0.0,0.0,0.0,2026-09-28,2026-09-28,2026-09-28 14:23:46
ZCK,ZİRAAT PORTFÖY AGRESİF KATILIM FONU,Katılım,RETAIL_CANDIDATE,,True,2026-09-28,1.7292,0.3582,-7.0592,7.4174,-9.4948,11.4366,-20.9314,1.7448,15.6564,26.4625,27.6389,-11.8127,-9.4948,373374336.61,2376.0,329,82.13,0.0,0.0,0.0,0.0,0.0,0.0,0.0,1.07,9.7,0.0,0.0,0.0,0.0,2026-09-28,2026-09-28,2026-09-28 14:23:46
ZCN,ZİRAAT PORTFÖY EMTİA FON SEPETİ FONU,Fon Sepeti,RETAIL_CANDIDATE,,True,2026-09-28,4.0958,-1.0753,0.1417,-1.217,-0.6485,9.5093,-10.1578,12.029,14.4977,40.2443,8.1886,-2.8662,-2.0877,584676199.27,6111.0,329,0.0,68.45,0.0,0.0,0.0,0.0,0.0,0.0,24.65,0.0,0.0,0.0,5.1,0.0,2026-09-28,2026-09-28,2026-09-28 14:23:46
ZDD,ZİRAAT PORTFÖY TEMKİNLİ DEĞİŞKEN FON,Değişken,RETAIL_CANDIDATE,,True,2026-09-28,7.6542,0.3579,-0.9413,1.2992,0.6037,4.6924,-4.0887,6.0445,16.3161,36.9056,6.1139,-1.8054,-0.5868,522945929.02,1434.0,329,9.15,0.0,0.0,0.0,0.0,0.0,37.9,1.03,18.15,25.12,0.0,0.0,3.41,0.0,2026-09-28,2026-09-28,2026-09-28 14:23:46
ZDZ,ZİRAAT PORTFÖY AGRESİF DEĞİŞKEN FON,Değişken,RETAIL_CANDIDATE,,True,2026-09-28,10.981,-2.3286,-13.3868,11.0581,-17.2729,7.9755,-25.2485,-11.1539,2.4606,-18.8764,38.8096,-18.0923,-17.2729,849741485.56,8183.0,329,82.7,0.0,0.0,0.0,0.0,0.0,0.0,0.0,7.76,3.34,0.0,0.0,0.18,0.0,2026-09-28,2026-09-28,2026-09-28 14:23:46
ZFB,AK PORTFÖY FİNTEK VE BLOKZİNCİRİ TEKNOLOJİLERİ DEĞİŞKEN FON,Teknoloji,RETAIL_CANDIDATE,,True,2026-09-28,7.2844,2.5565,-3.3095,5.866,-0.2084,3.8653,-4.0736,3.7329,26.7567,36.967,20.7367,-6.3683,-3.2651,974568575.38,14362.0,329,17.42,69.07,0.0,0.0,0.0,0.0,0.0,0.0,11.04,0.0,0.0,0.0,2.46,0.0,2026-09-28,2026-09-28,2026-09-28 14:23:46
ZHH,ZİRAAT PORTFÖY HALKBANK SÜRDÜRÜLEBİLİRLİK 30 ŞİRKETLERİ HİSSE SENEDİ FONU (HİSSE SENEDİ YOĞUN FON),Bankacılık / Finans,RETAIL_CANDIDATE,,True,2026-09-28,1.4383,0.2392,-5.3658,5.605,-3.5578,6.1815,-9.7393,1.5495,10.5128,25.3085,34.4736,-9.1388,-5.1395,86263625.72,1075.0,329,94.47,0.0,0.0,0.0,0.0,0.0,0.0,0.0,0.0,0.0,0.0,0.0,5.53,0.0,2026-09-28,2026-09-28,2026-09-28 14:23:46
ZIH,ZİRAAT PORTFÖY HAVACILIK VE SAVUNMA TEKNOLOJİLERİ DEĞİŞKEN FON,Teknoloji,RETAIL_CANDIDATE,,True,2026-09-28,0.9079,-0.9075,-1.3746,0.4671,-6.9239,,,,,,11.883,-10.6225,-10.5223,524158628.22,6242.0,35,16.98,72.48,0.0,0.0,0.0,0.0,0.0,0.0,6.63,0.0,0.0,0.0,3.9,0.0,2026-09-28,2026-09-28,2026-09-28 14:23:46
ZJL,ZİRAAT PORTFÖY BIST 100 DIŞI ŞİRKETLER HİSSE SENEDİ FONU (HİSSE SENEDİ YOĞUN FON),Hisse Senedi,RETAIL_CANDIDATE,,True,2026-09-28,13.4024,-1.9173,-9.8124,7.8951,-13.0392,6.0406,-19.0798,-10.481,3.6493,10.7347,25.4167,-14.1389,-13.0392,352973368.12,2397.0,329,91.13,0.0,0.0,0.0,0.0,0.0,0.0,0.0,0.01,0.0,0.0,0.0,8.86,0.0,2026-09-28,2026-09-28,2026-09-28 14:23:46
ZJV,ZİRAAT PORTFÖY BIST 30 DIŞI YILDIZ PAZAR ŞİRKETLERİ HİSSE SENEDİ FONU (HİSSE SENEDİ YOĞUN FON),Hisse Senedi,RETAIL_CANDIDATE,,True,2026-09-28,9.9327,-0.7316,-9.8706,9.1389,-10.3942,6.5567,-16.951,-8.4949,-0.3489,6.4765,26.0254,-11.8147,-11.1095,621115436.38,1301.0,329,88.49,0.0,0.0,0.0,0.0,0.0,0.0,0.0,0.01,0.0,0.0,0.0,11.5,0.0,2026-09-28,2026-09-28,2026-09-28 14:23:46
ZLH,ZİRAAT PORTFÖY BIST 100-30 ŞİRKETLERİ HİSSE SENEDİ FONU ( HİSSE SENEDİ YOĞUN FON),Hisse Senedi,RETAIL_CANDIDATE,,True,2026-09-28,10.7382,-0.1804,-8.597,8.4165,-9.3781,3.5734,-12.9515,-5.9109,0.3517,16.2118,25.4517,-10.1909,-9.4832,438695293.62,3310.0,329,89.96,0.0,0.0,0.0,0.0,0.0,0.0,0.0,0.01,0.0,0.0,0.0,10.04,0.0,2026-09-28,2026-09-28,2026-09-28 14:23:46
ZMY,ZİRAAT PORTFÖY METAVERSE VE YENİ TEKNOLOJİLER DEĞİŞKEN FON,Teknoloji,RETAIL_CANDIDATE,,True,2026-09-28,6.7505,4.4307,-2.1746,6.6053,2.312,8.0799,-5.7679,7.021,24.7425,18.5764,22.0864,-8.1402,-1.1781,195206285.08,2667.0,329,9.92,69.04,0.0,0.0,0.0,0.0,0.0,0.0,6.88,1.6,0.0,0.0,12.3,0.0,2026-09-28,2026-09-28,2026-09-28 14:23:46
ZND,ZİRAAT PORTFÖY NADİR TOPRAK ELEMENTLERİ VE STRATEJİK METALLER FON SEPETİ FONU,Fon Sepeti,RETAIL_CANDIDATE,,True,2026-09-28,1.0012,,,,,,,,,,,-0.0573,-0.0573,13280887.65,113.0,3,0.0,0.0,0.0,0.0,0.0,0.0,0.0,0.0,57.85,0.0,0.0,0.0,42.15,0.0,2026-09-28,2026-09-28,2026-09-28 14:23:46
ZPC,ZİRAAT PORTFÖY FON SEPETİ FONU,Fon Sepeti,RETAIL_CANDIDATE,,True,2026-09-28,18.999,-0.2727,-5.0635,4.7908,-4.6754,7.7796,-12.455,0.4245,9.2317,13.8808,20.3028,-6.7834,-5.6328,3119654177.95,2739.0,329,0.0,0.0,0.0,0.0,0.0,0.0,0.0,0.0,76.57,19.32,0.0,0.0,0.17,0.0,2026-09-28,2026-09-28,2026-09-28 14:23:46
ZPE,ZİRAAT PORTFÖY KATILIM HİSSE SENEDİ FONU (HİSSE SENEDİ YOĞUN FON),Hisse Senedi,RETAIL_CANDIDATE,,True,2026-09-28,33.5682,0.1957,-7.8324,8.028,-7.9544,11.6327,-19.5871,3.2444,11.782,25.2024,28.4149,-9.9066,-8.409,1233167810.13,7307.0,329,77.62,0.0,0.0,0.0,0.0,0.0,0.0,0.0,0.0,11.59,0.0,0.0,0.0,0.0,2026-09-28,2026-09-28,2026-09-28 14:23:46
ZPF,ZİRAAT PORTFÖY KATILIM FONU (DÖVİZ),Katılım,RETAIL_CANDIDATE,,True,2026-09-28,23.6831,0.3397,0.3407,-0.001,1.4111,1.9758,-0.5647,5.401,12.9506,23.1757,1.452,-0.0816,0.0,741814298.13,3364.0,329,0.0,0.0,0.0,0.0,0.0,0.0,0.0,0.0,0.0,0.0,0.0,0.0,0.0,0.0,2026-09-28,2026-09-28,2026-09-28 14:23:46
ZPG,ZİRAAT PORTFÖY KİRA SERTİFİKALARI (SUKUK) KATILIM FONU,Katılım,RETAIL_CANDIDATE,,True,2026-09-28,11.0621,0.6881,0.6498,0.0383,2.7104,2.74,-0.0296,8.6884,19.71,41.7278,1.2231,0.0,0.0,1712030932.62,6657.0,329,0.0,0.0,0.0,0.0,0.0,0.0,0.0,0.0,0.0,0.0,0.0,0.0,0.0,0.0,2026-09-28,2026-09-28,2026-09-28 14:23:46
ZPK,ZİRAAT PORTFÖY KISA VADELİ KİRA SERTİFİKASI KATILIM (TL) FONU,Katılım,RETAIL_CANDIDATE,,True,2026-09-28,8.7275,0.6446,0.676,-0.0314,2.7343,2.9296,-0.1953,9.121,20.4708,43.5997,1.1581,0.0,0.0,27973986766.21,30851.0,329,0.0,0.0,0.0,0.0,0.0,0.0,0.0,0.0,0.0,0.0,0.0,0.0,0.0,0.0,2026-09-28,2026-09-28,2026-09-28 14:23:46
ZSF,ZİRAAT PORTFÖY S&P/OIC COMCEC (İSEDAK) 50 SHARİAH ŞİRKETLERİ YABANCI HİSSE SENEDİ FONU,Yabancı Varlıklar,RETAIL_CANDIDATE,,True,2026-09-28,53.0409,-0.1099,-0.9313,0.8214,-0.5866,5.0466,-5.6331,4.1895,8.2353,6.0429,7.1192,-1.6687,-1.0812,40119841.86,1602.0,329,0.91,98.46,0.0,0.0,0.0,0.0,0.0,0.0,0.0,0.0,0.0,0.0,0.0,0.0,2026-09-28,2026-09-28,2026-09-28 14:23:46
ZSG,ZİRAAT PORTFÖY ESG SÜRDÜRÜLEBİLİRLİK FON SEPETİ FONU,Fon Sepeti,RETAIL_CANDIDATE,,True,2026-09-28,4.3727,0.4369,-1.7352,2.1722,-0.2924,5.2497,-5.5421,1.5739,16.2571,32.4894,14.2449,-5.3235,-1.9586,49240425.67,859.0,329,0.0,54.09,0.0,0.0,0.0,0.0,0.0,0.0,20.46,13.72,0.0,0.0,11.67,0.0,2026-09-28,2026-09-28,2026-09-28 14:23:46
ZTG,ZİRAAT PORTFÖY TARIM VE GIDA FON SEPETİ FONU,Fon Sepeti,RETAIL_CANDIDATE,,True,2026-09-28,1.3216,-1.311,-2.2026,0.8916,-2.6484,5.7975,-8.4459,7.9798,15.6686,29.3523,6.0473,-4.0005,-4.0005,36439805.02,1075.0,290,1.0,56.77,0.0,0.0,0.0,0.0,0.0,0.0,38.63,0.0,0.0,0.0,3.6,0.0,2026-09-28,2026-09-28,2026-09-28 14:23:46
ZTS,İŞ PORTFÖY YAPAY ZEKA TEKNOLOJİLERİ ŞİRKETLERİ DEĞİŞKEN FON,Yapay Zeka,RETAIL_CANDIDATE,,True,2026-09-28,1.0066,,,,,,,,,,,0.0,0.0,12239758.58,128.0,2,28.81,71.19,0.0,0.0,0.0,0.0,0.0,0.0,0.0,0.0,0.0,0.0,0.0,0.0,2026-09-28,2026-09-28,2026-09-28 14:23:46
ZTV,ZİRAAT PORTFÖY TÜRKİYE VARLIK FONU İŞTİRAKLERİ HİSSE SENEDİ FONU (HİSSE SENEDİ YOĞUN FON),Hisse Senedi,RETAIL_CANDIDATE,,True,2026-09-28,1.006,0.6899,-6.7317,7.4216,-4.5578,,,,,,31.728,-9.1465,-6.0883,660974874.85,1814.0,27,86.69,0.0,0.0,0.0,0.0,0.0,0.0,0.0,0.0,3.91,0.0,0.0,9.4,0.0,2026-09-28,2026-09-28,2026-09-28 14:23:46
AAS,ATA PORTFÖY FON SEPETİ SERBEST FONU,Fon Sepeti,VERIFY_ELIGIBILITY,Serbest fon; nitelikli yatırımcı / dağıtım kısıtı olabilir,True,2026-09-28,13.0664,1.3663,-0.1977,1.5639,0.7745,8.5178,-7.7433,8.0047,26.6118,35.7193,8.5994,-2.6557,-0.6798,16951267.98,130.0,329,0.0,71.79,0.0,0.0,0.0,0.0,0.0,0.0,28.21,0.0,0.0,0.0,0.0,0.0,2026-09-28,2026-09-28,2026-09-28 14:23:46
ABG,ATLAS PORTFÖY DÖRDÜNCÜ SERBEST (TL) FON,Diğer / Belirsiz,VERIFY_ELIGIBILITY,Serbest fon; nitelikli yatırımcı / dağıtım kısıtı olabilir,True,2026-09-28,49.1884,-47.8169,-29.5515,-18.2654,-57.5069,8.5121,-66.019,-49.1141,-11.3827,390.514,106.8084,-63.5972,-63.5972,6428727635.57,181.0,329,100.0,0.0,0.0,0.0,0.0,0.0,0.0,0.0,0.0,0.0,0.0,0.0,0.0,0.0,2026-09-28,2026-09-28,2026-09-28 14:23:46
ABJ,ALLBATROSS PORTFÖY BENZ HİSSE SENEDİ SERBEST (TL) ÖZEL FON (HİSSE SENEDİ YOĞUN FON),Hisse Senedi,VERIFY_ELIGIBILITY,Serbest fon; nitelikli yatırımcı / dağıtım kısıtı olabilir,True,2026-09-28,0.519,-11.0122,-14.6338,3.6216,-32.3024,-0.1791,-32.1232,-37.9985,-23.9732,-81.4008,39.5996,-41.2823,-39.6413,694135944.54,3.0,329,75.14,0.0,0.0,0.0,0.0,0.0,0.0,0.0,24.63,0.0,0.0,0.0,0.0,0.0,2026-09-28,2026-09-28,2026-09-28 14:23:46
ABU,AK PORTFÖY BİREBİR BANKACILIK DEĞİŞKEN ÖZEL FON,Bankacılık / Finans,VERIFY_ELIGIBILITY,Özel fon; erişim kısıtı olabilir,True,2026-09-28,0.1089,0.6396,0.4867,0.1529,2.6317,3.0299,-0.3983,8.9416,19.9399,42.4395,1.706,-0.1761,0.0,63186684.89,37.0,329,0.0,0.0,0.0,0.0,0.0,0.0,53.09,0.6,0.0,0.0,0.0,0.0,22.14,0.0,2026-09-28,2026-09-28,2026-09-28 14:23:46
AC1,PARDUS PORTFÖY KISA VADELİ KATILIM SERBEST FONU,Katılım,VERIFY_ELIGIBILITY,Serbest fon; nitelikli yatırımcı / dağıtım kısıtı olabilir,True,2026-09-28,3.3324,0.314,0.4801,-0.1661,2.2078,2.9209,-0.7132,8.6453,20.6155,44.2961,1.093,0.0,0.0,341071767.02,194.0,329,0.0,0.0,0.0,0.0,0.0,0.0,0.0,0.0,0.0,0.0,0.0,0.0,0.0,0.0,2026-09-28,2026-09-28,2026-09-28 14:23:46
AC2,PARDUS PORTFÖY İKİNCİ SERBEST FON,Diğer / Belirsiz,VERIFY_ELIGIBILITY,Serbest fon; nitelikli yatırımcı / dağıtım kısıtı olabilir,True,2026-09-28,1.2781,-41.7128,-21.8351,-19.8777,-53.9852,13.4919,-67.4771,-66.1403,-60.3055,-73.6698,86.2747,-66.4375,-66.4375,9493680186.35,44.0,329,79.42,0.0,0.0,0.0,0.0,0.0,0.0,0.0,20.58,0.0,0.0,0.0,0.0,0.0,2026-09-28,2026-09-28,2026-09-28 14:23:46
AC3,PARDUS PORTFÖY ÜÇÜNCÜ SERBEST (DÖVİZ) FON,Diğer / Belirsiz,VERIFY_ELIGIBILITY,Serbest fon; nitelikli yatırımcı / dağıtım kısıtı olabilir,True,2026-09-28,60.1856,1.5569,-8.4591,10.0161,-5.9737,2.2972,-8.2709,-7.8194,-5.6813,-0.9037,20.5107,-9.7719,-8.3671,125821791.33,14.0,329,0.0,0.0,0.0,0.0,0.0,0.0,0.0,0.0,0.0,0.0,0.0,0.0,0.0,0.0,2026-09-28,2026-09-28,2026-09-28 14:23:46
AC5,PARDUS PORTFÖY İSTATİSTİKSEL ARBİTRAJ HİSSE SENEDİ SERBEST (TL) FON (HİSSE SENEDİ YOĞUN FON),Hisse Senedi,VERIFY_ELIGIBILITY,Serbest fon; nitelikli yatırımcı / dağıtım kısıtı olabilir,True,2026-09-28,3.8735,0.7688,1.39,-0.6212,3.2952,2.3094,0.9858,8.1395,15.2014,36.1952,4.5902,-0.2986,0.0,23978014.2,142.0,329,77.77,0.0,0.0,0.0,0.0,0.0,0.0,0.0,0.0,0.0,0.0,0.0,0.0,0.0,2026-09-28,2026-09-28,2026-09-28 14:23:46
AC6,PARDUS PORTFÖY DÖRDÜNCÜ SERBEST (DÖVİZ) FON,Diğer / Belirsiz,VERIFY_ELIGIBILITY,Serbest fon; nitelikli yatırımcı / dağıtım kısıtı olabilir,True,2026-09-28,56.0568,1.0377,-4.728,5.7657,-3.2277,2.3942,-5.6219,0.2148,4.1067,10.4501,11.2941,-4.7919,-3.804,72995261.64,81.0,329,0.0,0.0,0.0,0.0,0.0,0.0,0.0,0.0,0.0,0.0,0.0,0.0,0.0,0.0,2026-09-28,2026-09-28,2026-09-28 14:23:46
AC7,PARDUS PORTFÖY BİRİNCİ HİSSE SENEDİ SERBEST (TL) FON (HİSSE SENEDİ YOĞUN FON),Hisse Senedi,VERIFY_ELIGIBILITY,Serbest fon; nitelikli yatırımcı / dağıtım kısıtı olabilir,True,2026-09-28,0.8414,-74.1144,-37.8207,-36.2937,-83.8422,-7.2089,-76.6333,-82.8919,-90.5833,-79.2073,177.9992,-87.0432,-87.0432,542757183.55,44.0,329,100.0,0.0,0.0,0.0,0.0,0.0,0.0,0.0,0.0,0.0,0.0,0.0,0.0,0.0,2026-09-28,2026-09-28,2026-09-28 14:23:46
AC8,PARDUS PORTFÖY İKİNCİ HİSSE SENEDİ SERBEST (TL) FON (HİSSE SENEDİ YOĞUN FON),Hisse Senedi,VERIFY_ELIGIBILITY,Serbest fon; nitelikli yatırımcı / dağıtım kısıtı olabilir,True,2026-09-28,111.6676,-26.8809,-20.2099,-6.6711,-47.8308,10.147,-57.9778,-37.6477,-36.8601,-37.7168,50.7707,-47.8308,-47.8308,1691040756.48,96.0,329,67.05,0.0,0.0,0.0,0.0,0.0,0.0,0.0,23.44,0.0,0.0,0.0,0.0,0.0,2026-09-28,2026-09-28,2026-09-28 14:23:46
ACN,İSTANBUL PORTFÖY LİDYA SERBEST (DÖVİZ) FON,Diğer / Belirsiz,VERIFY_ELIGIBILITY,Serbest fon; nitelikli yatırımcı / dağıtım kısıtı olabilir,True,2026-09-28,12.848,-0.0685,0.6622,-0.7307,1.1798,2.1889,-1.009,5.3131,11.8485,21.5264,1.792,-0.2425,-0.2425,655781886.77,16.0,329,0.0,0.0,0.0,0.0,0.0,0.0,0.0,0.0,19.45,0.0,0.0,0.0,0.0,0.0,2026-09-28,2026-09-28,2026-09-28 14:23:46
ACU,İSTANBUL PORTFÖY URARTU SERBEST (DÖVİZ) FON,Diğer / Belirsiz,VERIFY_ELIGIBILITY,Serbest fon; nitelikli yatırımcı / dağıtım kısıtı olabilir,True,2026-09-28,58.3435,0.4564,0.4787,-0.0223,1.9017,1.921,-0.0193,5.8713,12.9812,24.7769,1.1938,0.0,0.0,1468618076.2,131.0,329,0.0,0.0,0.0,0.0,0.0,0.0,0.0,0.0,16.89,0.0,0.0,0.0,0.0,0.0,2026-09-28,2026-09-28,2026-09-28 14:23:46
AHH,AZİMUT PORTFÖY DİNAMİK DAĞIMLI SERBEST FON,Diğer / Belirsiz,VERIFY_ELIGIBILITY,Serbest fon; nitelikli yatırımcı / dağıtım kısıtı olabilir,True,2026-09-28,11.2956,0.7275,0.4297,0.2978,2.9083,3.1131,-0.2048,9.4974,22.1204,47.5804,1.4289,0.0,0.0,241393425.11,15.0,329,0.0,0.0,0.0,0.0,0.0,0.0,0.0,0.0,100.0,0.0,0.0,0.0,0.0,0.0,2026-09-28,2026-09-28,2026-09-28 14:23:46
AHN,ATLAS PORTFÖY SERBEST(DÖVİZ)FON,Diğer / Belirsiz,VERIFY_ELIGIBILITY,Serbest fon; nitelikli yatırımcı / dağıtım kısıtı olabilir,True,2026-09-28,69.8873,-0.3067,-0.0424,-0.2643,-0.8602,5.1391,-5.9993,5.1691,8.6276,15.8606,3.567,-0.9474,-0.8955,33124405.28,97.0,329,0.0,6.22,0.0,0.0,0.0,0.0,0.0,0.0,8.16,4.53,0.0,0.0,0.0,0.0,2026-09-28,2026-09-28,2026-09-28 14:23:46
AHU,ATLAS PORTFÖY BİRİNCİ ÖZEL SEKTÖR BORÇLANMA ARAÇLARI FONU,Borçlanma Araçları,VERIFY_ELIGIBILITY,Özel fon; erişim kısıtı olabilir,True,2026-09-28,11.7632,0.5391,0.5706,-0.0315,2.1093,3.4105,-1.3012,8.9863,20.1578,42.9393,1.8158,-0.1659,0.0,78319699.58,565.0,329,0.0,0.0,0.0,0.0,0.0,0.0,0.0,8.92,4.12,0.0,0.0,0.0,0.0,0.0,2026-09-28,2026-09-28,2026-09-28 14:23:46
AHZ,AZİMUT PORTFÖY ATAK FON SEPETİ SERBEST FON,Fon Sepeti,VERIFY_ELIGIBILITY,Serbest fon; nitelikli yatırımcı / dağıtım kısıtı olabilir,True,2026-09-28,32.1162,0.4124,-0.6257,1.0381,1.5773,2.9509,-1.3736,7.8168,24.574,50.6694,5.9119,-1.6242,-0.2158,101577874.29,13.0,329,0.0,0.0,0.0,0.0,0.0,0.0,0.0,0.0,100.0,0.0,0.0,0.0,0.0,0.0,2026-09-28,2026-09-28,2026-09-28 14:23:46
AI1,ATA PORTFÖY BİRİNCİ İSTATİSTİKSEL ARBİTRAJ SERBEST FON,Diğer / Belirsiz,VERIFY_ELIGIBILITY,Serbest fon; nitelikli yatırımcı / dağıtım kısıtı olabilir,True,2026-09-28,1.2953,0.7187,0.6378,0.0809,2.7433,2.8574,-0.1141,8.8721,20.5388,,1.0157,0.0,0.0,63360814.07,16.0,173,0.0,0.0,0.0,0.0,0.0,0.0,0.0,0.0,0.0,0.0,0.0,0.0,0.0,0.0,2026-09-28,2026-09-28,2026-09-28 14:23:46
AIH,AK PORTFÖY RTH HİSSE SENEDİ SERBEST ÖZEL FON (HİSSE SENEDİ YOĞUN FON),Hisse Senedi,VERIFY_ELIGIBILITY,Serbest fon; nitelikli yatırımcı / dağıtım kısıtı olabilir,True,2026-09-28,15.5101,-2.0811,-6.0535,3.9724,-16.2402,14.9933,-31.2335,-7.3484,-9.2028,10.3842,26.0629,-19.5238,-18.4974,139370017.77,4.0,329,,,,,,,,,,,,,,,2026-09-28,2026-09-28,2026-09-28 14:23:46
AII,AZİMUT PORTFÖY ÇINAR SERBEST (DÖVİZ) ÖZEL FON,Diğer / Belirsiz,VERIFY_ELIGIBILITY,Serbest fon; nitelikli yatırımcı / dağıtım kısıtı olabilir,True,2026-09-28,97.4991,0.0569,-0.229,0.2859,0.4283,2.6257,-2.1974,4.5385,13.2324,21.9119,1.899,-0.4068,-0.2827,384341298.87,3.0,329,0.0,0.0,0.0,0.0,0.0,0.0,0.0,0.0,0.0,0.0,0.0,0.0,0.0,0.0,2026-09-28,2026-09-28,2026-09-28 14:23:46
AIM,AK PORTFÖY MİMKA HİSSE SENEDİ SERBEST ÖZEL FON (HİSSE SENEDİ YOĞUN FON),Hisse Senedi,VERIFY_ELIGIBILITY,Serbest fon; nitelikli yatırımcı / dağıtım kısıtı olabilir,True,2026-09-28,25.7709,1.0556,-7.517,8.5727,-6.0944,9.6154,-15.7098,0.8254,10.1949,56.5464,19.2793,-8.5821,-7.6171,55724014.5,1.0,329,0.0,0.0,0.0,0.0,0.0,0.0,0.0,0.0,100.0,0.0,0.0,0.0,0.0,0.0,2026-09-28,2026-09-28,2026-09-28 14:23:46
AIR,AZİMUT PORTFÖY ESİN SERBEST (DÖVİZ) ÖZEL FON,Diğer / Belirsiz,VERIFY_ELIGIBILITY,Serbest fon; nitelikli yatırımcı / dağıtım kısıtı olabilir,True,2026-09-28,167.1989,-0.0407,-0.2307,0.19,0.1594,2.7521,-2.5927,4.2753,13.1259,22.531,2.2669,-0.5031,-0.4312,1492152551.2,4.0,329,0.07,0.0,0.0,0.0,0.0,0.0,0.0,0.0,0.0,0.0,0.0,0.0,0.0,0.0,2026-09-28,2026-09-28,2026-09-28 14:23:46
AJ1,A1 CAPİTAL PORTFÖY İSTATİSTİKSEL ARBİTRAJ HİSSE SENEDİ SERBEST FON (HİSSE SENEDİ YOĞUN FON),Hisse Senedi,VERIFY_ELIGIBILITY,Serbest fon; nitelikli yatırımcı / dağıtım kısıtı olabilir,True,2026-09-28,1.3718,0.4211,1.0158,-0.5947,2.1943,2.6517,-0.4574,7.4514,16.9745,35.4747,2.3823,-0.2011,0.0,10381192.81,81.0,263,75.77,0.0,0.0,0.0,0.0,0.0,0.0,0.0,0.0,0.0,0.0,0.0,0.0,0.0,2026-09-28,2026-09-28,2026-09-28 14:23:46
AJE,AK PORTFÖY ÜÇÜNCÜ SERBEST ( DÖVİZ ) FON,Diğer / Belirsiz,VERIFY_ELIGIBILITY,Serbest fon; nitelikli yatırımcı / dağıtım kısıtı olabilir,True,2026-09-28,64.8046,0.4421,0.4507,-0.0085,1.8023,1.8445,-0.0422,5.6544,12.3965,22.4886,1.1499,0.0,0.0,2762897961.2,920.0,329,0.0,0.0,0.0,0.0,0.0,0.0,0.0,0.0,0.0,0.0,0.0,0.0,22.34,0.0,2026-09-28,2026-09-28,2026-09-28 14:23:46
AJK,AK PORTFÖY 0-5 YIL VADELİ SERBEST (DÖVİZ) FON,Diğer / Belirsiz,VERIFY_ELIGIBILITY,Serbest fon; nitelikli yatırımcı / dağıtım kısıtı olabilir,True,2026-09-28,65.8335,0.3512,0.2733,0.0779,1.4026,1.9158,-0.5133,5.1392,11.6344,21.9914,1.1152,-0.0185,0.0,131683839.39,133.0,329,0.0,0.0,0.0,0.0,0.0,0.0,0.0,0.0,0.0,0.0,0.0,0.0,0.0,0.0,2026-09-28,2026-09-28,2026-09-28 14:23:46
AJL,AK PORTFÖY BEŞİNCİ SERBEST (DÖVİZ) FON,Diğer / Belirsiz,VERIFY_ELIGIBILITY,Serbest fon; nitelikli yatırımcı / dağıtım kısıtı olabilir,True,2026-09-28,65.8322,0.4502,0.4527,-0.0025,1.7937,1.8237,-0.03,5.6013,12.2437,22.1066,1.1452,0.0,0.0,4504674047.88,1221.0,329,0.0,0.0,0.0,0.0,0.0,0.0,0.0,0.0,0.0,0.0,0.0,0.0,43.54,0.0,2026-09-28,2026-09-28,2026-09-28 14:23:46
AJN,AK PORTFÖY DÖRDÜNCÜ SERBEST (DÖVIZ) FON,Diğer / Belirsiz,VERIFY_ELIGIBILITY,Serbest fon; nitelikli yatırımcı / dağıtım kısıtı olabilir,True,2026-09-28,62.9014,0.3627,0.3691,-0.0065,1.4683,1.5163,-0.048,4.61,10.0861,18.1952,1.184,0.0,0.0,400624264.49,255.0,329,0.0,0.0,0.0,0.0,0.0,0.0,0.0,0.0,0.0,0.0,0.0,0.0,0.0,0.0,2026-09-28,2026-09-28,2026-09-28 14:23:46
AL4,ALBARAKA PORTFÖY ALBARAKA TÜRK KISA VADELİ KATILIM SERBEST (TL) FON,Katılım,VERIFY_ELIGIBILITY,Serbest fon; nitelikli yatırımcı / dağıtım kısıtı olabilir,True,2026-09-28,4.1448,0.6714,0.7038,-0.0324,2.8533,2.9249,-0.0716,9.3012,21.352,44.2074,1.265,0.0,0.0,1320318295.71,12.0,329,0.0,0.0,0.0,0.0,0.0,0.0,0.0,0.0,0.0,0.0,0.0,0.0,0.0,0.0,2026-09-28,2026-09-28,2026-09-28 14:23:46
AL5,ALBARAKA PORTFÖY KATILIM SERBEST (DÖVİZ) FON,Katılım,VERIFY_ELIGIBILITY,Serbest fon; nitelikli yatırımcı / dağıtım kısıtı olabilir,True,2026-09-28,55.0724,0.3817,0.3948,-0.0131,1.5713,1.703,-0.1317,5.0992,11.238,20.1528,1.1743,0.0,0.0,13469784386.84,2319.0,329,0.0,0.0,0.0,0.0,0.0,0.0,0.0,0.0,7.83,0.0,0.0,0.0,0.0,0.0,2026-09-28,2026-09-28,2026-09-28 14:23:46
AL6,ALBARAKA PORTFÖY VAKIF KATILIM KISA VADELİ KATILIM SERBEST (TL) FON,Katılım,VERIFY_ELIGIBILITY,Serbest fon; nitelikli yatırımcı / dağıtım kısıtı olabilir,True,2026-09-28,4.0525,0.6594,0.6713,-0.0119,2.7216,2.9222,-0.2007,9.2293,21.1934,44.9901,1.2214,0.0,0.0,5781211474.42,12.0,329,0.0,0.0,0.0,0.0,0.0,0.0,0.0,0.0,0.0,0.0,0.0,0.0,0.0,0.0,2026-09-28,2026-09-28,2026-09-28 14:23:46
AL7,ALBARAKA PORTFÖY İKİNCİ KISA VADELİ KATILIM SERBEST (TL) FON,Katılım,VERIFY_ELIGIBILITY,Serbest fon; nitelikli yatırımcı / dağıtım kısıtı olabilir,True,2026-09-28,3.9087,0.681,0.6854,-0.0043,2.7913,2.8972,-0.106,9.1763,20.8612,44.8443,1.2774,0.0,0.0,10314220002.82,118.0,329,0.0,0.0,0.0,0.0,0.0,0.0,0.0,0.0,0.0,0.0,0.0,0.0,0.0,0.0,2026-09-28,2026-09-28,2026-09-28 14:23:46
ANZ,ATA PORTFÖY DÖRDÜNCÜ SERBEST (DÖVİZ) FON,Diğer / Belirsiz,VERIFY_ELIGIBILITY,Serbest fon; nitelikli yatırımcı / dağıtım kısıtı olabilir,True,2026-09-28,21.7475,-0.4942,-0.4254,-0.0688,-0.8592,2.0502,-2.9095,2.5823,10.8481,19.6391,2.3418,-1.2026,-1.2026,250360431.13,136.0,329,0.0,0.0,0.0,0.0,0.0,0.0,0.0,0.0,0.0,0.0,0.0,0.0,0.0,0.0,2026-09-28,2026-09-28,2026-09-28 14:23:46
AOJ,ALLBATROSS PORTFÖY İNŞAAT SEKTÖRÜ HİSSE SENEDİ SERBEST (TL) FON (HİSSE SENEDİ YOĞUN FON),Hisse Senedi,VERIFY_ELIGIBILITY,Serbest fon; nitelikli yatırımcı / dağıtım kısıtı olabilir,True,2026-09-28,1.5432,2.4925,-7.1645,9.657,-8.199,7.5128,-15.7118,-5.5986,10.0665,-3.4471,34.1802,-12.7113,-8.199,15484560.19,178.0,329,97.06,0.0,0.0,0.0,0.0,0.0,0.0,0.0,2.94,0.0,0.0,0.0,0.0,0.0,2026-09-28,2026-09-28,2026-09-28 14:23:46
AP2,ATLAS PORTFÖY BEŞİNCİ SERBEST (TL) FON,Diğer / Belirsiz,VERIFY_ELIGIBILITY,Serbest fon; nitelikli yatırımcı / dağıtım kısıtı olabilir,True,2026-09-28,1.3686,-35.2269,-31.4227,-3.8042,-54.9628,11.7644,-66.7272,-46.8591,-44.4495,-50.3078,83.6985,-57.2944,-57.2944,382136215.5,33.0,329,98.85,0.0,0.0,0.0,0.0,0.0,0.0,0.0,0.29,0.0,0.0,0.0,0.0,0.0,2026-09-28,2026-09-28,2026-09-28 14:23:46
AP4,ATLAS PORTFÖY DÖRDÜNCÜ HİSSE SENEDİ SERBEST FON (HİSSE SENEDİ YOĞUN FON),Hisse Senedi,VERIFY_ELIGIBILITY,Serbest fon; nitelikli yatırımcı / dağıtım kısıtı olabilir,True,2026-09-28,0.8111,1.895,-19.346,21.241,-21.7876,10.5126,-32.3002,-26.2835,-11.7264,-16.1171,51.0641,-32.885,-30.0453,202145137.67,11.0,304,100.0,0.0,0.0,0.0,0.0,0.0,0.0,0.0,0.0,0.0,0.0,0.0,0.0,0.0,2026-09-28,2026-09-28,2026-09-28 14:23:46
AP5,ATLAS PORTFÖY BEŞİNCİ HİSSE SENEDİ SERBEST FON (HİSSE SENEDİ YOĞUN FON),Hisse Senedi,VERIFY_ELIGIBILITY,Serbest fon; nitelikli yatırımcı / dağıtım kısıtı olabilir,True,2026-09-28,0.7973,-0.4098,-4.7015,4.2917,-7.0042,7.6458,-14.6499,-16.4481,-18.7851,-28.3272,28.8793,-19.1308,-16.4481,831754.69,14.0,272,93.73,0.0,0.0,0.0,0.0,0.0,0.0,0.0,6.27,0.0,0.0,0.0,0.0,0.0,2026-09-28,2026-09-28,2026-09-28 14:23:46
AP6,PARDUS PORTFÖY ALTINCI HİSSE SENEDİ SERBEST (TL) FON (HİSSE SENEDİ YOĞUN FON),Altın,VERIFY_ELIGIBILITY,Serbest fon; nitelikli yatırımcı / dağıtım kısıtı olabilir,True,2026-09-28,3.9221,-28.4725,-30.2825,1.81,-53.4184,-0.6872,-52.7312,-53.1715,-53.5088,-80.0558,115.0649,-59.1902,-54.9903,373877928.24,45.0,329,100.0,0.0,0.0,0.0,0.0,0.0,0.0,0.0,0.0,0.0,0.0,0.0,0.0,0.0,2026-09-28,2026-09-28,2026-09-28 14:23:46
AP7,PARDUS PORTFÖY ALGO ETNA İSTATİSTİKSEL ARBİTRAJ SERBEST FON,Diğer / Belirsiz,VERIFY_ELIGIBILITY,Serbest fon; nitelikli yatırımcı / dağıtım kısıtı olabilir,True,2026-09-28,2.7531,0.7635,0.8877,-0.1243,2.4771,2.672,-0.1949,8.3783,22.4258,46.0335,2.7086,-0.1231,0.0,195524483.21,399.0,329,59.57,0.0,0.0,0.0,0.0,0.0,0.0,0.0,0.0,0.0,0.0,0.0,0.0,0.0,2026-09-28,2026-09-28,2026-09-28 14:23:46
APP,AK PORTFÖY P1 SERBEST ÖZEL FON,Diğer / Belirsiz,VERIFY_ELIGIBILITY,Serbest fon; nitelikli yatırımcı / dağıtım kısıtı olabilir,True,2026-09-23,33.9366,0.1984,0.5019,-0.3035,-1.8376,9.7763,-11.6139,10.733,2.2599,29.7542,,-100.0,-1.8376,49478126.69,1.0,326,,,,,,,,,,,,,,,2026-09-28,2026-09-28,2026-09-28 14:23:46
ARF,AK PORTFÖY ÖPY İKİNCİ SERBEST (TL) ÖZEL FON,Diğer / Belirsiz,VERIFY_ELIGIBILITY,Serbest fon; nitelikli yatırımcı / dağıtım kısıtı olabilir,True,2026-09-28,9.212,0.7558,0.6177,0.1381,2.82,3.4276,-0.6077,9.259,22.047,47.4905,1.2432,-0.1359,0.0,832304497.72,1.0,329,0.0,0.0,0.0,0.0,0.0,0.0,13.81,1.13,5.7,0.0,0.0,0.0,0.0,0.0,2026-09-28,2026-09-28,2026-09-28 14:23:46
ARP,AK PORTFÖY ÖPY BİRİNCİ SERBEST ÖZEL FON,Diğer / Belirsiz,VERIFY_ELIGIBILITY,Serbest fon; nitelikli yatırımcı / dağıtım kısıtı olabilir,True,2026-09-28,41.3928,0.831,-3.2885,4.1194,-2.3155,7.2821,-9.5976,-0.0253,8.0102,53.8056,31.976,-8.5466,-3.7312,3127808911.09,1.0,329,74.83,0.0,0.0,0.0,0.0,0.0,0.0,0.0,0.01,0.0,0.0,0.0,0.0,0.0,2026-09-28,2026-09-28,2026-09-28 14:23:46
AS1,ALLBATROSS PORTFÖY BİRİNCİ SERBEST (DÖVİZ) FON,Diğer / Belirsiz,VERIFY_ELIGIBILITY,Serbest fon; nitelikli yatırımcı / dağıtım kısıtı olabilir,True,2026-09-28,46.1815,0.3912,0.0471,0.3441,0.8211,1.7556,-0.9345,3.0686,4.1925,5.9437,2.8451,-0.5721,-0.0624,6365236.87,32.0,329,0.0,1.15,0.0,5.66,0.0,0.0,0.0,0.0,11.32,4.7,0.0,0.0,0.0,0.0,2026-09-28,2026-09-28,2026-09-28 14:23:46
AS3,ALLBATROSS PORTFÖY ATLAS SERBEST FON,Diğer / Belirsiz,VERIFY_ELIGIBILITY,Serbest fon; nitelikli yatırımcı / dağıtım kısıtı olabilir,True,2026-09-28,0.6506,-5.965,-6.7917,0.8267,-14.4783,3.5261,-18.0044,-13.3508,-11.0913,-72.9662,18.3988,-19.0105,-18.2254,146943315.51,19.0,329,38.6,0.0,0.0,0.0,0.0,0.0,0.0,0.0,61.4,0.0,0.0,0.0,0.0,0.0,2026-09-28,2026-09-28,2026-09-28 14:23:46
AUV,AK PORTFÖY UZUN VADELİ SERBEST (DÖVİZ) FON,Diğer / Belirsiz,VERIFY_ELIGIBILITY,Serbest fon; nitelikli yatırımcı / dağıtım kısıtı olabilir,True,2026-09-28,49.6675,-0.243,-0.3521,0.1091,-1.5038,3.0757,-4.5796,1.2726,12.2982,18.5312,6.3446,-1.85,-1.7303,377471179.13,486.0,329,0.0,0.0,0.0,0.0,0.0,0.0,0.0,0.0,0.0,0.0,0.0,0.0,0.0,0.0,2026-09-28,2026-09-28,2026-09-28 14:23:46
AVC,ATA PORTFÖY İKİNCİ SERBEST (TL) FON,Diğer / Belirsiz,VERIFY_ELIGIBILITY,Serbest fon; nitelikli yatırımcı / dağıtım kısıtı olabilir,True,2026-09-28,120.0491,-1.209,-5.2578,4.0487,-10.6245,-1.2749,-9.3496,-14.0463,-12.9463,-21.1122,18.3108,-16.7292,-15.7399,194083585.37,12.0,329,79.32,0.0,0.0,0.0,0.0,0.0,0.0,0.0,18.4,0.0,0.0,0.0,0.0,0.0,2026-09-28,2026-09-28,2026-09-28 14:23:46
AVZ,AK PORTFÖY EMS SERBEST ( DÖVİZ ) ÖZEL FON,Diğer / Belirsiz,VERIFY_ELIGIBILITY,Serbest fon; nitelikli yatırımcı / dağıtım kısıtı olabilir,True,2026-09-28,95.5357,0.4588,-0.5729,1.0317,1.5611,1.0684,0.4926,-5.4035,1.5382,10.2727,3.7445,-8.958,-5.9982,214116325.97,1.0,329,0.0,0.0,0.0,0.0,0.0,0.0,0.0,0.0,0.0,0.0,0.0,0.0,0.0,0.0,2026-09-28,2026-09-28,2026-09-28 14:23:46
AY6,AZİMUT PORTFÖY 26.0 SERBEST FON,Diğer / Belirsiz,VERIFY_ELIGIBILITY,Serbest fon; nitelikli yatırımcı / dağıtım kısıtı olabilir,True,2026-09-28,1.3977,0.5115,-1.6461,2.1576,-0.5252,5.8158,-6.3409,3.8885,15.437,33.9494,13.6579,-3.713,-1.6147,109388284.77,11.0,264,57.14,8.09,0.0,17.69,0.0,0.0,0.0,0.0,5.75,3.19,0.0,0.0,0.0,0.0,2026-09-28,2026-09-28,2026-09-28 14:23:46
AY7,AZİMUT PORTFÖY 27.0 SERBEST FON,Diğer / Belirsiz,VERIFY_ELIGIBILITY,Serbest fon; nitelikli yatırımcı / dağıtım kısıtı olabilir,True,2026-09-28,1.7447,0.7326,0.1267,0.6059,2.5775,5.5363,-2.9588,8.5751,23.8008,57.4392,6.0549,-1.3055,-0.0127,329935569.23,12.0,313,0.0,0.0,0.0,0.0,0.0,0.0,10.93,21.17,9.68,0.0,0.0,0.0,21.57,0.0,2026-09-28,2026-09-28,2026-09-28 14:23:46
AYR,AK PORTFÖY ÖZEL SEKTÖR BORÇLANMA ARAÇLARI (TL) FONU,Borçlanma Araçları,VERIFY_ELIGIBILITY,Özel fon; erişim kısıtı olabilir,True,2026-09-28,0.1453,0.688,0.685,0.003,2.7321,2.9323,-0.2002,9.2098,21.2171,45.8893,1.2086,0.0,0.0,1601818735.57,13015.0,329,0.0,0.0,0.0,0.0,0.0,0.0,1.07,40.68,0.0,0.0,0.0,0.0,4.44,0.0,2026-09-28,2026-09-28,2026-09-28 14:23:46
AZF,AK PORTFÖY PY ÖZEL SEKTÖR BORÇLANMA ARAÇLARI (TL) ÖZEL FONU,Borçlanma Araçları,VERIFY_ELIGIBILITY,Özel fon; erişim kısıtı olabilir,True,2026-09-28,0.1932,0.7287,0.7192,0.0095,2.8824,3.1002,-0.2178,9.7808,22.5885,49.3054,1.2828,0.0,0.0,642574225.46,4.0,329,0.0,0.0,0.0,0.0,0.0,0.0,1.0,34.09,0.0,0.0,0.0,0.0,9.97,0.0,2026-09-28,2026-09-28,2026-09-28 14:23:46
AZJ,AZİMUT PYŞ STRATEJİ-1 SERBEST FON,Diğer / Belirsiz,VERIFY_ELIGIBILITY,Serbest fon; nitelikli yatırımcı / dağıtım kısıtı olabilir,True,2026-09-28,21.8303,0.6145,0.4816,0.1329,2.9453,3.2481,-0.3029,10.7323,26.7059,58.1535,2.8328,-0.3712,0.0,2158210477.24,68.0,329,10.34,0.0,0.0,0.0,0.0,0.0,31.52,2.15,22.44,0.0,0.0,0.0,0.0,0.0,2026-09-28,2026-09-28,2026-09-28 14:23:46
AZV,AZİMUT PORTFÖY BKS SERBEST (DÖVİZ) ÖZEL FON,Diğer / Belirsiz,VERIFY_ELIGIBILITY,Serbest fon; nitelikli yatırımcı / dağıtım kısıtı olabilir,True,2026-09-28,27.7064,0.1086,-0.1651,0.2737,0.6648,2.888,-2.2231,5.3435,15.1995,27.5812,1.8346,-0.2959,-0.2011,4642692732.62,5.0,329,0.0,0.0,0.0,0.0,0.0,0.0,0.0,0.0,0.09,0.0,0.0,0.0,0.0,0.0,2026-09-28,2026-09-28,2026-09-28 14:23:46
AZZ,AK PORTFÖY ÖPY MUTLAK GETİRİ HEDEFLİ SERBEST (DÖVİZ) ÖZEL FON,Diğer / Belirsiz,VERIFY_ELIGIBILITY,Serbest fon; nitelikli yatırımcı / dağıtım kısıtı olabilir,True,2026-09-28,65.3375,0.4622,0.433,0.0292,1.8347,1.9689,-0.1341,5.9094,12.9054,23.4315,1.1431,0.0,0.0,25910263549.56,6.0,329,0.0,0.0,0.0,0.0,0.0,0.0,0.0,0.0,0.0,0.0,0.0,-3.87,12.86,0.0,2026-09-28,2026-09-28,2026-09-28 14:23:46
BA1,GLOBAL MD PORTFÖY BİRİNCİ SERBEST FON,Diğer / Belirsiz,VERIFY_ELIGIBILITY,Serbest fon; nitelikli yatırımcı / dağıtım kısıtı olabilir,True,2026-09-28,2.1871,1.4974,3.9681,-2.4707,12.9873,9.8749,3.1124,27.2198,89.6679,,21.8736,-2.6137,-0.4877,452111097.45,36.0,232,23.58,0.0,0.0,0.0,0.0,0.0,0.0,0.0,0.0,0.0,0.0,0.0,0.0,0.0,2026-09-28,2026-09-28,2026-09-28 14:23:46
BAC,ATLAS PORTFÖY BİRİNCİ HİSSE SENEDİ SERBEST FON (HİSSE SENEDİ YOĞUN FON),Hisse Senedi,VERIFY_ELIGIBILITY,Serbest fon; nitelikli yatırımcı / dağıtım kısıtı olabilir,True,2026-09-28,0.514,-40.1017,-26.4115,-13.6902,-70.1284,-66.5952,-3.5332,-89.7212,-91.3428,-84.8446,77.1291,-92.1516,-92.1516,439304537.68,12.0,329,96.51,0.0,0.0,0.0,0.0,0.0,0.0,0.0,3.49,0.0,0.0,0.0,0.0,0.0,2026-09-28,2026-09-28,2026-09-28 14:23:46
BAL,QNB PORTFÖY BALY SERBEST (DÖVİZ) ÖZEL FON,Diğer / Belirsiz,VERIFY_ELIGIBILITY,Serbest fon; nitelikli yatırımcı / dağıtım kısıtı olabilir,True,2026-09-28,50.7719,0.1792,-0.0347,0.2139,0.8999,2.2782,-1.3783,4.8825,13.1383,,1.719,-0.1377,-0.1377,1115677109.63,1.0,233,0.0,0.0,0.0,0.0,0.0,0.0,0.0,0.0,16.85,0.0,0.0,0.0,0.0,0.0,2026-09-28,2026-09-28,2026-09-28 14:23:46
BAO,AZİMUT PORTFÖY BARKIN SERBEST (TL) ÖZEL FON,Diğer / Belirsiz,VERIFY_ELIGIBILITY,Serbest fon; nitelikli yatırımcı / dağıtım kısıtı olabilir,True,2026-09-28,2.5935,-2.9455,-9.7348,6.7893,-14.9592,-2.8335,-12.1256,-17.9455,-18.8692,-5.4054,23.2191,-20.9185,-20.6172,60941152.32,4.0,329,79.36,0.0,0.0,0.0,0.0,0.0,15.16,0.0,5.48,0.0,0.0,0.0,0.0,0.0,2026-09-28,2026-09-28,2026-09-28 14:23:46
BAS,İŞ PORTFÖY BAŞAK SERBEST (DÖVİZ) ÖZEL FON,Diğer / Belirsiz,VERIFY_ELIGIBILITY,Serbest fon; nitelikli yatırımcı / dağıtım kısıtı olabilir,True,2026-09-28,54.3884,-0.1053,-0.3028,0.1974,0.0904,2.5371,-2.4467,4.1265,12.6281,22.1407,2.0527,-0.5439,-0.5439,1556093667.28,1.0,329,0.0,0.0,0.0,0.0,0.0,0.0,0.0,0.0,0.39,0.0,0.0,0.0,0.0,0.0,2026-09-28,2026-09-28,2026-09-28 14:23:46
BBI,ALLBATROSS PORTFÖY BİANCO SERBEST (TL) FON,Diğer / Belirsiz,VERIFY_ELIGIBILITY,Serbest fon; nitelikli yatırımcı / dağıtım kısıtı olabilir,True,2026-09-28,1.0583,1.7277,-10.8637,12.5914,-19.3643,11.306,-30.6702,-13.0475,-10.8765,-18.0571,46.391,-22.6703,-19.3643,720074.49,14.0,329,93.7,0.0,0.0,0.0,0.0,0.0,0.0,0.0,6.3,0.0,0.0,0.0,0.0,0.0,2026-09-28,2026-09-28,2026-09-28 14:23:46
BBN,BULLS PORTFÖY BİRİNCİ HİSSE SENEDİ SERBEST (TL) FON (HİSSE SENEDİ YOĞUN FON),Hisse Senedi,VERIFY_ELIGIBILITY,Serbest fon; nitelikli yatırımcı / dağıtım kısıtı olabilir,True,2026-09-28,0.279,-31.4273,-32.4602,1.0329,-56.9841,-0.9302,-56.0539,-56.8398,-56.6575,-77.944,127.2862,-63.0788,-58.6181,641956131.27,12.0,299,100.0,0.0,0.0,0.0,0.0,0.0,0.0,0.0,0.0,0.0,0.0,0.0,0.0,0.0,2026-09-28,2026-09-28,2026-09-28 14:23:46
BBO,BULLS PORTFÖY BANKACILIK SEKTÖRÜ DIŞI ŞİRKETLER HİSSE SENEDİ SERBEST FON (HİSSE SENEDİ YOĞUN FON),Bankacılık / Finans,VERIFY_ELIGIBILITY,Serbest fon; nitelikli yatırımcı / dağıtım kısıtı olabilir,True,2026-09-28,0.0141,-5.2596,-14.2948,9.0351,-98.2032,6.5756,-104.7788,-99.1389,-98.8053,,383.1991,-99.1671,-99.1671,65152.36,8.0,213,100.0,0.0,0.0,0.0,0.0,0.0,0.0,0.0,0.0,0.0,0.0,0.0,0.0,0.0,2026-09-28,2026-09-28,2026-09-28 14:23:46
BBS,BULLS PORTFÖY BİRİNCİ SERBEST (TL) FON,Diğer / Belirsiz,VERIFY_ELIGIBILITY,Serbest fon; nitelikli yatırımcı / dağıtım kısıtı olabilir,True,2026-09-28,1.6709,0.0177,0.4612,-0.4436,2.4561,3.277,-0.8209,10.0676,25.6012,62.7605,1.8259,-0.1076,0.0,1067522858.3,586.0,274,0.0,0.0,0.0,0.0,0.0,0.0,0.0,0.0,0.0,0.0,0.0,0.0,0.0,0.0,2026-09-28,2026-09-28,2026-09-28 14:23:46
BCC,ASTRA PORTFÖY BCC SERBEST (DÖVİZ) ÖZEL FON,Diğer / Belirsiz,VERIFY_ELIGIBILITY,Serbest fon; nitelikli yatırımcı / dağıtım kısıtı olabilir,True,2026-09-28,80.7494,0.5806,0.6176,-0.037,2.8292,6.3375,-3.5082,12.7527,36.1781,69.0885,2.6559,-0.5192,-0.174,3368227484.9,3.0,329,0.0,0.0,0.0,0.0,0.0,0.0,0.0,0.0,5.4,0.0,0.0,0.0,0.0,0.0,2026-09-28,2026-09-28,2026-09-28 14:23:46
BDA,YAPI KREDİ PORTFÖY BİRİNCİ KATILIM SERBEST (DÖVİZ-AVRO) FON,Katılım,VERIFY_ELIGIBILITY,Serbest fon; nitelikli yatırımcı / dağıtım kısıtı olabilir,True,2026-09-28,56.9706,-0.3271,-0.6204,0.2933,-0.5065,2.9681,-3.4746,5.2432,9.9943,,3.6969,-1.3499,-1.1631,4323411160.66,767.0,247,0.0,0.0,0.0,0.0,0.0,0.0,0.0,0.0,0.04,0.0,0.0,0.0,0.0,0.0,2026-09-28,2026-09-28,2026-09-28 14:23:46
BDC,AURA PORTFÖY BODRUM SERBEST FON,Diğer / Belirsiz,VERIFY_ELIGIBILITY,Serbest fon; nitelikli yatırımcı / dağıtım kısıtı olabilir,True,2026-09-28,9.2721,-0.1169,-0.9439,0.8271,-0.1695,9.5867,-9.7561,4.9778,15.6963,2.9331,9.0282,-4.4713,-1.5342,312428333.29,25.0,329,14.36,0.0,0.0,0.0,0.0,0.0,0.0,0.0,32.92,0.0,0.0,0.0,0.0,0.0,2026-09-28,2026-09-28,2026-09-28 14:23:46
BDI,PARDUS PORTFÖY BIST 50 DIŞI ŞİRKETLER HİSSE SENEDİ SERBEST (TL) FON (HİSSE SENEDİ YOĞUN FON),Hisse Senedi,VERIFY_ELIGIBILITY,Serbest fon; nitelikli yatırımcı / dağıtım kısıtı olabilir,True,2026-09-28,0.0001,-61.0778,-32.9317,-28.1461,-74.5098,12.8319,-87.3417,-63.6872,-99.9793,-99.9956,135.9357,-75.8364,-75.8364,69601361.23,72.0,329,100.0,0.0,0.0,0.0,0.0,0.0,0.0,0.0,0.0,0.0,0.0,0.0,0.0,0.0,2026-09-28,2026-09-28,2026-09-28 14:23:46
BDO,BULLS PORTFÖY DÖRDÜNCÜ HİSSE SENEDİ SERBEST FON (HİSSE SENEDİ YOĞUN FON),Hisse Senedi,VERIFY_ELIGIBILITY,Serbest fon; nitelikli yatırımcı / dağıtım kısıtı olabilir,True,2026-09-28,1.9592,3.5763,-21.012,24.5883,-38.4902,18.1291,-56.6193,-38.2761,-14.9319,117.1831,68.3752,-50.1233,-47.2769,1260373770.12,11.0,274,99.96,0.0,0.0,0.0,0.0,0.0,0.0,0.0,0.04,0.0,0.0,0.0,0.0,0.0,2026-09-28,2026-09-28,2026-09-28 14:23:46
BFO,İŞ PORTFÖY BFO1 SERBEST (DÖVİZ) ÖZEL FON,Diğer / Belirsiz,VERIFY_ELIGIBILITY,Serbest fon; nitelikli yatırımcı / dağıtım kısıtı olabilir,True,2026-09-28,53.414,-0.6779,-0.9918,0.3139,-2.192,3.3342,-5.5263,2.8911,11.7679,21.1497,4.6138,-2.321,-2.321,15506352307.09,1.0,324,0.18,0.39,0.0,1.61,0.0,0.0,0.0,0.0,4.76,0.0,0.0,0.0,0.0,0.0,2026-09-28,2026-09-28,2026-09-28 14:23:46
BGH,AZİMUT PORTFÖY BGN HİSSE SENEDİ SERBEST ÖZEL FON (HİSSE SENEDİ YOĞUN FON),Hisse Senedi,VERIFY_ELIGIBILITY,Serbest fon; nitelikli yatırımcı / dağıtım kısıtı olabilir,True,2026-09-28,2.3345,-0.2175,-0.9085,0.6911,8.5423,-10.7892,19.3315,0.0258,22.8216,26.4696,33.0502,-12.4396,-4.2667,1097305367.5,1.0,329,89.28,0.0,0.0,0.0,0.0,0.0,0.0,0.0,9.51,0.0,0.0,0.0,0.0,0.0,2026-09-28,2026-09-28,2026-09-28 14:23:46
BHE,AK PORTFÖY BİRİNCİ HİSSE SENEDİ SERBEST FON (HİSSE SENEDİ YOĞUN FON),Hisse Senedi,VERIFY_ELIGIBILITY,Serbest fon; nitelikli yatırımcı / dağıtım kısıtı olabilir,True,2026-09-28,1.7851,0.8253,-6.1036,6.9289,-7.8598,10.6121,-18.4719,-1.6009,-0.488,19.9931,34.2456,-14.4175,-10.6543,40202812.38,110.0,329,88.0,0.0,0.0,0.0,0.0,0.0,0.0,0.0,0.91,0.0,0.0,0.0,7.44,0.0,2026-09-28,2026-09-28,2026-09-28 14:23:46
BHH,PARDUS PORTFÖY BEŞİNCİ HİSSE SENEDİ SERBEST (TL) FON (HİSSE SENEDİ YOĞUN FON),Hisse Senedi,VERIFY_ELIGIBILITY,Serbest fon; nitelikli yatırımcı / dağıtım kısıtı olabilir,True,2026-09-28,0.0,-100.0,-79.7527,-20.2473,-100.0,15.0804,-115.0804,-100.0,-100.0,-100.0,423.8948,-100.0,-100.0,0.0,71.0,329,100.0,0.0,0.0,0.0,0.0,0.0,0.0,0.0,0.0,0.0,0.0,0.0,0.0,0.0,2026-09-28,2026-09-28,2026-09-28 14:23:46
BHI,BV PORTFÖY MUTLAK GETİRİ HEDEFLİ HİSSE SENEDİ SERBEST (TL) FON (HİSSE SENEDİ YOĞUN FON),Hisse Senedi,VERIFY_ELIGIBILITY,Serbest fon; nitelikli yatırımcı / dağıtım kısıtı olabilir,True,2026-09-28,2.4294,0.6674,0.4733,0.1941,2.4631,2.6262,-0.1631,8.2095,21.0785,44.4016,1.8447,-0.1055,0.0,1133970078.5,323.0,329,59.45,0.0,0.0,0.0,0.0,0.0,0.0,0.0,7.28,0.0,0.0,0.0,0.0,0.0,2026-09-28,2026-09-28,2026-09-28 14:23:46
BHL,İŞ PORTFÖY BİRİNCİ HİSSE SENEDİ SERBEST FON (HİSSE SENEDİ YOĞUN FON),Hisse Senedi,VERIFY_ELIGIBILITY,Serbest fon; nitelikli yatırımcı / dağıtım kısıtı olabilir,True,2026-09-28,1.2204,-0.6337,-3.314,2.6802,-5.7708,2.0981,-7.8689,-5.8749,10.2441,25.5854,32.4109,-10.0686,-6.4488,66062818.99,709.0,329,92.59,0.0,0.0,0.0,0.0,0.0,0.0,0.0,0.0,0.0,0.0,0.0,0.0,0.0,2026-09-28,2026-09-28,2026-09-28 14:23:46
BHN,A1 CAPİTAL PORTFÖY BANKACILIK SEKTÖRÜ DIŞI ŞİRKETLER HİSSE SENEDİ SERBEST (TL) FON (HİSSE SENEDİ YOĞUN FON),Bankacılık / Finans,VERIFY_ELIGIBILITY,Serbest fon; nitelikli yatırımcı / dağıtım kısıtı olabilir,True,2026-09-28,1.1174,7.8081,-32.3822,40.1903,-8.5696,-3.9938,-4.5758,-24.7706,,,128.3789,-46.7599,-29.2171,372758733.04,41.0,98,100.0,0.0,0.0,0.0,0.0,0.0,0.0,0.0,0.0,0.0,0.0,0.0,0.0,0.0,2026-09-28,2026-09-28,2026-09-28 14:23:46
BHO,AZİMUT PORTFÖY BİRİNCİ PY HİSSE SENEDİ SERBEST ÖZEL FON (HİSSE SENEDİ YOĞUN FON),Hisse Senedi,VERIFY_ELIGIBILITY,Serbest fon; nitelikli yatırımcı / dağıtım kısıtı olabilir,True,2026-09-28,1.2375,0.697,0.3378,0.3592,1.8498,2.3429,-0.4931,6.0219,13.3922,,3.5132,-0.6063,0.0,1515729807.94,1.0,189,88.93,0.0,0.0,0.0,0.0,0.0,0.0,0.0,0.03,0.0,0.0,0.0,0.0,0.0,2026-09-28,2026-09-28,2026-09-28 14:23:46
BI5,BULLS PORTFÖY BIST 50 DIŞI ŞİRKETLER HİSSE SENEDİ SERBEST FON (HİSSE SENEDİ YOĞUN FON),Hisse Senedi,VERIFY_ELIGIBILITY,Serbest fon; nitelikli yatırımcı / dağıtım kısıtı olabilir,True,2026-09-28,0.8518,0.0047,-7.6218,7.6265,-37.7231,-6.8146,-30.9085,-47.799,-67.8683,,98.6665,-50.6521,-48.9325,2409406.45,10.0,174,95.6,0.0,0.0,0.0,0.0,0.0,0.0,0.0,0.0,0.0,0.0,0.0,0.0,0.0,2026-09-28,2026-09-28,2026-09-28 14:23:46
BIA,TRİVE PORTFÖY İSTATİSTİKSEL ARBİTRAJ HİSSE SENEDİ SERBEST FON (HİSSE SENEDİ YOĞUN FON),Hisse Senedi,VERIFY_ELIGIBILITY,Serbest fon; nitelikli yatırımcı / dağıtım kısıtı olabilir,True,2026-09-28,0.1275,-20.501,-23.2312,2.7301,-44.5903,18.8175,-63.4078,-34.3335,-37.1613,-82.5768,57.1492,-46.9063,-46.9063,4595486.92,18.0,329,84.01,0.0,0.0,0.0,0.0,0.0,0.0,0.0,11.0,0.0,0.0,0.0,0.0,0.0,2026-09-28,2026-09-28,2026-09-28 14:23:46
BIK,BULLS PORTFÖY İKİNCİ HİSSE SENEDİ SERBEST (TL) FON (HİSSE SENEDİ YOĞUN FON),Hisse Senedi,VERIFY_ELIGIBILITY,Serbest fon; nitelikli yatırımcı / dağıtım kısıtı olabilir,True,2026-09-28,0.4669,-40.9125,-26.25,-14.6625,-59.7876,-9.2837,-50.5039,-64.3394,-70.0075,-56.871,86.4093,-65.4241,-65.4241,1086149454.37,14.0,307,100.0,0.0,0.0,0.0,0.0,0.0,0.0,0.0,0.0,0.0,0.0,0.0,0.0,0.0,2026-09-28,2026-09-28,2026-09-28 14:23:46
BIS,BV PORTFÖY BİRİNCİ SERBEST FON,Diğer / Belirsiz,VERIFY_ELIGIBILITY,Serbest fon; nitelikli yatırımcı / dağıtım kısıtı olabilir,True,2026-09-28,1.836,0.529,0.4649,0.0641,2.0709,2.5181,-0.4472,7.676,14.7465,29.2613,1.0346,0.0,0.0,683823657.45,49.0,329,0.0,0.0,0.0,0.0,0.0,0.0,0.0,0.0,13.55,0.0,0.0,0.0,23.77,0.0,2026-09-28,2026-09-28,2026-09-28 14:23:46
BJD,AZİMUT PORTFÖY 13.0 SERBEST (DÖVİZ) FON,Diğer / Belirsiz,VERIFY_ELIGIBILITY,Serbest fon; nitelikli yatırımcı / dağıtım kısıtı olabilir,True,2026-09-28,54.4181,0.366,0.4349,-0.069,1.6618,1.7566,-0.0948,5.3281,11.6861,21.2373,1.1886,0.0,0.0,773121569.38,99.0,329,0.0,0.0,0.0,0.0,0.0,0.0,0.0,0.0,0.23,0.0,0.0,0.0,0.0,0.0,2026-09-28,2026-09-28,2026-09-28 14:23:46
BKO,AZİMUT PORTFÖY BİRİNCİ KATILIM SERBEST ÖZEL FON,Katılım,VERIFY_ELIGIBILITY,Serbest fon; nitelikli yatırımcı / dağıtım kısıtı olabilir,True,2026-09-28,1.3281,0.6746,0.6771,-0.0025,2.6351,2.8822,-0.247,9.1873,21.4014,,1.1038,0.0,0.0,382776969.09,1.0,189,0.0,0.0,0.0,0.0,0.0,0.0,0.0,0.0,0.0,0.0,0.0,0.0,0.0,0.0,2026-09-28,2026-09-28,2026-09-28 14:23:46
BKY,YAPI KREDİ PORTFÖY BİRİNCİ KATILIM SERBEST (DÖVİZ) FON,Katılım,VERIFY_ELIGIBILITY,Serbest fon; nitelikli yatırımcı / dağıtım kısıtı olabilir,True,2026-09-28,51.0046,0.4597,0.4663,-0.0066,1.8593,1.9197,-0.0603,5.8749,13.0044,,1.1476,0.0,0.0,8540658099.3,1070.0,247,0.0,0.0,0.0,0.0,0.0,0.0,0.0,0.0,2.53,0.0,0.0,0.0,0.0,0.0,2026-09-28,2026-09-28,2026-09-28 14:23:46
BLA,BULLS PORTFÖY ALGORİTMİK HİSSE SENEDİ SERBEST (TL) FON (HİSSE SENEDİ YOĞUN FON),Hisse Senedi,VERIFY_ELIGIBILITY,Serbest fon; nitelikli yatırımcı / dağıtım kısıtı olabilir,True,2026-09-28,1.736,-40.921,-31.963,-8.958,-62.0097,-10.2622,-51.7474,-72.3196,-77.6318,-78.6156,72.104,-73.1088,-73.1088,1623634352.21,15.0,263,100.0,0.0,0.0,0.0,0.0,0.0,0.0,0.0,0.0,0.0,0.0,0.0,0.0,0.0,2026-09-28,2026-09-28,2026-09-28 14:23:46
BLD,DENİZ PORTFÖY BALEV EĞİTİME DESTEK SERBEST FON,Diğer / Belirsiz,VERIFY_ELIGIBILITY,Serbest fon; nitelikli yatırımcı / dağıtım kısıtı olabilir,True,2026-09-28,1.7327,0.6986,0.6909,0.0077,2.827,2.961,-0.134,9.41,21.6288,45.9627,1.1444,0.0,0.0,395561144.3,670.0,329,0.0,0.0,0.0,0.0,0.0,0.0,0.0,0.0,5.96,0.0,0.0,0.0,1.27,0.0,2026-09-28,2026-09-28,2026-09-28 14:23:46
BMU,BULLS PORTFÖY MUTLAK GETİRİ HEDEFLİ HİSSE SENEDİ SERBEST FON (HİSSE SENEDİ YOĞUN FON),Hisse Senedi,VERIFY_ELIGIBILITY,Serbest fon; nitelikli yatırımcı / dağıtım kısıtı olabilir,True,2026-09-28,2.3427,-0.4212,-7.9612,7.54,-30.4713,4.7674,-35.2386,-27.6986,122.5999,159.0968,47.6673,-31.9823,-31.236,92456161.5,1901.0,286,87.57,0.0,0.0,0.0,0.0,0.0,0.0,0.0,0.0,0.0,0.0,0.0,0.0,0.0,2026-09-28,2026-09-28,2026-09-28 14:23:46
BNC,AK PORTFÖY BEŞİNCİ SERBEST FON,Diğer / Belirsiz,VERIFY_ELIGIBILITY,Serbest fon; nitelikli yatırımcı / dağıtım kısıtı olabilir,True,2026-09-28,2.2674,0.8071,-0.4883,1.2954,1.5398,5.1028,-3.563,6.657,19.5059,36.0025,4.8113,-1.5288,-0.1858,651185918.99,244.0,329,0.0,0.0,0.0,0.0,0.0,0.0,81.51,0.0,0.68,0.0,0.0,0.0,17.71,0.0,2026-09-28,2026-09-28,2026-09-28 14:23:46
BNH,İSTANBUL PORTFÖY BANKACILIK SEKTÖRÜ HİSSE SENEDİ SERBEST (TL) FON (HİSSE SENEDİ YOĞUN FON),Bankacılık / Finans,VERIFY_ELIGIBILITY,Serbest fon; nitelikli yatırımcı / dağıtım kısıtı olabilir,True,2026-09-28,1.2006,-0.6209,-3.9845,3.3636,-2.5023,10.4055,-12.9078,-9.748,2.6083,0.2,52.4978,-18.4381,-9.748,40148442.25,129.0,324,95.77,0.0,0.0,0.0,0.0,0.0,0.0,0.0,0.0,0.0,0.0,0.0,0.0,0.0,2026-09-28,2026-09-28,2026-09-28 14:23:46
BOH,BULLS PORTFÖY BIST 30 DIŞI ŞİRKETLER HİSSE SENEDİ SERBEST FON (HİSSE SENEDİ YOĞUN FON),Hisse Senedi,VERIFY_ELIGIBILITY,Serbest fon; nitelikli yatırımcı / dağıtım kısıtı olabilir,True,2026-09-28,0.6538,1.5384,-14.4487,15.987,-15.29,-3.4516,-11.8385,-24.9781,-20.1458,,42.2867,-28.6063,-27.1057,163829098.31,11.0,213,97.29,0.0,0.0,0.0,0.0,0.0,0.0,0.0,0.0,0.0,0.0,0.0,0.0,0.0,2026-09-28,2026-09-28,2026-09-28 14:23:46
BOP,İŞ PORTFÖY ÖPY BİRİNCİ SERBEST (DÖVİZ) ÖZEL FON,Diğer / Belirsiz,VERIFY_ELIGIBILITY,Serbest fon; nitelikli yatırımcı / dağıtım kısıtı olabilir,True,2026-09-28,50.4332,0.0832,-0.22,0.3032,0.6772,2.8139,-2.1367,5.2765,14.5912,,1.9685,-0.3332,-0.2506,1451360363.74,13.0,211,0.0,0.0,0.0,0.0,0.0,0.0,0.0,0.0,16.93,0.0,0.0,0.0,0.0,0.0,2026-09-28,2026-09-28,2026-09-28 14:23:46
BOS,BULLS PORTFÖY ALTINCI HİSSE SENEDİ SERBEST FON (HİSSE SENEDİ YOĞUN FON),Altın,VERIFY_ELIGIBILITY,Serbest fon; nitelikli yatırımcı / dağıtım kısıtı olabilir,True,2026-09-28,1.2011,0.6973,-4.7544,5.4517,-24.6343,-2.4769,-22.1574,-20.6078,-24.5368,,47.9376,-31.4588,-30.2392,50299389.58,638.0,235,83.04,0.0,0.0,0.0,0.0,0.0,0.0,0.0,0.0,0.0,0.0,0.0,0.0,0.0,2026-09-28,2026-09-28,2026-09-28 14:23:46
BP5,BULLS PORTFÖY BEŞİNCİ HİSSE SENEDİ SERBEST FON (HİSSE SENEDİ YOĞUN FON),Hisse Senedi,VERIFY_ELIGIBILITY,Serbest fon; nitelikli yatırımcı / dağıtım kısıtı olabilir,True,2026-09-28,1.1372,-10.1976,-20.3405,10.1428,-33.3867,0.472,-33.8587,-38.64,-31.3317,2.5826,87.7183,-41.581,-41.4036,30425399.0,11.0,276,67.15,0.0,0.0,0.0,0.0,0.0,0.0,0.0,11.18,0.0,0.0,0.0,0.0,0.0,2026-09-28,2026-09-28,2026-09-28 14:23:46
BPD,BULLS PORTFÖY BİRİNCİ SERBEST (DÖVİZ) FON,Diğer / Belirsiz,VERIFY_ELIGIBILITY,Serbest fon; nitelikli yatırımcı / dağıtım kısıtı olabilir,True,2026-09-28,57.4986,0.3476,0.7037,-0.3562,2.3538,3.3722,-1.0184,8.7371,19.2487,37.518,1.3284,0.0,0.0,158030734.04,11.0,308,,,,,,,,,,,,,,,2026-09-28,2026-09-28,2026-09-28 14:23:46
BRB,BULLS PORTFÖY ARENA SERBEST FON,Diğer / Belirsiz,VERIFY_ELIGIBILITY,Serbest fon; nitelikli yatırımcı / dağıtım kısıtı olabilir,True,2026-09-28,0.6187,-22.8674,-26.1003,3.2329,-36.2318,-8.6618,-27.57,-47.5468,-50.7565,-43.8442,67.9954,-48.7603,-48.2672,353539986.2,11.0,279,0.0,0.0,0.0,0.0,0.0,0.0,0.0,0.0,0.0,0.0,0.0,0.0,0.0,0.0,2026-09-28,2026-09-28,2026-09-28 14:23:46
BRC,RE-PIE PORTFÖY BİRİNCİ İSTATİSTİKSEL ARBİTRAJ HİSSE SENEDİ SERBEST FON (HİSSE SENEDİ YOĞUN FON),Hisse Senedi,VERIFY_ELIGIBILITY,Serbest fon; nitelikli yatırımcı / dağıtım kısıtı olabilir,True,2026-09-28,1.3711,0.4472,-0.6459,1.0932,0.9849,2.7455,-1.7606,5.8546,16.7346,33.2046,3.7504,-0.7654,-0.3216,108368630.63,25.0,279,74.68,0.0,0.0,0.0,0.0,0.0,0.0,0.0,0.0,0.0,0.0,0.0,0.0,0.0,2026-09-28,2026-09-28,2026-09-28 14:23:46
BRH,İSTANBUL PORTFÖY BİRİNCİ HİSSE SENEDİ SERBEST FON (HİSSE SENEDİ YOĞUN FON),Hisse Senedi,VERIFY_ELIGIBILITY,Serbest fon; nitelikli yatırımcı / dağıtım kısıtı olabilir,True,2026-09-28,4.7774,-5.2778,-18.8229,13.5451,-39.3473,24.5711,-63.9184,-31.8067,8.0835,88.9457,40.8275,-39.4449,-39.3473,3563366954.36,15.0,329,98.99,0.0,0.0,0.0,0.0,0.0,0.0,0.0,1.0,0.0,0.0,0.0,0.0,0.0,2026-09-28,2026-09-28,2026-09-28 14:23:46
BRT,PARDUS PORTFÖY BEREKET HİSSE SENEDİ SERBEST FON (HİSSE SENEDİ YOĞUN FON),Hisse Senedi,VERIFY_ELIGIBILITY,Serbest fon; nitelikli yatırımcı / dağıtım kısıtı olabilir,True,2026-09-28,0.7799,0.8582,-8.7289,9.5871,-14.7411,2.0579,-16.799,-29.5185,-32.9018,-45.0413,42.6652,-34.8978,-32.0775,9637888.38,305.0,329,91.96,0.0,0.0,0.0,0.0,0.0,0.0,0.0,0.0,0.0,0.0,0.0,0.0,0.0,2026-09-28,2026-09-28,2026-09-28 14:23:46
BRZ,TEB PORTFÖY BURGAZ SERBEST (DÖVİZ) ÖZEL FON,Diğer / Belirsiz,VERIFY_ELIGIBILITY,Serbest fon; nitelikli yatırımcı / dağıtım kısıtı olabilir,True,2026-09-28,55.6364,0.0525,-0.2322,0.2847,0.1687,2.9475,-2.7788,4.7398,13.3632,22.6348,2.4561,-0.4835,-0.4117,1569652061.8,5.0,329,0.0,0.8,0.0,0.0,0.0,0.0,0.0,0.0,0.01,0.0,0.0,0.0,0.0,0.0,2026-09-28,2026-09-28,2026-09-28 14:23:46
BS1,AHLATCI PORTFÖY BİRİNCİ SERBEST (TL) FON,Diğer / Belirsiz,VERIFY_ELIGIBILITY,Serbest fon; nitelikli yatırımcı / dağıtım kısıtı olabilir,True,2026-09-28,1.5955,4.1335,2.2372,1.8963,14.0259,13.888,0.1379,30.2779,46.6158,,25.1067,-4.205,0.0,406111244.28,580.0,206,82.97,0.0,0.0,0.0,0.0,0.0,0.0,0.0,11.5,0.0,0.0,0.0,0.0,0.0,2026-09-28,2026-09-28,2026-09-28 14:23:46
BSA,İŞ PORTFÖY BAŞAK SERBEST ÖZEL FON,Diğer / Belirsiz,VERIFY_ELIGIBILITY,Serbest fon; nitelikli yatırımcı / dağıtım kısıtı olabilir,True,2026-09-28,0.4384,0.0973,-1.7551,1.8524,-0.4891,4.2306,-4.7197,3.5941,10.8789,21.3723,14.5559,-3.9545,-1.8689,894192418.42,1.0,329,36.89,0.0,0.0,5.71,0.0,0.0,0.0,0.0,4.95,0.0,0.0,0.0,0.0,0.0,2026-09-28,2026-09-28,2026-09-28 14:23:46
BSC,A1 CAPİTAL PORTFÖY BİRİNCİ SERBEST FON,Diğer / Belirsiz,VERIFY_ELIGIBILITY,Serbest fon; nitelikli yatırımcı / dağıtım kısıtı olabilir,True,2026-09-28,0.1413,0.776,0.785,-0.009,3.1834,-47.382,50.5654,-43.1146,,,1.6487,-49.0489,-45.7069,135259809.86,41.0,98,0.0,0.0,0.0,0.0,0.0,0.0,0.0,0.0,0.0,0.0,0.0,0.0,0.0,0.0,2026-09-28,2026-09-28,2026-09-28 14:23:46
BSD,BV PORTFÖY SERBEST (DÖVİZ) FON,Diğer / Belirsiz,VERIFY_ELIGIBILITY,Serbest fon; nitelikli yatırımcı / dağıtım kısıtı olabilir,True,2026-09-28,1.2147,0.449,0.3205,0.1286,1.2633,1.9173,-0.654,4.9045,11.795,,1.565,-0.3083,0.0,269627417.03,64.0,243,4.16,0.0,0.0,0.0,0.0,0.0,0.77,0.0,0.0,5.17,0.0,0.0,0.0,0.0,2026-09-28,2026-09-28,2026-09-28 14:23:46
BSE,PARDUS PORTFÖY BIST 30 DIŞI ŞİRKETLER HİSSE SENEDİ SERBEST (TL) FON (HİSSE SENEDİ YOĞUN FON),Hisse Senedi,VERIFY_ELIGIBILITY,Serbest fon; nitelikli yatırımcı / dağıtım kısıtı olabilir,True,2026-09-28,0.1274,-44.4749,-37.9987,-6.4762,-74.7898,-4.952,-69.8378,-80.1321,-73.007,-92.8099,124.8144,-82.1766,-80.7847,89166213.42,65.0,329,100.0,0.0,0.0,0.0,0.0,0.0,0.0,0.0,0.0,0.0,0.0,0.0,0.0,0.0,2026-09-28,2026-09-28,2026-09-28 14:23:46
BSF,İŞ PORTFÖY BİRİNCİ SERBEST ÖZEL FON,Diğer / Belirsiz,VERIFY_ELIGIBILITY,Serbest fon; nitelikli yatırımcı / dağıtım kısıtı olabilir,True,2026-09-28,1.208,-0.6652,-4.8387,4.1735,-6.274,5.5609,-11.8349,-7.6676,-2.868,12.1295,43.7945,-12.9612,-7.6676,6829234722.3,1.0,329,96.62,0.0,0.0,0.0,0.0,0.0,0.0,0.0,0.0,0.0,0.0,0.0,1.08,0.0,2026-09-28,2026-09-28,2026-09-28 14:23:46
BSH,ATLAS PORTFÖY BANKACILIK SEKTÖRÜ HİSSE SENEDİ SERBEST FON (HİSSE SENEDİ YOĞUN FON),Bankacılık / Finans,VERIFY_ELIGIBILITY,Serbest fon; nitelikli yatırımcı / dağıtım kısıtı olabilir,True,2026-09-28,0.9807,-0.2298,-4.7176,4.4878,-4.2958,10.9913,-15.2871,-9.9413,0.7791,-2.6131,41.7051,-17.348,-9.9413,6725924.83,120.0,329,89.88,0.0,0.0,0.0,0.0,0.0,0.0,0.0,10.12,0.0,0.0,0.0,0.0,0.0,2026-09-28,2026-09-28,2026-09-28 14:23:46
BSM,GLOBAL MD PORTFÖY BERRAK SERBEST FON,Diğer / Belirsiz,VERIFY_ELIGIBILITY,Serbest fon; nitelikli yatırımcı / dağıtım kısıtı olabilir,True,2026-09-28,1.8564,0.912,0.8481,0.0639,3.9017,5.1105,-1.2088,12.9028,37.1558,,2.5491,-0.1159,0.0,690352287.73,1411.0,231,0.0,0.0,0.0,0.0,0.0,0.0,0.0,9.49,20.25,0.0,0.0,0.0,0.0,0.0,2026-09-28,2026-09-28,2026-09-28 14:23:46
BSN,BULLS PORTFÖY SANAYİ ŞİRKETLERİ HİSSE SENEDİ SERBEST FON (HİSSE SENEDİ YOĞUN FON),Hisse Senedi,VERIFY_ELIGIBILITY,Serbest fon; nitelikli yatırımcı / dağıtım kısıtı olabilir,True,2026-09-28,0.5799,-7.2112,-22.4901,15.2789,-37.6727,-5.1024,-32.5703,-48.2503,-54.3129,,58.6247,-54.2913,-52.5204,439384182.28,17.0,191,100.0,0.0,0.0,0.0,0.0,0.0,0.0,0.0,0.0,0.0,0.0,0.0,0.0,0.0,2026-09-28,2026-09-28,2026-09-28 14:23:46
BST,PARDUS PORTFÖY BANKACILIK SEKTÖRÜ DIŞI ŞİRKETLER HİSSE SENEDİ SERBEST (TL) FON (HİSSE SENEDİ YOĞUN FON),Bankacılık / Finans,VERIFY_ELIGIBILITY,Serbest fon; nitelikli yatırımcı / dağıtım kısıtı olabilir,True,2026-09-28,10.3023,0.7984,-4.7318,5.5303,-3.7158,6.9776,-10.6934,1.7894,7.7405,19.3654,15.6351,-4.7687,-4.0083,35348695.45,525.0,329,83.3,0.0,0.0,0.0,0.0,0.0,0.0,0.0,0.0,0.0,0.0,0.0,0.0,0.0,2026-09-28,2026-09-28,2026-09-28 14:23:46
BTJ,ATLAS PORTFÖY İSTATİSTİKSEL ARBİTRAJ HİSSE SENEDİ SERBEST FON (HİSSE SENEDİ YOĞUN FON),Hisse Senedi,VERIFY_ELIGIBILITY,Serbest fon; nitelikli yatırımcı / dağıtım kısıtı olabilir,True,2026-09-28,1.4134,0.3999,0.7392,-0.3393,2.0195,2.7248,-0.7053,7.0923,16.1562,36.668,3.2445,-0.3892,0.0,12525316.28,49.0,280,80.71,0.0,0.0,0.0,0.0,0.0,0.0,0.0,7.63,0.0,0.0,0.0,0.0,0.0,2026-09-28,2026-09-28,2026-09-28 14:23:46
BTY,İŞ PORTFÖY BTY SERBEST (DÖVİZ) ÖZEL FON,Diğer / Belirsiz,VERIFY_ELIGIBILITY,Serbest fon; nitelikli yatırımcı / dağıtım kısıtı olabilir,True,2026-09-28,60.1549,0.1764,-0.0031,0.1795,0.7493,2.6495,-1.9003,5.3036,13.9503,23.4632,1.7525,-0.2545,-0.1802,641846796.69,2.0,329,0.0,0.0,0.0,0.0,0.0,0.0,0.0,0.0,0.3,0.0,0.0,0.0,19.63,0.0,2026-09-28,2026-09-28,2026-09-28 14:23:46
BUC,BULLS PORTFÖY ÜÇÜNCÜ HİSSE SENEDİ SERBEST (TL) FON (HİSSE SENEDİ YOĞUN FON),Hisse Senedi,VERIFY_ELIGIBILITY,Serbest fon; nitelikli yatırımcı / dağıtım kısıtı olabilir,True,2026-09-28,0.8423,-0.0033,-5.255,5.2516,5.6621,0.5614,5.1007,-2.9495,-36.2217,-36.7517,59.985,-17.1639,-5.8285,1468417.28,22.0,307,86.75,0.0,0.0,0.0,0.0,0.0,0.0,0.0,0.0,0.0,0.0,0.0,0.0,0.0,2026-09-28,2026-09-28,2026-09-28 14:23:46
BUP,AZİMUT PORTFÖY BUPA SERBEST (TL) ÖZEL FON,Diğer / Belirsiz,VERIFY_ELIGIBILITY,Serbest fon; nitelikli yatırımcı / dağıtım kısıtı olabilir,True,2026-09-28,4.3207,0.6493,0.6493,-0.0001,2.6171,2.563,0.0542,8.2338,19.4804,41.9372,1.2075,0.0,0.0,14494876613.78,1.0,329,0.0,0.0,0.0,0.0,0.0,0.0,7.47,16.69,0.0,0.0,0.0,0.0,31.14,0.0,2026-09-28,2026-09-28,2026-09-28 14:23:46
BUT,AZİMUT PORTFÖY BULUT HİSSE SENEDİ SERBEST ÖZEL FON (HİSSE SENEDİ YOĞUN FON),Hisse Senedi,VERIFY_ELIGIBILITY,Serbest fon; nitelikli yatırımcı / dağıtım kısıtı olabilir,True,2026-09-28,1.7129,0.3974,-8.9222,9.3196,-14.5695,14.1932,-28.7627,-4.9812,9.8343,14.7692,33.7174,-16.3364,-14.5695,156658555.25,4.0,329,87.34,0.0,0.0,0.0,0.0,0.0,0.0,0.0,12.66,0.0,0.0,0.0,0.0,0.0,2026-09-28,2026-09-28,2026-09-28 14:23:46
BUV,BULLS PORTFÖY VOLTRAN SERBEST (TL) FON,Diğer / Belirsiz,VERIFY_ELIGIBILITY,Serbest fon; nitelikli yatırımcı / dağıtım kısıtı olabilir,True,2026-09-28,1.0443,-2.3384,-9.6658,7.3274,-16.9937,4.1371,-21.1308,-23.1907,-17.5317,-11.0979,30.1693,-23.4419,-23.1907,8971830.96,192.0,324,96.74,0.0,0.0,0.0,0.0,0.0,0.0,0.0,0.0,0.0,0.0,0.0,0.0,0.0,2026-09-28,2026-09-28,2026-09-28 14:23:46
BVB,AK PORTFÖY ÖPY YEDİNCİ SERBEST (TL) ÖZEL FON,Diğer / Belirsiz,VERIFY_ELIGIBILITY,Serbest fon; nitelikli yatırımcı / dağıtım kısıtı olabilir,True,2026-09-28,4.7811,0.7092,0.7091,0.0001,2.8695,3.0728,-0.2033,9.7427,22.1668,47.8928,1.3145,0.0,0.0,5139665044.53,1.0,329,0.0,0.0,0.0,0.0,0.0,0.0,0.0,3.41,0.06,0.0,0.0,0.0,12.14,0.0,2026-09-28,2026-09-28,2026-09-28 14:23:46
BVC,AK PORTFÖY BİRİNCİ SERBEST (TL) ÖZEL FON,Diğer / Belirsiz,VERIFY_ELIGIBILITY,Serbest fon; nitelikli yatırımcı / dağıtım kısıtı olabilir,True,2026-09-28,4.5158,0.783,0.4741,0.3089,2.682,2.9492,-0.2672,9.1528,21.2632,45.953,1.3303,-0.0034,0.0,7321651915.9,1.0,329,0.0,0.0,0.0,0.0,0.0,0.0,0.0,0.0,12.79,0.0,0.0,0.0,64.93,0.0,2026-09-28,2026-09-28,2026-09-28 14:23:46
BVH,BV PORTFÖY BİRİNCİ HİSSE SENEDİ SERBEST (TL) FON (HİSSE SENEDİ YOĞUN FON),Hisse Senedi,VERIFY_ELIGIBILITY,Serbest fon; nitelikli yatırımcı / dağıtım kısıtı olabilir,True,2026-09-28,1.9743,1.497,-9.1048,10.6018,-9.8149,13.2937,-23.1086,-5.2116,35.4228,114.5795,32.2855,-12.3175,-9.8149,133921361.02,13.0,329,82.57,0.0,0.0,0.0,0.0,0.0,0.0,0.0,4.22,0.0,0.0,0.0,0.0,0.0,2026-09-28,2026-09-28,2026-09-28 14:23:46
BVI,BV PORTFÖY İKİNCİ HİSSE SENEDİ SERBEST FON (HİSSE SENEDİ YOĞUN FON),Hisse Senedi,VERIFY_ELIGIBILITY,Serbest fon; nitelikli yatırımcı / dağıtım kısıtı olabilir,True,2026-09-28,2.9536,-0.887,-1.827,0.9399,-1.3781,11.5067,-12.8848,6.3962,9.6128,29.7735,41.1211,-8.7419,-2.6978,294551865.32,27.0,329,91.52,0.0,0.0,0.0,0.0,0.0,0.0,0.0,0.0,0.0,0.0,0.0,0.0,0.0,2026-09-28,2026-09-28,2026-09-28 14:23:46
BVK,BULLS PORTFÖY VOLTRAN KATILIM SERBEST (TL) FON,Katılım,VERIFY_ELIGIBILITY,Serbest fon; nitelikli yatırımcı / dağıtım kısıtı olabilir,True,2026-09-28,0.7448,-1.3712,-5.5706,4.1994,-34.997,-14.4914,-20.5056,-37.1355,-26.729,,83.1224,-47.5505,-47.3073,160770.9,28.0,151,100.0,0.0,0.0,0.0,0.0,0.0,0.0,0.0,0.0,0.0,0.0,0.0,0.0,0.0,2026-09-28,2026-09-28,2026-09-28 14:23:46
BVM,ALLBATROSS PORTFÖY BİRİNCİ HİSSE SENEDİ SERBEST (TL) FON (HİSSE SENEDİ YOĞUN FON),Hisse Senedi,VERIFY_ELIGIBILITY,Serbest fon; nitelikli yatırımcı / dağıtım kısıtı olabilir,True,2026-09-28,1.2647,-1.089,-5.4528,4.3638,-5.323,-2.3902,-2.9328,-7.1232,7.9668,-67.2231,31.712,-12.0576,-9.7122,4887218.72,108.0,329,87.24,0.0,0.0,0.0,0.0,0.0,0.0,0.0,12.76,0.0,0.0,0.0,0.0,0.0,2026-09-28,2026-09-28,2026-09-28 14:23:46
BVT,AZİMUT PORTFÖY GÜNEY SERBEST ÖZEL FON,Diğer / Belirsiz,VERIFY_ELIGIBILITY,Serbest fon; nitelikli yatırımcı / dağıtım kısıtı olabilir,True,2026-09-28,5.6682,1.209,-2.1093,3.3183,0.3937,5.3154,-4.9216,6.5522,20.1954,44.3066,15.7857,-4.1008,-0.9258,21229024.0,10.0,329,53.04,0.0,0.0,0.0,0.0,0.0,0.0,0.0,46.96,0.0,0.0,0.0,0.0,0.0,2026-09-28,2026-09-28,2026-09-28 14:23:46
BVZ,BV PORTFÖY İSTATİSTİKSEL ARBİTRAJ SERBEST FON,Diğer / Belirsiz,VERIFY_ELIGIBILITY,Serbest fon; nitelikli yatırımcı / dağıtım kısıtı olabilir,True,2026-09-28,4.6633,0.6343,0.6434,-0.0092,2.6565,2.9843,-0.3279,9.2603,21.8058,47.5314,1.0773,0.0,0.0,3074658500.77,464.0,329,3.2,0.0,0.0,0.0,0.0,0.0,0.0,3.68,9.09,0.0,0.0,0.0,27.96,0.0,2026-09-28,2026-09-28,2026-09-28 14:23:46
BYZ,A1 CAPİTAL PORTFÖY BIST 100 DIŞI ŞİRKETLER HİSSE SENEDİ SERBEST (TL) FON (HİSSE SENEDİ YOĞUN FON),Hisse Senedi,VERIFY_ELIGIBILITY,Serbest fon; nitelikli yatırımcı / dağıtım kısıtı olabilir,True,2026-09-28,0.9289,-40.0098,-17.2708,-22.7391,6.0355,-2.5989,8.6344,-30.0363,,,159.7089,-55.6597,-55.6597,76299814.75,40.0,122,100.0,0.0,0.0,0.0,0.0,0.0,0.0,0.0,0.0,0.0,0.0,0.0,0.0,0.0,2026-09-28,2026-09-28,2026-09-28 14:23:46
CAH,A1 CAPİTAL PORTFÖY HİSSE SENEDİ SERBEST FON (HİSSE SENEDİ YOĞUN FON),Hisse Senedi,VERIFY_ELIGIBILITY,Serbest fon; nitelikli yatırımcı / dağıtım kısıtı olabilir,True,2026-09-28,1.1443,0.8402,-10.8135,11.6537,-12.2473,0.08,-12.3274,-17.9311,-7.2741,7.9375,33.414,-20.5925,-18.4662,12734077.64,170.0,264,96.19,0.0,0.0,0.0,0.0,0.0,0.0,0.0,0.0,0.0,0.0,0.0,0.0,0.0,2026-09-28,2026-09-28,2026-09-28 14:23:46
CBD,A1 CAPİTAL PORTFÖY BIST 30 DIŞI ŞİRKETLER HİSSE SENEDİ SERBEST FON (HİSSE SENEDİ YOĞUN FON),Hisse Senedi,VERIFY_ELIGIBILITY,Serbest fon; nitelikli yatırımcı / dağıtım kısıtı olabilir,True,2026-09-28,0.0346,-12.6138,-30.9806,18.3668,-78.5901,-85.63,7.0399,-97.2764,-98.2908,,61.08,-97.8726,-97.8691,394285676.64,17.0,243,100.0,0.0,0.0,0.0,0.0,0.0,0.0,0.0,0.0,0.0,0.0,0.0,0.0,0.0,2026-09-28,2026-09-28,2026-09-28 14:23:46
CBN,QNB PORTFÖY CBN SERBEST (DÖVİZ) ÖZEL FON,Diğer / Belirsiz,VERIFY_ELIGIBILITY,Serbest fon; nitelikli yatırımcı / dağıtım kısıtı olabilir,True,2026-09-28,46.849,-0.4393,-0.9448,0.5055,0.2012,1.0049,-0.8036,-7.4984,-0.364,2.7295,4.8705,-9.5236,-8.0868,599038876.15,6.0,329,0.0,0.0,0.0,0.0,0.0,0.0,0.0,0.0,0.0,0.0,0.0,0.0,0.0,0.0,2026-09-28,2026-09-28,2026-09-28 14:23:46
CBO,AZİMUT PORTFÖY HCBO HİSSE SENEDİ SERBEST ÖZEL FON (HİSSE SENEDİ YOĞUN FON),Hisse Senedi,VERIFY_ELIGIBILITY,Serbest fon; nitelikli yatırımcı / dağıtım kısıtı olabilir,True,2026-09-28,208.4218,-3.5345,-6.8188,3.2842,-14.0957,5.1741,-19.2698,-25.3107,-16.7523,-5.971,27.3968,-25.3107,-25.3107,1507984399.85,3.0,318,86.28,0.0,0.0,0.0,0.0,0.0,0.0,0.0,10.33,0.0,0.0,0.0,3.39,0.0,2026-09-28,2026-09-28,2026-09-28 14:23:46
CEY,ROTA PORTFÖY CEY SERBEST (DÖVİZ) ÖZEL FON,Diğer / Belirsiz,VERIFY_ELIGIBILITY,Serbest fon; nitelikli yatırımcı / dağıtım kısıtı olabilir,True,2026-09-28,67.683,0.1276,-0.0167,0.1442,0.6739,2.4332,-1.7594,4.639,12.7802,24.4337,1.3276,-0.1035,-0.1035,224330759.32,3.0,329,0.0,0.0,0.0,0.0,0.0,0.0,0.0,0.0,23.55,0.0,0.0,0.0,0.0,0.0,2026-09-28,2026-09-28,2026-09-28 14:23:46
CGD,DENİZ PORTFÖY ÇAĞDAŞ SERBEST (DÖVİZ) ÖZEL FON,Diğer / Belirsiz,VERIFY_ELIGIBILITY,Serbest fon; nitelikli yatırımcı / dağıtım kısıtı olabilir,True,2026-09-28,58.8139,-0.0489,-0.3008,0.2519,0.1908,2.5862,-2.3954,4.3513,13.1436,22.317,2.0866,-0.4625,-0.4625,651042663.97,2.0,329,0.0,0.0,0.0,0.0,0.0,0.0,0.0,0.0,1.66,0.0,0.0,0.0,0.0,0.0,2026-09-28,2026-09-28,2026-09-28 14:23:46
CHY,A1 CAPİTAL PORTFÖY İKİNCİ HİSSE SENEDİ SERBEST (TL) FON (HİSSE SENEDİ YOĞUN FON),Hisse Senedi,VERIFY_ELIGIBILITY,Serbest fon; nitelikli yatırımcı / dağıtım kısıtı olabilir,True,2026-09-28,0.119,-10.674,-15.7582,5.0842,-33.9503,15.6532,-49.6035,-76.7289,-81.6586,,78.2911,-78.2595,-77.4146,114533629.03,41.0,169,100.0,0.0,0.0,0.0,0.0,0.0,0.0,0.0,0.0,0.0,0.0,0.0,0.0,0.0,2026-09-28,2026-09-28,2026-09-28 14:23:46
CIN,AKTİF PORTFÖY BİRİNCİ SERBEST FON,Diğer / Belirsiz,VERIFY_ELIGIBILITY,Serbest fon; nitelikli yatırımcı / dağıtım kısıtı olabilir,True,2026-09-28,1.7796,1.6133,-1.5449,3.1581,1.0891,5.3019,-4.2128,2.6332,24.2491,34.4527,20.5503,-7.9514,-1.5908,16705178.0,458.0,329,32.29,0.0,0.0,63.2,0.0,0.0,0.0,0.0,4.51,0.0,0.0,0.0,0.0,0.0,2026-09-28,2026-09-28,2026-09-28 14:23:46
CJD,AK PORTFÖY SEKİZİNCİ SERBEST (DÖVİZ) FON,Diğer / Belirsiz,VERIFY_ELIGIBILITY,Serbest fon; nitelikli yatırımcı / dağıtım kısıtı olabilir,True,2026-09-28,51.9227,-0.2351,-0.569,0.3339,-0.1249,3.54,-3.6649,4.8796,10.4015,18.4185,3.7087,-1.1843,-0.9673,17680406514.43,2616.0,329,0.0,0.0,0.0,0.0,0.0,0.0,0.0,0.0,27.4,0.0,0.0,-43.44,48.98,0.0,2026-09-28,2026-09-28,2026-09-28 14:23:46
CJF,AK PORTFÖY ADOC SERBEST (DÖVİZ) ÖZEL FON,Diğer / Belirsiz,VERIFY_ELIGIBILITY,Serbest fon; nitelikli yatırımcı / dağıtım kısıtı olabilir,True,2026-09-28,65.6851,0.0163,-0.2598,0.276,0.2311,2.2966,-2.0656,3.5964,11.864,20.8988,1.9702,-0.4589,-0.3939,1643258625.72,3.0,329,0.0,0.0,0.0,0.0,0.0,0.0,0.0,0.0,2.39,0.0,0.0,0.0,0.0,0.0,2026-09-28,2026-09-28,2026-09-28 14:23:46
CJG,AK PORTFÖY SDSD SERBEST (DÖVİZ) ÖZEL FON,Diğer / Belirsiz,VERIFY_ELIGIBILITY,Serbest fon; nitelikli yatırımcı / dağıtım kısıtı olabilir,True,2026-09-28,66.0606,-0.1502,-0.3382,0.188,-0.6256,2.7411,-3.3668,3.6138,11.757,20.4596,3.0792,-0.9671,-0.9671,2001221792.73,1.0,329,0.0,0.0,0.0,0.0,0.0,0.0,0.0,0.0,1.33,0.0,0.0,0.0,0.0,0.0,2026-09-28,2026-09-28,2026-09-28 14:23:46
CJH,AK PORTFÖY DOKUZUNCU SERBEST (DÖVİZ-AVRO) FON,Diğer / Belirsiz,VERIFY_ELIGIBILITY,Serbest fon; nitelikli yatırımcı / dağıtım kısıtı olabilir,True,2026-09-28,62.1748,-0.3334,-0.6283,0.2949,-0.5361,2.9429,-3.4789,5.122,9.5565,16.7102,3.6963,-1.3663,-1.1817,2969853671.04,1673.0,329,0.0,0.0,0.0,0.0,0.0,0.0,0.0,0.0,0.0,0.0,0.0,0.0,4.46,0.0,2026-09-28,2026-09-28,2026-09-28 14:23:46
CKS,İŞ PORTFÖY BİRİNCİ KATILIM SERBEST (DÖVİZ) FON,Katılım,VERIFY_ELIGIBILITY,Serbest fon; nitelikli yatırımcı / dağıtım kısıtı olabilir,True,2026-09-28,61.8344,0.0276,-0.0351,0.0626,0.619,2.3067,-1.6877,4.6428,12.3679,22.6612,1.7212,-0.2411,-0.2411,5722203536.61,2290.0,329,0.0,0.0,0.0,0.0,0.0,0.0,0.0,0.0,7.78,0.0,0.0,0.0,0.0,0.0,2026-09-28,2026-09-28,2026-09-28 14:23:46
COT,AK PORTFÖY 2030 SERBEST (DÖVİZ-AVRO) FON,Diğer / Belirsiz,VERIFY_ELIGIBILITY,Serbest fon; nitelikli yatırımcı / dağıtım kısıtı olabilir,True,2026-09-28,58.4872,-0.8231,-1.18,0.3569,-2.4466,3.3012,-5.7478,2.715,8.7326,15.6976,5.3419,-2.7251,-2.6578,529966393.48,186.0,329,0.0,0.0,0.0,0.0,0.0,0.0,0.0,0.0,0.0,0.0,0.0,0.0,0.0,0.0,2026-09-28,2026-09-28,2026-09-28 14:23:46
CRL,YAPI KREDİ PORTFÖY ACARLAR SERBEST (DÖVİZ) ÖZEL FON,Diğer / Belirsiz,VERIFY_ELIGIBILITY,Serbest fon; nitelikli yatırımcı / dağıtım kısıtı olabilir,True,2026-09-28,49.6818,-0.0319,-0.2889,0.257,0.2387,2.8335,-2.5948,4.5928,13.3634,,2.1039,-0.4397,-0.4397,1068159415.87,3.0,186,0.0,0.0,0.0,0.0,0.0,0.0,0.0,0.0,5.27,0.0,0.0,0.0,0.0,0.0,2026-09-28,2026-09-28,2026-09-28 14:23:46
CSD,İŞ PORTFÖY CANO SERBEST (DÖVİZ) ÖZEL FON,Diğer / Belirsiz,VERIFY_ELIGIBILITY,Serbest fon; nitelikli yatırımcı / dağıtım kısıtı olabilir,True,2026-09-28,65.2156,0.1026,-0.0861,0.1887,0.4325,2.437,-2.0046,4.3515,12.1644,21.3709,2.0331,-0.3356,-0.3058,679595125.58,1.0,329,0.0,0.0,0.0,0.0,0.0,0.0,0.0,0.0,11.66,0.0,0.0,0.0,0.0,0.0,2026-09-28,2026-09-28,2026-09-28 14:23:46
CSH,PARDUS PORTFÖY ÜÇÜNCÜ HİSSE SENEDİ SERBEST FON (HİSSE SENEDİ YOĞUN FON),Hisse Senedi,VERIFY_ELIGIBILITY,Serbest fon; nitelikli yatırımcı / dağıtım kısıtı olabilir,True,2026-09-28,1.0737,-37.2976,-34.392,-2.9056,-76.8169,-19.1951,-57.6217,-77.7261,-63.3409,-94.6057,53.8658,-84.862,-84.862,1698931291.21,54.0,329,95.71,0.0,0.0,0.0,0.0,0.0,0.0,0.0,1.43,0.0,0.0,0.0,0.0,0.0,2026-09-28,2026-09-28,2026-09-28 14:23:46
CTF,İŞ PORTFÖY ASSG SERBEST (DÖVİZ) ÖZEL FON,Diğer / Belirsiz,VERIFY_ELIGIBILITY,Serbest fon; nitelikli yatırımcı / dağıtım kısıtı olabilir,True,2026-09-28,9.1339,-0.8873,-0.7543,-0.1331,-2.2437,1.8616,-4.1053,0.7653,9.0181,17.8074,2.7544,-2.3852,-2.3852,341346501.36,1.0,329,0.0,0.0,0.0,0.0,0.0,0.0,0.0,0.0,1.14,0.0,0.0,0.0,0.0,0.0,2026-09-28,2026-09-28,2026-09-28 14:23:46
CTG,İŞ PORTFÖY FEFON SERBEST ÖZEL FON,Diğer / Belirsiz,VERIFY_ELIGIBILITY,Serbest fon; nitelikli yatırımcı / dağıtım kısıtı olabilir,True,2026-09-28,7.381,-0.9614,-0.7621,-0.1993,-3.0836,1.5801,-4.6636,-0.5278,7.2724,14.9298,2.4691,-3.0836,-3.0836,15989594.26,1.0,329,0.0,0.0,0.0,0.0,0.0,0.0,0.0,0.0,38.81,0.0,0.0,0.0,0.0,0.0,2026-09-28,2026-09-28,2026-09-28 14:23:46
CTM,İŞ PORTFÖY KEFON SERBEST ÖZEL FON,Diğer / Belirsiz,VERIFY_ELIGIBILITY,Serbest fon; nitelikli yatırımcı / dağıtım kısıtı olabilir,True,2026-09-28,6.1929,-0.9611,-0.7618,-0.1993,-3.0825,1.5803,-4.6629,-0.5262,7.2741,14.9336,2.4688,-3.0825,-3.0825,15992456.28,1.0,329,0.0,0.0,0.0,0.0,0.0,0.0,0.0,0.0,38.83,0.0,0.0,0.0,0.0,0.0,2026-09-28,2026-09-28,2026-09-28 14:23:46
CTP,İŞ PORTFÖY AAF SERBEST (DÖVİZ) ÖZEL FON,Diğer / Belirsiz,VERIFY_ELIGIBILITY,Serbest fon; nitelikli yatırımcı / dağıtım kısıtı olabilir,True,2026-09-28,63.3519,0.1142,-0.163,0.2772,0.1644,2.7246,-2.5603,4.2469,13.2167,22.0145,2.5334,-0.5259,-0.4455,573453514.63,1.0,329,0.0,0.0,0.0,7.06,0.0,0.0,0.0,0.0,6.29,0.0,0.0,0.0,0.0,0.0,2026-09-28,2026-09-28,2026-09-28 14:23:46
CTV,İŞ PORTFÖY MHA SERBEST (DÖVİZ) ÖZEL FON,Diğer / Belirsiz,VERIFY_ELIGIBILITY,Serbest fon; nitelikli yatırımcı / dağıtım kısıtı olabilir,True,2026-09-28,10.4951,-1.3363,-1.0679,-0.2684,-3.4926,1.6445,-5.1371,-0.8907,7.1921,15.2483,3.498,-3.6135,-3.6135,192051951.4,4.0,329,0.0,0.0,0.0,0.0,0.0,0.0,0.0,0.0,0.83,0.0,0.0,0.0,0.0,0.0,2026-09-28,2026-09-28,2026-09-28 14:23:46
CVA,AK PORTFÖY ÜÇÜNCÜ KAMU BORÇLANMA ARAÇLARI (TL) ÖZEL FONU,Borçlanma Araçları,VERIFY_ELIGIBILITY,Özel fon; erişim kısıtı olabilir,True,2026-09-28,4.314,0.7481,0.4254,0.3227,2.6053,3.5805,-0.9752,9.2142,21.6572,45.4047,1.3764,-0.0824,0.0,9969463327.57,1.0,329,0.0,0.0,0.0,0.0,0.0,0.0,74.21,0.4,0.01,0.0,0.0,0.0,9.01,0.0,2026-09-28,2026-09-28,2026-09-28 14:23:46
CVB,AK PORTFÖY İKİNCİ SERBEST (TL) ÖZEL FON,Diğer / Belirsiz,VERIFY_ELIGIBILITY,Serbest fon; nitelikli yatırımcı / dağıtım kısıtı olabilir,True,2026-09-28,4.3642,0.5755,0.2378,0.3377,1.9429,3.9263,-1.9834,8.2581,19.1857,42.8664,2.6245,-0.3749,0.0,2064796282.17,5.0,329,3.96,0.0,0.0,0.0,0.0,0.0,0.0,5.62,13.71,0.0,0.0,0.0,0.0,0.0,2026-09-28,2026-09-28,2026-09-28 14:23:46
CVC,AK PORTFÖY ÖPY KAR PAYI ÖDEYEN SERBEST ÖZEL FON,Diğer / Belirsiz,VERIFY_ELIGIBILITY,Serbest fon; nitelikli yatırımcı / dağıtım kısıtı olabilir,True,2026-09-28,2.989,0.7015,-0.0763,0.7778,1.8679,5.003,-3.1351,8.6444,20.8873,43.1934,4.457,-0.8528,0.0,750616203.5,2.0,329,11.27,0.0,0.0,0.0,0.0,0.0,22.66,0.0,0.78,0.0,0.0,0.0,17.23,0.0,2026-09-28,2026-09-28,2026-09-28 14:23:46
CVD,AK PORTFÖY GİFON SERBEST (DÖVİZ) ÖZEL FON,Diğer / Belirsiz,VERIFY_ELIGIBILITY,Serbest fon; nitelikli yatırımcı / dağıtım kısıtı olabilir,True,2026-09-28,64.7438,-0.0253,-0.2133,0.188,0.273,2.5587,-2.2857,4.5001,13.1848,21.3161,1.9762,-0.3499,-0.3499,1106121930.59,2.0,268,0.0,0.0,0.0,0.0,0.0,0.0,0.0,0.0,26.58,0.0,0.0,0.0,0.0,0.0,2026-09-28,2026-09-28,2026-09-28 14:23:46
CVE,AK PORTFÖY BİRİNCİ KAMU BORÇLANMA ARAÇLARI (TL) ÖZEL FONU,Borçlanma Araçları,VERIFY_ELIGIBILITY,Özel fon; erişim kısıtı olabilir,True,2026-09-28,2.8679,0.8744,-0.0132,0.8876,2.1489,4.1631,-2.0142,8.6246,21.8591,40.731,3.2182,-0.5965,-0.0007,315527599.32,1.0,329,0.0,0.0,0.0,0.0,0.0,0.0,84.24,0.0,2.71,0.0,0.0,0.0,10.49,0.0,2026-09-28,2026-09-28,2026-09-28 14:23:46
CVF,AK PORTFÖY SÜRDÜRÜLEBİLİRLİK SERBEST (TL) ÖZEL FON,Diğer / Belirsiz,VERIFY_ELIGIBILITY,Serbest fon; nitelikli yatırımcı / dağıtım kısıtı olabilir,True,2026-09-28,4.9478,0.7121,0.7107,0.0014,2.8554,3.0552,-0.1998,9.6503,22.2556,47.8164,1.2864,0.0,0.0,1023127445.13,1.0,329,0.0,0.0,0.0,0.0,0.0,0.0,0.0,20.83,4.1,0.0,0.0,0.0,3.63,0.0,2026-09-28,2026-09-28,2026-09-28 14:23:46
CYD,AK PORTFÖY 2027 SERBEST (DÖVİZ-AVRO) FON,Diğer / Belirsiz,VERIFY_ELIGIBILITY,Serbest fon; nitelikli yatırımcı / dağıtım kısıtı olabilir,True,2026-09-28,58.1793,-0.3223,-0.6168,0.2945,-0.4802,2.9952,-3.4754,5.2924,9.9459,17.5352,3.7107,-1.3442,-1.155,1446864084.74,404.0,329,0.0,0.0,0.0,0.0,0.0,0.0,0.0,0.0,0.0,0.0,0.0,0.0,0.0,0.0,2026-09-28,2026-09-28,2026-09-28 14:23:46
DA1,A1 CAPİTAL PORTFÖY SERBEST (DÖVİZ) FON,Diğer / Belirsiz,VERIFY_ELIGIBILITY,Serbest fon; nitelikli yatırımcı / dağıtım kısıtı olabilir,True,2026-09-28,48.785,0.1601,-0.0927,0.2528,-0.4805,1.1375,-1.618,1.945,8.9081,17.7381,3.6242,-1.1277,-0.899,5031639.21,34.0,263,0.0,0.0,0.0,0.0,0.0,0.0,0.0,0.0,0.0,0.0,0.0,0.0,0.0,0.0,2026-09-28,2026-09-28,2026-09-28 14:23:46
DAC,DENİZ PORTFÖY BORİS SERBEST (DÖVİZ) ÖZEL FON,Diğer / Belirsiz,VERIFY_ELIGIBILITY,Serbest fon; nitelikli yatırımcı / dağıtım kısıtı olabilir,True,2026-09-28,73.8065,0.0293,-0.1978,0.2271,0.2202,2.7284,-2.5082,4.4503,13.2816,22.5775,2.279,-0.4355,-0.4012,524200088.76,1.0,329,0.0,0.0,0.0,0.0,0.0,0.0,0.0,0.0,2.26,0.0,0.0,0.0,0.0,0.0,2026-09-28,2026-09-28,2026-09-28 14:23:46
DAE,DENİZ PORTFÖY ARBAU HİSSE SENEDİ SERBEST ÖZEL FON (HİSSE SENEDİ YOĞUN FON),Hisse Senedi,VERIFY_ELIGIBILITY,Serbest fon; nitelikli yatırımcı / dağıtım kısıtı olabilir,True,2026-09-28,1.2512,-39.782,-25.4695,-14.3125,-54.883,6.3462,-61.2293,-47.2614,-31.9876,-34.4882,83.9594,-57.2145,-57.2145,469471547.42,1.0,329,102.76,0.0,0.0,0.0,0.0,0.0,0.0,0.0,0.0,0.0,0.0,0.0,0.0,0.0,2026-09-28,2026-09-28,2026-09-28 14:23:46
DAI,DENİZ PORTFÖY ARTI SERBEST (DÖVİZ) ÖZEL FON,Diğer / Belirsiz,VERIFY_ELIGIBILITY,Serbest fon; nitelikli yatırımcı / dağıtım kısıtı olabilir,True,2026-09-28,97.1697,-0.0254,-0.3306,0.3052,0.1116,2.6272,-2.5156,4.1386,13.2831,21.7679,2.2911,-0.5487,-0.5091,371289399.41,4.0,329,0.0,0.0,0.0,0.0,0.0,0.0,0.0,0.0,0.75,0.0,0.0,0.0,0.0,0.0,2026-09-28,2026-09-28,2026-09-28 14:23:46
DAL,DENİZ PORTFÖY SU SERBEST (DÖVİZ) ÖZEL FON,Diğer / Belirsiz,VERIFY_ELIGIBILITY,Serbest fon; nitelikli yatırımcı / dağıtım kısıtı olabilir,True,2026-09-28,71.3678,-0.4025,-0.3801,-0.0224,-2.2076,4.0484,-6.2561,0.6025,12.6591,20.0314,8.1267,-2.4128,-2.2369,690862245.85,1.0,329,0.0,0.0,0.0,0.0,0.0,0.0,0.0,0.0,0.04,0.0,0.0,0.0,0.0,0.0,2026-09-28,2026-09-28,2026-09-28 14:23:46
DAS,DENİZ PORTFÖY ONİKİNCİ SERBEST (DÖVİZ) FON,Diğer / Belirsiz,VERIFY_ELIGIBILITY,Serbest fon; nitelikli yatırımcı / dağıtım kısıtı olabilir,True,2026-09-28,56.4576,0.4389,0.4394,-0.0004,1.7907,1.868,-0.0773,5.6843,12.4018,22.4345,1.1636,0.0,0.0,106254804157.09,24434.0,329,0.0,0.0,0.0,0.0,0.0,0.0,0.0,0.0,5.71,0.0,0.0,0.0,6.93,0.0,2026-09-28,2026-09-28,2026-09-28 14:23:46
DAT,DENİZ PORTFÖY ARMUT SERBEST (DÖVİZ) ÖZEL FON,Diğer / Belirsiz,VERIFY_ELIGIBILITY,Serbest fon; nitelikli yatırımcı / dağıtım kısıtı olabilir,True,2026-09-28,99.8481,0.0374,-0.0604,0.0978,0.7357,2.5498,-1.8141,5.1317,13.7664,24.5764,1.7403,-0.2453,-0.2272,229254444.36,6.0,329,0.0,0.0,0.0,0.0,0.0,0.0,0.0,0.0,16.71,0.0,0.0,0.0,0.0,0.0,2026-09-28,2026-09-28,2026-09-28 14:23:46
DAV,DENİZ PORTFÖY 2026 SERBEST (DÖVİZ-AVRO) FON,Diğer / Belirsiz,VERIFY_ELIGIBILITY,Serbest fon; nitelikli yatırımcı / dağıtım kısıtı olabilir,True,2026-09-28,58.4102,-0.3096,-0.6052,0.2956,-0.4447,3.0093,-3.454,5.3642,10.1263,17.0953,3.7091,-1.3241,-1.1265,1188268780.94,225.0,329,0.0,0.0,0.0,0.0,0.0,0.0,0.0,0.0,0.0,0.0,0.0,0.0,0.0,0.0,2026-09-28,2026-09-28,2026-09-28 14:23:46
DAZ,DENİZ PORTFÖY TÜRKİZ SERBEST(DÖVİZ) ÖZEL FON,Diğer / Belirsiz,VERIFY_ELIGIBILITY,Serbest fon; nitelikli yatırımcı / dağıtım kısıtı olabilir,True,2026-09-28,13.5902,0.4534,-0.1189,0.5724,0.5878,4.4452,-3.8574,6.6987,18.5097,26.309,5.7928,-1.4599,-0.4662,334956672.45,4.0,329,0.0,16.14,0.0,0.0,0.0,0.0,0.0,0.0,0.52,0.0,0.0,0.0,0.0,0.0,2026-09-28,2026-09-28,2026-09-28 14:23:46
DB2,NUROL PORTFÖY İKİNCİ KISA VADELİ SERBEST FON,Diğer / Belirsiz,VERIFY_ELIGIBILITY,Serbest fon; nitelikli yatırımcı / dağıtım kısıtı olabilir,True,2026-09-28,2.1613,0.3472,0.5832,-0.236,2.2481,2.7726,-0.5245,8.5098,20.9302,46.3066,1.6157,-0.1748,0.0,6699595.56,12.0,329,0.0,0.0,0.0,0.0,0.0,0.0,0.0,16.71,0.0,0.0,0.0,0.0,0.0,0.0,2026-09-28,2026-09-28,2026-09-28 14:23:46
DBG,DENİZ PORTFÖY BEYAZ SERBEST ÖZEL FONU,Diğer / Belirsiz,VERIFY_ELIGIBILITY,Serbest fon; nitelikli yatırımcı / dağıtım kısıtı olabilir,True,2026-09-28,0.6744,1.4945,0.0152,1.4793,1.2816,6.413,-5.1314,9.3772,28.9737,34.6443,7.6725,-1.8097,-0.5226,2728440261.22,4.0,329,0.0,76.71,0.0,0.0,0.0,0.0,0.0,0.0,22.62,0.0,0.0,0.0,0.0,0.0,2026-09-28,2026-09-28,2026-09-28 14:23:46
DBZ,DENİZ PORTFÖY ÖZEL SEKTÖR BORÇLANMA ARAÇLARI FONU,Borçlanma Araçları,VERIFY_ELIGIBILITY,Özel fon; erişim kısıtı olabilir,True,2026-09-28,0.146,0.6799,0.7098,-0.0298,2.8118,2.9193,-0.1075,9.3206,21.2784,46.4242,1.2973,0.0,0.0,671835358.16,2785.0,329,0.0,0.0,0.0,0.0,0.0,0.0,0.0,38.33,0.0,0.0,0.0,0.0,7.46,0.0,2026-09-28,2026-09-28,2026-09-28 14:23:46
DCD,DENİZ PORTFÖY SKA SERBEST (DÖVİZ) ÖZEL FON,Diğer / Belirsiz,VERIFY_ELIGIBILITY,Serbest fon; nitelikli yatırımcı / dağıtım kısıtı olabilir,True,2026-09-28,66.7711,0.1668,-0.3168,0.4835,0.5175,2.4253,-1.9078,4.5058,12.3555,21.357,2.3991,-0.5346,-0.2303,252606814.83,1.0,329,0.0,1.38,0.0,1.61,0.0,0.0,0.0,0.0,0.0,0.0,0.0,0.0,0.0,0.0,2026-09-28,2026-09-28,2026-09-28 14:23:46
DCE,DENİZ PORTFÖY BAKHAM SERBEST (DÖVİZ) ÖZEL FON,Diğer / Belirsiz,VERIFY_ELIGIBILITY,Serbest fon; nitelikli yatırımcı / dağıtım kısıtı olabilir,True,2026-09-28,75.0019,0.143,-0.011,0.154,0.6795,2.731,-2.0515,4.8202,14.5255,26.3901,2.2051,-0.3456,-0.3456,1304987850.92,3.0,329,0.0,0.0,0.0,0.0,0.0,0.0,0.0,0.0,2.58,0.0,0.0,0.0,0.0,0.0,2026-09-28,2026-09-28,2026-09-28 14:23:46
DCP,YAPI KREDİ PORTFÖY CÖMERT SERBEST (DÖVİZ) ÖZEL FON,Diğer / Belirsiz,VERIFY_ELIGIBILITY,Serbest fon; nitelikli yatırımcı / dağıtım kısıtı olabilir,True,2026-09-28,69.9774,-0.9354,-2.631,1.6956,-2.9952,2.7674,-5.7626,-1.8796,4.691,11.7023,7.0783,-3.796,-3.796,244030793.64,3.0,329,0.0,2.04,0.0,0.0,0.0,0.0,0.0,0.0,2.52,0.0,0.0,0.0,0.0,0.0,2026-09-28,2026-09-28,2026-09-28 14:23:46
DCV,DENİZ PORTFÖY KAR PAYI ÖDEYEN SERBEST (DÖVİZ) FON,Diğer / Belirsiz,VERIFY_ELIGIBILITY,Serbest fon; nitelikli yatırımcı / dağıtım kısıtı olabilir,True,2026-09-28,48.568,0.4307,0.4374,-0.0066,1.3418,1.7428,-0.401,4.5845,13.9468,24.0316,1.7925,-0.3202,0.0,38337958.12,23.0,288,0.0,0.0,0.0,0.0,0.0,0.0,0.0,0.0,0.0,0.0,0.0,0.0,0.0,0.0,2026-09-28,2026-09-28,2026-09-28 14:23:46
DDA,DENİZ PORTFÖY BANKACILIK SEKTÖRÜ HİSSE SENEDİ SERBEST FON (HİSSE SENEDİ YOĞUN FON),Bankacılık / Finans,VERIFY_ELIGIBILITY,Serbest fon; nitelikli yatırımcı / dağıtım kısıtı olabilir,True,2026-09-28,12.6867,-0.7532,-3.4196,2.6664,-2.2655,11.1081,-13.3736,-10.0227,4.5493,-1.3752,49.86,-19.3754,-10.0227,230874176.69,948.0,329,94.21,0.0,0.0,0.0,0.0,0.0,0.0,0.0,0.0,0.0,0.0,0.0,0.0,0.0,2026-09-28,2026-09-28,2026-09-28 14:23:46
DDC,DENİZ PORTFÖY GÜN DOĞUSU HİSSE SENEDİ SERBEST (TL) FON (HİSSE SENEDİ YOĞUN FON),Hisse Senedi,VERIFY_ELIGIBILITY,Serbest fon; nitelikli yatırımcı / dağıtım kısıtı olabilir,True,2026-09-28,3.0583,-38.4698,-32.2593,-6.2105,-75.3175,-16.2594,-59.0581,-75.1365,-52.6159,-26.1337,57.6767,-83.1286,-83.1286,832497162.3,11.0,329,90.41,0.0,0.0,0.0,0.0,0.0,0.0,0.0,9.34,0.0,0.0,0.0,0.0,0.0,2026-09-28,2026-09-28,2026-09-28 14:23:46
DDE,DENİZ PORTFÖY BADE SERBEST (DÖVİZ) ÖZEL FON,Diğer / Belirsiz,VERIFY_ELIGIBILITY,Serbest fon; nitelikli yatırımcı / dağıtım kısıtı olabilir,True,2026-09-28,75.9406,-0.2311,-0.2413,0.0102,-0.1534,2.4547,-2.6081,2.4804,12.212,16.4989,4.2677,-1.3689,-0.9527,418817952.65,1.0,329,0.84,13.05,0.0,0.0,0.0,0.0,0.0,0.0,15.67,0.0,0.0,0.0,0.0,0.0,2026-09-28,2026-09-28,2026-09-28 14:23:46
DDF,DENİZ PORTFÖY DİNAMO HİSSE SENEDİ SERBEST (TL) FON (HİSSE SENEDİ YOĞUN FON),Hisse Senedi,VERIFY_ELIGIBILITY,Serbest fon; nitelikli yatırımcı / dağıtım kısıtı olabilir,True,2026-09-28,12.789,2.8861,-4.2046,7.0907,-1.5118,9.5051,-11.0169,15.296,40.9373,43.6108,38.7985,-9.9303,-2.0858,82367674.9,441.0,329,93.42,0.0,0.0,0.0,0.0,0.0,0.0,0.0,0.0,0.0,0.0,0.0,0.0,0.0,2026-09-28,2026-09-28,2026-09-28 14:23:46
DDP,DENİZ PORTFÖY SK SERBEST (DÖVİZ) ÖZEL FON,Diğer / Belirsiz,VERIFY_ELIGIBILITY,Serbest fon; nitelikli yatırımcı / dağıtım kısıtı olabilir,True,2026-09-28,73.7452,-0.08,-0.0918,0.0118,-0.3733,2.7276,-3.1009,4.1638,11.5788,17.2336,3.8101,-0.9071,-0.9071,77140576.99,1.0,329,0.0,4.01,0.0,0.0,0.0,0.0,0.0,0.0,11.84,0.0,0.0,0.0,0.0,0.0,2026-09-28,2026-09-28,2026-09-28 14:23:46
DEF,ALLBATROSS PORTFÖY DEFNE SERBEST FON,Diğer / Belirsiz,VERIFY_ELIGIBILITY,Serbest fon; nitelikli yatırımcı / dağıtım kısıtı olabilir,True,2026-09-28,2.6955,-0.1664,-3.8641,3.6977,-3.0745,4.2497,-7.3241,0.5634,10.8258,31.1501,12.561,-4.3266,-4.0828,33053205.79,78.0,329,10.85,0.0,0.0,0.0,0.0,0.0,0.0,0.0,89.15,0.0,0.0,0.0,0.0,0.0,2026-09-28,2026-09-28,2026-09-28 14:23:46
DEI,ALLBATROSS PORTFÖY DEMİR KISA VADELİ KATILIM SERBEST (TL) FON,Katılım,VERIFY_ELIGIBILITY,Serbest fon; nitelikli yatırımcı / dağıtım kısıtı olabilir,True,2026-09-28,0.0391,0.6699,0.6744,-0.0045,2.7887,2.9746,-0.1859,9.1737,13.1775,-49.5317,1.2741,-0.0439,0.0,6767379.32,16.0,329,0.0,0.0,0.0,0.0,0.0,0.0,0.0,0.0,0.0,0.0,0.0,0.0,0.0,0.0,2026-09-28,2026-09-28,2026-09-28 14:23:46
DFD,DENİZ PORTFÖY EMTİA SERBEST FON,Diğer / Belirsiz,VERIFY_ELIGIBILITY,Serbest fon; nitelikli yatırımcı / dağıtım kısıtı olabilir,True,2026-09-28,2.7353,-1.047,-0.4334,-0.6136,-1.1534,8.3067,-9.4601,11.0523,13.3732,36.8,6.5924,-2.5,-2.5,143369068.18,419.0,329,0.0,50.87,0.0,16.22,6.95,0.0,0.0,0.0,15.32,0.0,0.0,0.0,0.0,0.0,2026-09-28,2026-09-28,2026-09-28 14:23:46
DFI,ATLAS PORTFÖY SERBEST FON,Diğer / Belirsiz,VERIFY_ELIGIBILITY,Serbest fon; nitelikli yatırımcı / dağıtım kısıtı olabilir,True,2026-09-28,0.0,-100.0,-46.8582,-53.1418,-100.0,9.5646,-109.5646,-100.0,-100.0,-100.0,444.0551,-100.0,-100.0,0.01,47645.0,329,,,,,,,,,,,,,,,2026-09-28,2026-09-28,2026-09-28 14:23:46
DFO,AZİMUT PORTFÖY DLS SERBEST ÖZEL FON,Diğer / Belirsiz,VERIFY_ELIGIBILITY,Serbest fon; nitelikli yatırımcı / dağıtım kısıtı olabilir,True,2026-09-28,4.0063,1.8571,-3.3323,5.1894,-0.036,5.1372,-5.1732,8.5953,23.1713,59.6407,16.057,-4.6199,-1.7713,1186398027.44,3.0,329,52.34,0.0,0.0,0.0,0.0,0.0,0.0,0.0,37.73,0.0,0.0,0.0,0.0,0.0,2026-09-28,2026-09-28,2026-09-28 14:23:46
DHI,PARDUS PORTFÖY DOKUZUNCU HİSSE SENEDİ SERBEST (TL) FON (HİSSE SENEDİ YOĞUN FON),Hisse Senedi,VERIFY_ELIGIBILITY,Serbest fon; nitelikli yatırımcı / dağıtım kısıtı olabilir,True,2026-09-28,0.2482,-13.2429,-34.437,21.1942,-54.3805,1.5228,-55.9033,-61.2336,-93.8991,-97.1012,83.3678,-63.8857,-62.7073,1312079705.97,46.0,329,100.0,0.0,0.0,0.0,0.0,0.0,0.0,0.0,0.0,0.0,0.0,0.0,0.0,0.0,2026-09-28,2026-09-28,2026-09-28 14:23:46
DHP,DENİZ PORTFÖY PERİFER HİSSE SENEDİ SERBEST ÖZEL FON (HİSSE SENEDİ YOĞUN FON),Hisse Senedi,VERIFY_ELIGIBILITY,Serbest fon; nitelikli yatırımcı / dağıtım kısıtı olabilir,True,2026-09-28,3.0662,-8.189,-28.2462,20.0571,-33.6913,24.135,-57.8263,-16.6854,-19.3137,-11.6509,75.9577,-39.8284,-35.4855,5787390.87,1.0,280,78.03,0.0,0.0,0.0,0.0,0.0,0.0,0.0,0.0,0.0,0.0,0.0,0.0,0.0,2026-09-28,2026-09-28,2026-09-28 14:23:46
DHS,DENİZ PORTFÖY CC HİSSE SENEDİ SERBEST ÖZEL FON (HİSSE SENEDİ YOĞUN FON),Hisse Senedi,VERIFY_ELIGIBILITY,Serbest fon; nitelikli yatırımcı / dağıtım kısıtı olabilir,True,2026-09-28,216.9714,-17.1536,-25.0904,7.9368,-35.5543,34.128,-69.6823,-26.2356,-27.2645,10.1015,87.1306,-40.9203,-40.9203,2865180966.39,1.0,329,127.83,0.0,0.0,0.0,0.0,0.0,0.0,0.0,0.0,0.0,0.0,0.0,0.0,0.0,2026-09-28,2026-09-28,2026-09-28 14:23:46
DHV,DENİZ PORTFÖY BİRİNCİ HİSSE SENEDİ SERBEST (TL) FON (HİSSE SENEDİ YOĞUN FON),Hisse Senedi,VERIFY_ELIGIBILITY,Serbest fon; nitelikli yatırımcı / dağıtım kısıtı olabilir,True,2026-09-28,2.2761,16.7303,-19.8339,36.5642,-20.5753,16.2749,-36.8502,-7.2342,18.3754,,90.3265,-37.1285,-23.3674,344533383.94,456.0,210,127.31,0.0,0.0,0.0,0.0,0.0,0.0,0.0,0.0,0.0,0.0,0.0,0.0,0.0,2026-09-28,2026-09-28,2026-09-28 14:23:46
DIH,DENİZ PORTFÖY İKİNCİ HİSSE SENEDİ SERBEST (TL) FON (HİSSE SENEDİ YOĞUN FON),Hisse Senedi,VERIFY_ELIGIBILITY,Serbest fon; nitelikli yatırımcı / dağıtım kısıtı olabilir,True,2026-09-28,2.9464,2.8373,-3.2865,6.1238,17.0396,41.4794,-24.4397,71.8402,30.7119,,109.6101,-17.6034,-5.2944,224682741.76,11.0,200,100.0,0.0,0.0,0.0,0.0,0.0,0.0,0.0,0.0,0.0,0.0,0.0,0.0,0.0,2026-09-28,2026-09-28,2026-09-28 14:23:46
DIM,DENİZ PORTFÖY İMRAL SERBEST (DÖVİZ) ÖZEL FON,Diğer / Belirsiz,VERIFY_ELIGIBILITY,Serbest fon; nitelikli yatırımcı / dağıtım kısıtı olabilir,True,2026-09-28,48.2909,2.1232,-6.8883,9.0115,-4.2219,2.6976,-6.9195,-0.3881,2.375,10.2376,15.9782,-6.9191,-4.9428,110465844.23,1.0,329,0.0,0.0,0.0,0.0,0.0,0.0,0.0,0.0,15.48,0.0,0.0,0.0,0.0,0.0,2026-09-28,2026-09-28,2026-09-28 14:23:46
DK1,KUVEYT TÜRK PORTFÖY DÜNYA KATILIM BANKASI KISA VADELİ KATILIM SERBEST FON,Bankacılık / Finans,VERIFY_ELIGIBILITY,Serbest fon; nitelikli yatırımcı / dağıtım kısıtı olabilir,True,2026-09-28,1.5332,0.6528,0.6671,-0.0143,2.6898,2.7918,-0.102,8.8818,19.9321,43.8691,1.2211,0.0,0.0,3528532249.32,72.0,293,0.0,0.0,0.0,0.0,0.0,0.0,0.0,0.0,0.0,0.0,0.0,0.0,0.0,0.0,2026-09-28,2026-09-28,2026-09-28 14:23:46
DK8,DENİZ PORTFÖY KAR PAYI ÖDEYEN SEKİZİNCİ SERBEST (DÖVİZ) FON,Diğer / Belirsiz,VERIFY_ELIGIBILITY,Serbest fon; nitelikli yatırımcı / dağıtım kısıtı olabilir,True,2026-09-28,48.8466,0.4668,0.0556,0.4113,1.4609,2.1938,-0.733,5.5278,12.8542,25.6324,1.8741,-0.3229,0.0,3039868113.23,200.0,318,0.0,0.0,0.0,0.0,0.0,0.0,0.0,0.0,0.0,0.0,0.0,0.0,0.0,0.0,2026-09-28,2026-09-28,2026-09-28 14:23:46
DKA,DENİZ PORTFÖY KAR PAYI ÖDEYEN DOKUZUNCU SERBEST (DÖVİZ) FON,Diğer / Belirsiz,VERIFY_ELIGIBILITY,Serbest fon; nitelikli yatırımcı / dağıtım kısıtı olabilir,True,2026-09-28,48.5743,0.4062,-0.2212,0.6274,0.4803,2.0169,-1.5366,4.173,13.2817,17.0136,1.5076,-0.3253,0.0,2476259846.78,239.0,329,0.0,0.0,0.0,0.0,0.0,0.0,0.0,0.0,0.0,0.0,0.0,0.0,0.0,0.0,2026-09-28,2026-09-28,2026-09-28 14:23:46
DKC,DENİZ PORTFÖY İKİNCİ SERBEST FON,Diğer / Belirsiz,VERIFY_ELIGIBILITY,Serbest fon; nitelikli yatırımcı / dağıtım kısıtı olabilir,True,2026-09-28,0.6163,0.3248,0.6408,-0.316,1.3137,3.2813,-1.9676,1.3592,-3.5839,,2.6415,-5.6864,-0.0088,10827838.58,12.0,174,60.24,0.0,0.0,0.0,0.0,0.0,0.0,0.0,14.45,0.0,0.0,0.0,0.0,0.0,2026-09-28,2026-09-28,2026-09-28 14:23:46
DKL,DENİZ PORTFÖY BİRİNCİ KATILIM SERBEST (DÖVİZ) FON,Katılım,VERIFY_ELIGIBILITY,Serbest fon; nitelikli yatırımcı / dağıtım kısıtı olabilir,True,2026-09-28,51.7053,0.3642,0.2842,0.08,1.4541,2.0627,-0.6085,5.3873,12.7581,21.7579,1.2715,-0.0385,0.0,378124754.14,101.0,329,0.0,0.0,0.0,0.0,0.0,0.0,0.0,0.0,0.0,0.0,0.0,0.0,0.0,0.0,2026-09-28,2026-09-28,2026-09-28 14:23:46
DKP,QNB PORTFÖY KAR PAYI ÖDEYEN DOKUZUNCU SERBEST (DÖVİZ) FON,Diğer / Belirsiz,VERIFY_ELIGIBILITY,Serbest fon; nitelikli yatırımcı / dağıtım kısıtı olabilir,True,2026-09-28,49.0022,0.4289,0.1996,0.2293,1.4967,1.5376,-0.041,4.7095,10.4117,19.8228,1.5026,-0.1823,0.0,4211248036.15,626.0,295,0.0,0.0,0.0,0.0,0.0,0.0,0.0,0.0,1.18,0.0,0.0,0.0,0.0,0.0,2026-09-28,2026-09-28,2026-09-28 14:23:46
DKR,DENİZ PORTFÖY ONDÖRDÜNCÜ SERBEST FON,Diğer / Belirsiz,VERIFY_ELIGIBILITY,Serbest fon; nitelikli yatırımcı / dağıtım kısıtı olabilir,True,2026-09-28,0.7568,0.6162,-26.2189,26.8351,-26.6313,3.0205,-29.6518,-6.1552,15.9115,7.2608,86.2817,-30.4093,-29.8865,98473532.19,930.0,329,55.73,0.0,0.0,0.0,0.0,0.0,0.0,0.0,0.0,0.0,0.0,0.0,0.0,0.0,2026-09-28,2026-09-28,2026-09-28 14:23:46
DKS,DENİZ PORTFÖY KUZEYYILDIZI SERBEST (DÖVİZ) ÖZEL FON,Diğer / Belirsiz,VERIFY_ELIGIBILITY,Serbest fon; nitelikli yatırımcı / dağıtım kısıtı olabilir,True,2026-09-28,73.4834,0.11,-0.3066,0.4165,0.4016,2.6902,-2.2886,4.6266,12.9931,24.1519,2.0901,-0.4477,-0.2941,235729498.27,2.0,329,0.0,0.0,0.0,0.0,0.0,0.0,0.0,0.0,17.02,0.0,0.0,0.0,0.0,0.0,2026-09-28,2026-09-28,2026-09-28 14:23:46
DLG,DENİZ PORTFÖY ESG SÜRDÜRÜLEBİLİRLİK SERBEST FON,Diğer / Belirsiz,VERIFY_ELIGIBILITY,Serbest fon; nitelikli yatırımcı / dağıtım kısıtı olabilir,True,2026-09-28,1.2606,-0.5204,-0.6385,0.1181,-1.3961,3.6808,-5.0769,2.7333,14.6507,5.1739,11.208,-3.367,-2.5272,4585501.26,38.0,329,0.0,66.3,0.0,0.0,0.0,0.0,0.0,0.0,13.94,0.0,0.0,0.0,0.0,0.0,2026-09-28,2026-09-28,2026-09-28 14:23:46
DLN,AURA PORTFÖY DOLUNAY SERBEST FON,Diğer / Belirsiz,VERIFY_ELIGIBILITY,Serbest fon; nitelikli yatırımcı / dağıtım kısıtı olabilir,True,2026-09-28,2.6809,0.8542,1.669,-0.8148,5.8949,6.7049,-0.81,20.0164,45.1687,72.4906,3.6558,-0.3759,0.0,550374619.8,12.0,329,0.0,0.0,0.0,0.0,0.0,0.0,0.0,0.0,0.0,0.0,0.0,0.0,0.0,0.0,2026-09-28,2026-09-28,2026-09-28 14:23:46
DLZ,DENİZ PORTFÖY ALİZE HİSSE SENEDİ SERBEST (TL) FON (HİSSE SENEDİ YOĞUN FON),Hisse Senedi,VERIFY_ELIGIBILITY,Serbest fon; nitelikli yatırımcı / dağıtım kısıtı olabilir,True,2026-09-28,0.5161,0.4187,0.316,0.1027,1.7701,2.3251,-0.555,-40.3467,-61.7737,-87.8733,2.3825,-43.2836,-40.3467,11002435.36,39.0,329,75.02,0.0,0.0,0.0,0.0,0.0,0.0,0.0,0.0,0.0,0.0,0.0,0.0,0.0,2026-09-28,2026-09-28,2026-09-28 14:23:46
DMI,İŞ PORTFÖY DM HİSSE SENEDİ ÖZEL FON (HİSSE SENEDİ YOĞUN FON),Hisse Senedi,VERIFY_ELIGIBILITY,Özel fon; erişim kısıtı olabilir,True,2026-09-28,0.9826,0.2787,-4.5723,4.851,-3.646,,,,,,28.2752,-7.9218,-4.3064,932359281.32,1.0,28,87.1,0.0,0.0,0.0,0.0,0.0,0.0,0.0,0.0,0.0,0.0,0.0,12.9,0.0,2026-09-28,2026-09-28,2026-09-28 14:23:46
DMV,DENİZ PORTFÖY SMART SERBEST (DÖVİZ) ÖZEL FON,Diğer / Belirsiz,VERIFY_ELIGIBILITY,Serbest fon; nitelikli yatırımcı / dağıtım kısıtı olabilir,True,2026-09-28,70.8976,0.1294,-0.773,0.9024,-0.501,3.299,-3.8,4.0709,12.756,22.8317,3.6318,-1.0704,-0.9424,340759836.28,2.0,329,0.0,0.0,0.0,0.0,0.0,0.0,0.0,0.0,16.27,0.0,0.0,0.0,0.0,0.0,2026-09-28,2026-09-28,2026-09-28 14:23:46
DMZ,DENİZ PORTFÖY ZEYTİN SERBEST (DÖVİZ) ÖZEL FON,Diğer / Belirsiz,VERIFY_ELIGIBILITY,Serbest fon; nitelikli yatırımcı / dağıtım kısıtı olabilir,True,2026-09-28,65.4783,0.0049,-0.0088,0.0137,0.6393,2.6019,-1.9626,4.808,13.7638,23.444,2.2018,-0.6661,-0.4414,654783393.52,5.0,329,0.0,6.75,0.0,0.43,0.0,0.0,0.0,0.0,0.25,0.0,0.0,0.0,0.0,0.0,2026-09-28,2026-09-28,2026-09-28 14:23:46
DNA,DENİZ PORTFÖY ANATOLİA HİSSE SENEDİ SERBEST ÖZEL FON (HİSSE SENEDİ YOĞUN FON),Hisse Senedi,VERIFY_ELIGIBILITY,Serbest fon; nitelikli yatırımcı / dağıtım kısıtı olabilir,True,2026-09-28,4.7696,-14.28,-16.6815,2.4014,-56.331,-45.8981,-10.433,-62.5894,-39.0184,6.1987,18.2763,-79.4526,-79.4526,824817954.2,5.0,329,76.43,0.0,0.0,0.0,0.0,0.0,0.0,0.0,0.0,0.0,0.0,0.0,0.0,0.0,2026-09-28,2026-09-28,2026-09-28 14:23:46
DNH,DENİZ PORTFÖY İNŞAAT SEKTÖRÜ HİSSE SENEDİ SERBEST (TL) FON (HİSSE SENEDİ YOĞUN FON),Hisse Senedi,VERIFY_ELIGIBILITY,Serbest fon; nitelikli yatırımcı / dağıtım kısıtı olabilir,True,2026-09-28,1.1008,2.0791,-8.6623,10.7414,-7.4052,7.5404,-14.9456,-3.8855,3.0878,,30.158,-10.6462,-8.068,12578026.25,53.0,249,92.49,0.0,0.0,0.0,0.0,0.0,0.0,0.0,0.0,0.0,0.0,0.0,0.0,0.0,2026-09-28,2026-09-28,2026-09-28 14:23:46
DNK,TACİRLER PORTFÖY DENGE KATILIM SERBEST FON,Katılım,VERIFY_ELIGIBILITY,Serbest fon; nitelikli yatırımcı / dağıtım kısıtı olabilir,True,2026-09-28,1.6193,0.9488,-7.4365,8.3853,-9.1324,9.3001,-18.4325,-2.224,-2.1246,29.3072,28.1908,-10.767,-9.1324,612995630.35,114.0,329,89.7,0.0,0.0,0.0,0.0,0.0,0.0,0.0,0.0,5.52,0.0,0.0,0.0,0.0,2026-09-28,2026-09-28,2026-09-28 14:23:46
DNL,DENİZ PORTFÖY NEKO SERBEST (DÖVİZ) ÖZEL FON,Diğer / Belirsiz,VERIFY_ELIGIBILITY,Serbest fon; nitelikli yatırımcı / dağıtım kısıtı olabilir,True,2026-09-28,56.59,0.2834,0.1584,0.125,1.1893,1.9706,-0.7813,4.9398,12.1243,22.2602,1.394,-0.0702,-0.019,225494645.25,1.0,329,0.0,0.0,0.0,0.0,0.0,0.0,0.0,0.0,21.5,0.0,0.0,0.0,0.0,0.0,2026-09-28,2026-09-28,2026-09-28 14:23:46
DNM,QNB PORTFÖY DİNAMİK DAĞILIMLI SERBEST (DÖVİZ) FON,Diğer / Belirsiz,VERIFY_ELIGIBILITY,Serbest fon; nitelikli yatırımcı / dağıtım kısıtı olabilir,True,2026-09-28,53.3141,0.0894,0.7454,-0.656,0.0426,4.7235,-4.6809,6.8976,14.1308,24.221,7.7015,-1.5997,-0.5806,1416309303.93,991.0,329,0.0,5.14,0.0,0.0,0.0,0.0,0.0,0.0,7.96,0.0,0.0,0.0,1.28,0.0,2026-09-28,2026-09-28,2026-09-28 14:23:46
DNU,DENİZ PORTFÖY KAR PAYI ÖDEYEN ONBEŞİNCİ SERBEST (DÖVİZ) FON,Diğer / Belirsiz,VERIFY_ELIGIBILITY,Serbest fon; nitelikli yatırımcı / dağıtım kısıtı olabilir,True,2026-09-28,48.4874,0.448,0.4546,-0.0066,1.3236,1.7843,-0.4607,4.6552,9.6318,,1.5078,-0.2949,0.0,39861745.55,15.0,182,0.0,0.0,0.0,0.0,0.0,0.0,0.0,0.0,0.0,0.0,0.0,0.0,0.0,0.0,2026-09-28,2026-09-28,2026-09-28 14:23:46
DOC,DENİZ PORTFÖY KAR PAYI ÖDEYEN ONİKİNCİ SERBEST (DÖVIZ) FON,Diğer / Belirsiz,VERIFY_ELIGIBILITY,Serbest fon; nitelikli yatırımcı / dağıtım kısıtı olabilir,True,2026-09-28,48.3858,0.3058,-0.4842,0.7901,0.4403,1.745,-1.3047,3.4726,10.7404,22.3462,2.2905,-0.5599,-0.2158,4939862247.33,173.0,326,0.0,0.0,0.0,0.0,0.0,0.0,0.0,0.0,0.0,0.0,0.0,0.0,0.0,0.0,2026-09-28,2026-09-28,2026-09-28 14:23:46
DOD,AZİMUT PORTFÖY 14.0 SERBEST (DÖVİZ) FON,Diğer / Belirsiz,VERIFY_ELIGIBILITY,Serbest fon; nitelikli yatırımcı / dağıtım kısıtı olabilir,True,2026-09-28,70.9697,0.1919,-0.1997,0.3916,0.7015,3.2129,-2.5114,5.7442,14.5007,27.5676,2.6121,-0.4494,-0.2867,13599980590.91,158.0,329,0.0,4.06,0.0,0.03,0.01,0.0,0.0,0.0,0.22,0.0,0.0,0.0,0.0,0.0,2026-09-28,2026-09-28,2026-09-28 14:23:46
DOH,TERA PORTFÖY DÖRDÜNCÜ HİSSE SENEDİ SERBEST (TL) FON (HİSSE SENEDİ YOĞUN FON),Hisse Senedi,VERIFY_ELIGIBILITY,Serbest fon; nitelikli yatırımcı / dağıtım kısıtı olabilir,True,2026-09-28,0.0,-100.0,-36.2345,-63.7655,-100.0,28.4895,-128.4895,-100.0,-100.0,-100.0,410.0368,-100.0,-100.0,0.0,43813.0,329,,,,,,,,,,,,,,,2026-09-28,2026-09-28,2026-09-28 14:23:46
DOL,AKTİF PORTFÖY ÜÇÜNCÜ AKTİF SERBEST (DÖVİZ) FON,Diğer / Belirsiz,VERIFY_ELIGIBILITY,Serbest fon; nitelikli yatırımcı / dağıtım kısıtı olabilir,True,2026-09-28,53.9654,0.4151,0.4178,-0.0027,1.6893,1.8986,-0.2093,5.5525,12.4808,22.4071,1.1694,-0.0192,0.0,5514055108.95,329.0,329,0.0,0.0,0.0,0.0,0.0,0.0,0.0,0.0,2.53,0.0,0.0,0.0,10.47,0.0,2026-09-28,2026-09-28,2026-09-28 14:23:46
DOR,AZİMUT PORTFÖY OKSİJEN SERBEST (DÖVİZ) ÖZEL FON,Diğer / Belirsiz,VERIFY_ELIGIBILITY,Serbest fon; nitelikli yatırımcı / dağıtım kısıtı olabilir,True,2026-09-28,73.9274,-0.0283,-0.1556,0.1274,0.0582,3.4526,-3.3943,4.8,16.4246,26.739,3.5127,-0.7646,-0.7061,532429955.26,1.0,329,0.0,3.92,0.0,0.0,0.0,0.0,0.0,0.0,12.29,0.0,0.0,0.0,6.41,0.0,2026-09-28,2026-09-28,2026-09-28 14:23:46
DOS,DENİZ PORTFÖY OLMİ SERBEST (DÖVİZ) ÖZEL FON,Diğer / Belirsiz,VERIFY_ELIGIBILITY,Serbest fon; nitelikli yatırımcı / dağıtım kısıtı olabilir,True,2026-09-28,69.0055,0.2041,-0.4293,0.6335,0.812,2.0794,-1.2674,0.9942,9.5432,20.0576,2.4833,-2.7685,-0.2312,2095773462.51,3.0,329,0.0,0.0,0.0,0.0,0.0,0.0,0.0,0.0,0.07,0.0,0.0,0.0,0.0,0.0,2026-09-28,2026-09-28,2026-09-28 14:23:46
DOV,DENİZ PORTFÖY ONÜÇÜNCÜ SERBEST (DÖVİZ-AVRO) FON,Diğer / Belirsiz,VERIFY_ELIGIBILITY,Serbest fon; nitelikli yatırımcı / dağıtım kısıtı olabilir,True,2026-09-28,60.8859,-0.3195,-0.6161,0.2966,-0.4862,2.9846,-3.4708,5.2626,9.8331,17.1791,3.6954,-1.3424,-1.149,64650000040.5,16683.0,329,0.0,0.0,0.0,0.0,0.0,0.0,0.0,0.0,1.62,0.0,0.0,0.0,1.19,0.0,2026-09-28,2026-09-28,2026-09-28 14:23:46
DP1,DENİZ PORTFÖY DELTA SERBEST ÖZEL FON,Diğer / Belirsiz,VERIFY_ELIGIBILITY,Serbest fon; nitelikli yatırımcı / dağıtım kısıtı olabilir,True,2026-09-28,17.5152,-0.079,-3.9271,3.848,-3.7641,4.1857,-7.9498,-4.0029,6.6903,12.452,19.1437,-5.0301,-4.138,4984414106.94,7.0,329,55.91,0.0,0.0,0.0,0.0,0.0,0.0,0.0,1.94,0.0,0.0,0.0,0.0,0.0,2026-09-28,2026-09-28,2026-09-28 14:23:46
DP2,DENİZ PORTFÖY ÖZER SERBEST (DÖVİZ) ÖZEL FON,Diğer / Belirsiz,VERIFY_ELIGIBILITY,Serbest fon; nitelikli yatırımcı / dağıtım kısıtı olabilir,True,2026-09-28,67.0811,0.1813,-0.5803,0.7616,0.4259,2.344,-1.9181,2.9278,11.4745,20.1551,2.5663,-0.7845,-0.48,376413076.44,11.0,329,0.0,0.0,0.0,0.0,0.0,0.0,0.0,0.0,1.76,0.0,0.0,0.0,0.0,0.0,2026-09-28,2026-09-28,2026-09-28 14:23:46
DP3,DENİZ PORTFÖY DUMAN SERBEST (DÖVİZ) ÖZEL FON,Diğer / Belirsiz,VERIFY_ELIGIBILITY,Serbest fon; nitelikli yatırımcı / dağıtım kısıtı olabilir,True,2026-09-28,71.1437,-0.0442,-0.1831,0.139,-0.0321,2.7802,-2.8124,4.0948,13.9291,22.9701,2.7611,-0.6123,-0.6012,332238242.12,4.0,329,0.0,0.0,0.0,0.0,0.0,0.0,0.0,0.0,0.12,0.0,0.0,0.0,0.0,0.0,2026-09-28,2026-09-28,2026-09-28 14:23:46
DP4,DENİZ PORTFÖY GİZEM SERBEST (DÖVİZ) ÖZEL FON,Diğer / Belirsiz,VERIFY_ELIGIBILITY,Serbest fon; nitelikli yatırımcı / dağıtım kısıtı olabilir,True,2026-09-28,75.8389,0.137,-0.0109,0.1479,1.0358,2.8069,-1.7711,6.1802,16.1075,29.9608,1.9299,-0.1808,-0.1808,553187170.0,3.0,329,0.0,0.0,0.0,0.0,0.0,0.0,0.0,0.0,8.76,0.0,0.0,0.0,0.0,0.0,2026-09-28,2026-09-28,2026-09-28 14:23:46
DP5,DENİZ PORTFÖY MER SERBEST (DÖVİZ) ÖZEL FON,Diğer / Belirsiz,VERIFY_ELIGIBILITY,Serbest fon; nitelikli yatırımcı / dağıtım kısıtı olabilir,True,2026-09-28,79.5961,-1.2491,-0.7996,-0.4495,-6.0023,6.1887,-12.191,-5.2653,12.1969,14.4938,16.8803,-6.6671,-6.4136,1723803462.11,1.0,329,0.0,0.0,0.0,0.0,0.0,0.0,0.0,0.0,0.0,0.0,0.0,-88.53,0.0,0.0,2026-09-28,2026-09-28,2026-09-28 14:23:46
DP7,DENİZ PORTFÖY DEMİR SERBEST (DÖVİZ) ÖZEL FON,Diğer / Belirsiz,VERIFY_ELIGIBILITY,Serbest fon; nitelikli yatırımcı / dağıtım kısıtı olabilir,True,2026-09-28,62.0885,0.1422,0.0853,0.0568,0.7921,2.2665,-1.4744,4.8685,13.0967,22.406,1.7538,-0.169,-0.169,558906816.07,3.0,329,0.0,0.92,0.0,0.0,0.0,0.0,0.0,0.0,35.85,0.0,0.0,0.0,0.0,0.0,2026-09-28,2026-09-28,2026-09-28 14:23:46
DP8,DENİZ PORTFÖY KAR PAYI ÖDEYEN ALTINCI SERBEST (DÖVİZ) FON,Altın,VERIFY_ELIGIBILITY,Serbest fon; nitelikli yatırımcı / dağıtım kısıtı olabilir,True,2026-09-28,49.1178,0.4482,0.4443,0.0038,1.4086,1.8848,-0.4762,4.9039,13.9159,25.6195,1.376,-0.332,0.0,405540528.12,49.0,328,0.0,0.0,0.0,0.0,0.0,0.0,0.0,0.0,0.0,0.0,0.0,0.0,0.0,0.0,2026-09-28,2026-09-28,2026-09-28 14:23:46
DP9,DENİZ PORTFÖY KAR PAYI ÖDEYEN YEDİNCİ SERBEST (DÖVİZ) FON,Diğer / Belirsiz,VERIFY_ELIGIBILITY,Serbest fon; nitelikli yatırımcı / dağıtım kısıtı olabilir,True,2026-09-28,48.5425,0.0402,0.0933,-0.0531,0.7295,1.7635,-1.0341,3.6031,11.2538,17.3078,1.3369,-0.5212,0.0,6134761029.3,155.0,320,0.0,0.0,0.0,0.0,0.0,0.0,0.0,0.0,0.0,0.0,0.0,0.0,0.0,0.0,2026-09-28,2026-09-28,2026-09-28 14:23:46
DPB,DENİZ PORTFÖY SERBEST (DÖVİZ) FON,Diğer / Belirsiz,VERIFY_ELIGIBILITY,Serbest fon; nitelikli yatırımcı / dağıtım kısıtı olabilir,True,2026-09-28,24.6679,-0.0355,-0.004,-0.0315,0.6299,2.9683,-2.3384,5.019,12.6133,23.1687,1.8989,-0.3278,-0.3278,8548784109.6,2748.0,329,0.0,0.0,0.0,0.0,0.0,0.0,2.01,0.0,0.07,0.0,0.0,0.0,0.0,0.0,2026-09-28,2026-09-28,2026-09-28 14:23:46
DPC,DENİZ PORTFÖY FRS SERBEST (DÖVİZ) ÖZEL FON,Diğer / Belirsiz,VERIFY_ELIGIBILITY,Serbest fon; nitelikli yatırımcı / dağıtım kısıtı olabilir,True,2026-09-28,100.5727,0.0563,-0.0594,0.1157,0.5061,2.4627,-1.9566,4.6644,12.4631,21.8808,1.8571,-0.3048,-0.3048,336144275.46,1.0,329,0.0,0.0,0.0,0.0,0.0,0.0,0.0,0.0,12.05,0.0,0.0,0.0,0.0,0.0,2026-09-28,2026-09-28,2026-09-28 14:23:46
DPE,DENİZ PORTFÖY EGE SERBEST (DÖVİZ) ÖZEL FON,Diğer / Belirsiz,VERIFY_ELIGIBILITY,Serbest fon; nitelikli yatırımcı / dağıtım kısıtı olabilir,True,2026-09-28,22.8936,-0.052,-0.2486,0.1966,-0.0733,2.8003,-2.8736,3.929,13.0814,21.4791,2.9731,-0.6759,-0.6521,1498539345.04,1.0,329,0.0,0.67,0.0,0.0,0.0,0.0,0.0,0.0,0.16,0.0,0.0,0.0,0.0,0.0,2026-09-28,2026-09-28,2026-09-28 14:23:46
DPG,DENİZ PORTFÖY REYHAN SERBEST (DÖVİZ) ÖZEL FON,Diğer / Belirsiz,VERIFY_ELIGIBILITY,Serbest fon; nitelikli yatırımcı / dağıtım kısıtı olabilir,True,2026-09-28,102.3155,0.0668,-0.116,0.1828,0.4356,2.747,-2.3115,4.5921,13.6834,23.3029,2.6769,-0.4958,-0.4958,586696684.11,2.0,329,0.0,0.06,0.0,0.0,0.37,0.0,0.0,0.0,16.24,0.0,0.0,0.0,0.0,0.0,2026-09-28,2026-09-28,2026-09-28 14:23:46
DPI,DENİZ PORTFÖY İSTATİSTİKSEL ARBİTRAJ HİSSE SENEDİ SERBEST FON (HİSSE SENEDİ YOĞUN FON),Hisse Senedi,VERIFY_ELIGIBILITY,Serbest fon; nitelikli yatırımcı / dağıtım kısıtı olabilir,True,2026-09-28,9.1651,0.6601,0.4816,0.1785,2.3876,2.92,-0.5324,8.2187,18.6697,40.183,2.2623,-0.1932,0.0,339414507.22,154.0,329,87.33,0.0,0.0,0.0,0.0,0.0,0.0,0.0,0.0,0.0,0.0,0.0,0.0,0.0,2026-09-28,2026-09-28,2026-09-28 14:23:46
DPL,DENİZ PORTFÖY NİL SERBEST (DÖVİZ) ÖZEL FON,Diğer / Belirsiz,VERIFY_ELIGIBILITY,Serbest fon; nitelikli yatırımcı / dağıtım kısıtı olabilir,True,2026-09-28,104.3301,0.2602,0.3609,-0.1007,0.9161,4.1336,-3.2175,6.2822,11.2531,20.876,2.9991,-0.6383,-0.1258,2346391605.79,1.0,329,0.0,6.3,0.0,0.0,1.63,0.0,0.0,0.0,83.29,0.0,0.0,0.0,0.0,0.0,2026-09-28,2026-09-28,2026-09-28 14:23:46
DPN,DENİZ PORTFÖY NEVA SERBEST (DÖVİZ) ÖZEL FON,Diğer / Belirsiz,VERIFY_ELIGIBILITY,Serbest fon; nitelikli yatırımcı / dağıtım kısıtı olabilir,True,2026-09-28,58.7961,0.1986,0.1902,0.0083,0.7962,0.9139,-0.1176,2.4942,4.8789,5.853,1.6353,-0.0903,-0.0535,2307158.34,1.0,329,0.0,0.0,0.0,0.0,0.0,0.0,0.0,0.0,100.0,0.0,0.0,0.0,0.0,0.0,2026-09-28,2026-09-28,2026-09-28 14:23:46
DPZ,DENİZ PORTFÖY YAZ SERBEST (DÖVİZ) ÖZEL FON,Diğer / Belirsiz,VERIFY_ELIGIBILITY,Serbest fon; nitelikli yatırımcı / dağıtım kısıtı olabilir,True,2026-09-28,84.5775,0.3,0.0628,0.2372,1.3149,2.2222,-0.9073,5.686,14.4922,23.524,1.6455,-0.1457,-0.0985,122163098.37,1.0,329,0.0,0.0,0.0,0.0,0.0,0.0,0.0,0.0,0.0,0.0,0.0,0.0,0.0,0.0,2026-09-28,2026-09-28,2026-09-28 14:23:46
DRA,NEO PORTFÖY DORA SERBEST FON,Diğer / Belirsiz,VERIFY_ELIGIBILITY,Serbest fon; nitelikli yatırımcı / dağıtım kısıtı olabilir,True,2026-09-28,1.1806,-0.4784,-5.6198,5.1414,-9.1555,3.2431,-12.3985,-5.877,4.1032,14.9253,46.7127,-15.7723,-10.39,38528335.81,35.0,329,74.39,6.79,0.0,0.0,0.0,0.0,0.0,0.0,0.0,0.0,0.0,0.0,0.0,0.0,2026-09-28,2026-09-28,2026-09-28 14:23:46
DRD,DENİZ PORTFÖY KAR PAYI ÖDEYEN ONBİRİNCİ SERBEST (DÖVİZ-AVRO) FON,Diğer / Belirsiz,VERIFY_ELIGIBILITY,Serbest fon; nitelikli yatırımcı / dağıtım kısıtı olabilir,True,2026-09-28,55.8273,-0.162,-0.718,0.556,-0.8663,3.3836,-4.25,4.5763,8.1424,15.432,4.0658,-1.4273,-1.2389,1724973664.65,149.0,326,0.0,0.0,0.0,0.0,0.0,0.0,0.0,0.0,0.0,0.0,0.0,0.0,0.0,0.0,2026-09-28,2026-09-28,2026-09-28 14:23:46
DRH,PARDUS PORTFÖY DÖRDÜNCÜ HİSSE SENEDİ SERBEST (TL) FON (HİSSE SENEDİ YOĞUN FON),Hisse Senedi,VERIFY_ELIGIBILITY,Serbest fon; nitelikli yatırımcı / dağıtım kısıtı olabilir,True,2026-09-28,1.0121,-8.3153,-28.2314,19.9161,-46.2715,20.5926,-66.8641,-30.3399,6.1913,-20.9165,73.9373,-47.0021,-47.0021,277955847.1,70.0,329,99.53,0.0,0.0,0.0,0.0,0.0,0.0,0.0,0.0,0.0,0.0,0.0,0.0,0.0,2026-09-28,2026-09-28,2026-09-28 14:23:46
DSC,DENİZ PORTFÖY RÜ SERBEST (DÖVİZ) ÖZEL FON,Diğer / Belirsiz,VERIFY_ELIGIBILITY,Serbest fon; nitelikli yatırımcı / dağıtım kısıtı olabilir,True,2026-09-28,67.4025,-0.0547,-0.3279,0.2732,-0.0375,2.7269,-2.7643,3.868,12.6039,20.9707,2.5298,-0.6056,-0.6056,1001608599.66,1.0,329,0.0,0.0,0.0,0.0,0.0,0.0,0.0,0.0,5.62,0.0,0.0,0.0,0.0,0.0,2026-09-28,2026-09-28,2026-09-28 14:23:46
DSD,DENİZ PORTFÖY İKİNCİ SERBEST (DÖVİZ_AVRO) FON,Diğer / Belirsiz,VERIFY_ELIGIBILITY,Serbest fon; nitelikli yatırımcı / dağıtım kısıtı olabilir,True,2026-09-28,71.5673,-0.683,-0.8557,0.1728,-1.6881,3.5903,-5.2785,3.9981,10.5153,19.0317,4.7437,-2.1681,-2.0823,2890680284.74,1267.0,329,0.0,0.0,0.0,0.0,0.0,0.0,0.0,0.0,0.0,0.0,0.0,0.0,0.0,0.0,2026-09-28,2026-09-28,2026-09-28 14:23:46
DSH,AK PORTFÖY DÖRDÜNCÜ SERBEST FON,Diğer / Belirsiz,VERIFY_ELIGIBILITY,Serbest fon; nitelikli yatırımcı / dağıtım kısıtı olabilir,True,2026-09-28,2.3177,0.8021,0.494,0.3081,2.8042,3.3756,-0.5714,9.5164,25.0481,46.7768,1.2612,0.0,0.0,6925584577.75,1769.0,316,0.0,0.0,0.0,0.0,0.0,0.0,47.12,1.37,26.32,0.0,0.0,-53.28,0.0,0.0,2026-09-28,2026-09-28,2026-09-28 14:23:46
DSV,DENİZ PORTFÖY 2028 SERBEST (DÖVİZ) FON,Diğer / Belirsiz,VERIFY_ELIGIBILITY,Serbest fon; nitelikli yatırımcı / dağıtım kısıtı olabilir,True,2026-09-28,49.0697,0.1882,-0.5459,0.7341,-0.9341,2.164,-3.0982,2.9696,9.5184,15.4554,2.8971,-1.3827,-1.1276,544397725.67,45.0,329,0.0,0.0,0.0,0.0,0.0,0.0,0.0,0.0,0.0,0.0,0.0,0.0,0.0,0.0,2026-09-28,2026-09-28,2026-09-28 14:23:46
DTO,DENİZ PORTFÖY KAR PAYI ÖDEYEN ONDÖRDÜNCÜ SERBEST (DÖVİZ) FON,Diğer / Belirsiz,VERIFY_ELIGIBILITY,Serbest fon; nitelikli yatırımcı / dağıtım kısıtı olabilir,True,2026-09-28,48.7122,0.4385,0.4454,-0.0069,1.4129,1.8031,-0.3902,4.8134,9.8987,18.4292,1.2917,-0.2962,0.0,121034668.86,131.0,325,0.0,0.0,0.0,0.0,0.0,0.0,0.0,0.0,0.0,0.0,0.0,0.0,0.0,0.0,2026-09-28,2026-09-28,2026-09-28 14:23:46
DTP,AZİMUT PORTFÖY ADATEPE SERBEST ÖZEL FON,Diğer / Belirsiz,VERIFY_ELIGIBILITY,Serbest fon; nitelikli yatırımcı / dağıtım kısıtı olabilir,True,2026-09-28,1.8863,1.3892,-2.4859,3.875,-1.1615,5.0057,-6.1672,4.1836,0.7581,19.7186,12.4066,-3.9811,-2.3204,1708920587.26,4.0,329,53.59,0.0,0.0,0.0,0.0,0.0,0.0,0.67,34.98,0.0,0.0,0.0,0.0,0.0,2026-09-28,2026-09-28,2026-09-28 14:23:46
DTV,DENİZ PORTFÖY CEY SERBEST (DÖVİZ) ÖZEL FON,Diğer / Belirsiz,VERIFY_ELIGIBILITY,Serbest fon; nitelikli yatırımcı / dağıtım kısıtı olabilir,True,2026-09-28,70.6234,0.1509,-0.0519,0.2027,0.7415,2.9463,-2.2048,5.4665,15.5468,27.4184,2.0128,-0.3778,-0.2596,4263930786.21,4.0,329,0.0,0.0,0.0,0.0,0.0,0.0,0.0,0.0,0.19,0.0,0.0,0.0,0.0,0.0,2026-09-28,2026-09-28,2026-09-28 14:23:46
DUC,DENİZ PORTFÖY ÜÇÜNCÜ HİSSE SENEDİ SERBEST (TL) FON (HİSSE SENEDİ YOĞUN FON),Hisse Senedi,VERIFY_ELIGIBILITY,Serbest fon; nitelikli yatırımcı / dağıtım kısıtı olabilir,True,2026-09-28,0.0008,-95.9994,-93.0843,-2.915,-99.8297,13.8139,-113.6436,-99.8555,-99.8757,,454.5385,-99.8555,-99.8555,1.4,1.0,164,,,,,,,,,,,,,,,2026-09-28,2026-09-28,2026-09-28 14:23:46
DUD,DENİZ PORTFÖY UZUN VADELİ SERBEST (DÖVİZ) FON,Diğer / Belirsiz,VERIFY_ELIGIBILITY,Serbest fon; nitelikli yatırımcı / dağıtım kısıtı olabilir,True,2026-09-28,52.283,-0.2836,-0.0907,-0.1929,-1.7844,4.1715,-5.9559,0.7759,14.173,22.1027,8.353,-2.7184,-1.9381,334077811.73,238.0,294,0.0,0.0,0.0,0.0,0.0,0.0,0.0,0.0,11.69,0.0,0.0,0.0,0.0,0.0,2026-09-28,2026-09-28,2026-09-28 14:23:46
DUH,HEDEF PORTFÖY UFUK HİSSE SENEDİ SERBEST FON (HİSSE SENEDİ YOĞUN FON),Hisse Senedi,VERIFY_ELIGIBILITY,Serbest fon; nitelikli yatırımcı / dağıtım kısıtı olabilir,True,2026-09-28,1.0554,4.4722,-8.6647,13.1369,-16.0273,52.0523,-68.0795,-14.8558,-10.352,-20.3175,51.5523,-48.9924,-33.5849,122813772.81,356.0,329,93.02,0.0,0.0,0.0,0.0,0.0,0.0,0.0,2.94,0.0,0.0,0.0,0.0,0.0,2026-09-28,2026-09-28,2026-09-28 14:23:46
DUT,DENİZ PORTFÖY KAR PAYI ÖDEYEN DÖRDÜNCÜ SERBEST (DÖVİZ) FON,Diğer / Belirsiz,VERIFY_ELIGIBILITY,Serbest fon; nitelikli yatırımcı / dağıtım kısıtı olabilir,True,2026-09-28,48.3894,0.237,0.3464,-0.1093,1.0515,1.9662,-0.9147,3.3962,9.1633,23.3391,1.4154,-0.9709,-0.0343,893607750.31,239.0,325,0.0,0.0,0.0,0.0,0.0,0.0,0.0,0.0,0.0,0.0,0.0,0.0,0.0,0.0,2026-09-28,2026-09-28,2026-09-28 14:23:46
DVC,DENİZ PORTFÖY LİYA SERBEST (DÖVİZ) ÖZEL FON,Diğer / Belirsiz,VERIFY_ELIGIBILITY,Serbest fon; nitelikli yatırımcı / dağıtım kısıtı olabilir,True,2026-09-28,69.795,0.1686,0.0348,0.1338,0.7463,2.3951,-1.6488,5.1757,13.1787,23.2156,1.624,-0.1547,-0.1148,57580868.32,1.0,329,0.0,0.0,0.0,0.0,0.0,0.0,0.0,0.0,5.31,0.0,0.0,0.0,0.0,0.0,2026-09-28,2026-09-28,2026-09-28 14:23:46
DVI,DENİZ PORTFÖY OLBA SERBEST (DÖVİZ) ÖZEL FON,Diğer / Belirsiz,VERIFY_ELIGIBILITY,Serbest fon; nitelikli yatırımcı / dağıtım kısıtı olabilir,True,2026-09-28,78.024,-0.1113,-0.3482,0.2369,-0.2445,2.748,-2.9925,4.1719,11.4073,19.1317,2.7562,-0.7989,-0.769,196846624.61,2.0,329,0.0,0.0,0.0,0.0,0.0,0.0,0.0,0.0,4.16,0.0,0.0,0.0,0.0,0.0,2026-09-28,2026-09-28,2026-09-28 14:23:46
DVN,DENİZ PORTFÖY G2B SERBEST (DÖVİZ) ÖZEL FON,Diğer / Belirsiz,VERIFY_ELIGIBILITY,Serbest fon; nitelikli yatırımcı / dağıtım kısıtı olabilir,True,2026-09-28,64.7012,-0.3215,-1.0853,0.7638,-1.7265,3.2328,-4.9593,1.4359,11.1426,18.5203,3.8296,-1.9056,-1.86,309888814.08,1.0,329,4.72,0.0,0.0,0.0,0.0,0.0,0.0,0.0,0.0,0.0,0.0,0.0,0.0,0.0,2026-09-28,2026-09-28,2026-09-28 14:23:46
DVO,DENİZ PORTFÖY BİRİNCİ SERBEST (TL) ÖZEL FON,Diğer / Belirsiz,VERIFY_ELIGIBILITY,Serbest fon; nitelikli yatırımcı / dağıtım kısıtı olabilir,True,2026-09-28,5.5136,0.6463,0.6562,-0.0098,2.6556,2.8169,-0.1613,8.6853,21.687,45.4425,1.2981,0.0,0.0,35328878.17,1.0,329,0.0,0.0,0.0,0.0,0.0,0.0,0.0,0.0,97.0,0.0,0.0,0.0,0.0,0.0,2026-09-28,2026-09-28,2026-09-28 14:23:46
DVS,DENİZ PORTFÖY KISA VADELİ SERBEST (TL) FON,Diğer / Belirsiz,VERIFY_ELIGIBILITY,Serbest fon; nitelikli yatırımcı / dağıtım kısıtı olabilir,True,2026-09-28,1.6318,0.6891,0.6805,0.0086,2.7598,3.1212,-0.3615,9.4529,21.4724,46.2876,1.2424,0.0,0.0,4345102446.11,359.0,313,0.0,0.0,0.0,0.0,0.0,0.0,3.46,2.5,0.0,0.0,0.0,0.0,46.14,0.0,2026-09-28,2026-09-28,2026-09-28 14:23:46
DVU,AZİMUT PORTFÖY 17.0 SERBEST ÖZEL FON,Diğer / Belirsiz,VERIFY_ELIGIBILITY,Serbest fon; nitelikli yatırımcı / dağıtım kısıtı olabilir,True,2026-09-28,8.8752,0.7554,-1.3942,2.1496,0.8353,6.0192,-5.1839,8.2572,21.1729,53.2083,10.9144,-2.8099,-0.6493,1393631878.27,5.0,329,32.48,0.0,0.0,4.81,0.0,0.0,6.2,3.06,18.75,0.0,0.0,0.0,0.0,0.0,2026-09-28,2026-09-28,2026-09-28 14:23:46
DVZ,DENİZ PORTFÖY EFES SERBEST (DÖVİZ) ÖZEL FON,Diğer / Belirsiz,VERIFY_ELIGIBILITY,Serbest fon; nitelikli yatırımcı / dağıtım kısıtı olabilir,True,2026-09-28,67.3698,-0.0084,-0.2642,0.2558,0.2752,2.5704,-2.2952,4.3965,13.3726,22.5103,2.2228,-0.3963,-0.3743,1415544440.07,1.0,329,0.0,0.0,0.0,0.0,0.0,0.0,0.0,0.0,3.8,0.0,0.0,0.0,0.0,0.0,2026-09-28,2026-09-28,2026-09-28 14:23:46
DYJ,DENİZ PORTFÖY KAR PAYI ÖDEYEN ÜÇÜNCÜ SERBEST (DÖVİZ) FON,Diğer / Belirsiz,VERIFY_ELIGIBILITY,Serbest fon; nitelikli yatırımcı / dağıtım kısıtı olabilir,True,2026-09-28,48.4622,0.3922,0.3351,0.0571,-0.6866,2.9293,-3.6159,3.1226,9.0474,17.1346,3.3247,-1.4525,-0.6866,1138409038.49,153.0,319,0.0,0.0,0.0,0.0,0.0,0.0,0.0,0.0,0.0,0.0,0.0,0.0,0.0,0.0,2026-09-28,2026-09-28,2026-09-28 14:23:46
DYS,DENİZ PORTFÖY SAM YELİ SERBEST FON,Diğer / Belirsiz,VERIFY_ELIGIBILITY,Serbest fon; nitelikli yatırımcı / dağıtım kısıtı olabilir,True,2026-09-28,1.7208,0.6313,0.6263,0.005,2.8463,2.7508,0.0954,8.7338,19.1745,36.1892,1.2819,0.0,0.0,19979697.68,13.0,329,0.0,0.0,0.0,0.0,0.0,0.0,0.0,0.0,7.38,0.0,0.0,0.0,0.0,0.0,2026-09-28,2026-09-28,2026-09-28 14:23:46
DZ2,DENİZ PORTFÖY İKİNCİ SERBEST ÖZEL FON,Diğer / Belirsiz,VERIFY_ELIGIBILITY,Serbest fon; nitelikli yatırımcı / dağıtım kısıtı olabilir,True,2026-09-28,1.3726,0.3594,-4.1964,4.5559,-3.4915,6.9302,-10.4217,-0.1831,1.4074,26.053,24.2606,-6.2948,-4.2497,14281855481.18,2.0,329,56.01,0.0,0.0,0.0,15.99,0.0,8.56,6.71,12.72,0.0,0.0,0.0,0.0,0.0,2026-09-28,2026-09-28,2026-09-28 14:23:46
DZM,DENİZ PORTFÖY BEŞİNCİ SERBEST (DÖVİZ) FON,Diğer / Belirsiz,VERIFY_ELIGIBILITY,Serbest fon; nitelikli yatırımcı / dağıtım kısıtı olabilir,True,2026-09-28,87.5225,-0.1546,-0.0958,-0.0588,0.3258,3.0029,-2.677,5.0079,12.6042,20.8259,2.0955,-0.4179,-0.4179,10131411954.79,3742.0,329,0.0,0.0,0.0,0.0,0.0,0.0,1.97,0.0,0.03,0.0,0.0,0.0,0.0,0.0,2026-09-28,2026-09-28,2026-09-28 14:23:46
DZP,AZİMUT PORTFÖY DENİZ SERBEST (DÖVİZ) ÖZEL FON,Diğer / Belirsiz,VERIFY_ELIGIBILITY,Serbest fon; nitelikli yatırımcı / dağıtım kısıtı olabilir,True,2026-09-28,62.1238,0.5595,0.1145,0.445,1.5867,3.2758,-1.6891,6.3387,15.6315,23.8855,3.4001,-0.7396,-0.303,468488283.79,2.0,329,0.0,13.7,0.0,0.0,0.0,0.0,0.0,0.0,0.0,0.0,0.0,0.0,0.0,0.0,2026-09-28,2026-09-28,2026-09-28 14:23:46
DZS,AK PORTFÖY DOKUZUNCU SERBEST FON,Diğer / Belirsiz,VERIFY_ELIGIBILITY,Serbest fon; nitelikli yatırımcı / dağıtım kısıtı olabilir,True,2026-09-28,2.0055,0.5071,22.5278,-22.0207,26.5896,3.9054,22.6843,36.3181,49.6536,83.4021,78.123,-0.3975,0.0,4794124.04,317.0,311,0.0,0.0,0.0,0.0,0.0,0.0,0.0,0.0,0.0,0.0,0.0,0.0,40.0,0.0,2026-09-28,2026-09-28,2026-09-28 14:23:46
EBI,EMAA BLUE PORTFÖY İKİNCİ SERBEST (DÖVİZ-AVRO) FON,Diğer / Belirsiz,VERIFY_ELIGIBILITY,Serbest fon; nitelikli yatırımcı / dağıtım kısıtı olabilir,True,2026-09-28,56.5897,-0.5073,-0.8835,0.3762,-1.5201,3.2363,-4.7563,3.8839,10.6686,,4.287,-1.9791,-1.863,809226016.51,14.0,231,0.0,0.0,0.0,0.0,0.0,0.0,0.0,2.26,2.01,0.0,0.0,0.0,0.0,0.0,2026-09-28,2026-09-28,2026-09-28 14:23:46
EBS,EMAA BLUE PORTFÖY BİRİNCİ SERBEST (DÖVİZ-ABD DOLARI) FON,Diğer / Belirsiz,VERIFY_ELIGIBILITY,Serbest fon; nitelikli yatırımcı / dağıtım kısıtı olabilir,True,2026-09-28,49.9196,0.2135,0.1028,0.1106,0.8891,2.3444,-1.4553,4.8718,13.2411,,1.5102,-0.1805,-0.1306,4815150971.68,24.0,234,0.0,0.0,0.0,0.0,0.0,0.0,0.0,0.8,0.44,0.0,0.0,0.0,1.2,0.0,2026-09-28,2026-09-28,2026-09-28 14:23:46
EDD,QNB PORTFÖY ENPARA DENGELİ DEĞİŞKEN ÖZEL FON,Değişken,VERIFY_ELIGIBILITY,Özel fon; erişim kısıtı olabilir,True,2026-09-28,1.1648,0.6271,-0.854,1.4811,0.8776,5.7505,-4.8729,7.9295,18.0444,,7.8457,-1.9364,-0.3261,26592616.51,936.0,144,7.45,18.01,0.0,0.0,0.0,0.0,0.0,0.0,9.34,0.0,0.0,0.0,58.11,0.0,2026-09-28,2026-09-28,2026-09-28 14:23:46
EDT,DENİZ PORTFÖY TED EĞİTİME DESTEK SERBEST FON,Diğer / Belirsiz,VERIFY_ELIGIBILITY,Serbest fon; nitelikli yatırımcı / dağıtım kısıtı olabilir,True,2026-09-28,2.3453,0.6763,0.6844,-0.0082,2.7898,2.9448,-0.155,9.3427,21.616,45.9215,1.1418,0.0,0.0,953272729.18,577.0,329,0.0,0.0,0.0,0.0,0.0,0.0,0.0,1.18,8.28,0.0,0.0,0.0,23.62,0.0,2026-09-28,2026-09-28,2026-09-28 14:23:46
EES,ROTA PORTFÖY EE SERBEST (DÖVİZ) ÖZEL FON,Diğer / Belirsiz,VERIFY_ELIGIBILITY,Serbest fon; nitelikli yatırımcı / dağıtım kısıtı olabilir,True,2026-09-28,50.5771,0.7621,-3.1369,3.8991,-0.3017,0.5354,-0.8371,-10.0326,-5.5165,-1.6359,9.1457,-11.4085,-10.7333,403834009.96,1.0,329,0.0,0.0,0.0,0.0,0.0,0.0,0.0,0.0,0.03,0.0,0.0,0.0,0.0,0.0,2026-09-28,2026-09-28,2026-09-28 14:23:46
EGA,QNB PORTFÖY ENPARA ALTIN ÖZEL FONU,Altın,VERIFY_ELIGIBILITY,Özel fon; erişim kısıtı olabilir,True,2026-09-28,1.0003,,,,,,,,,,,,,10562047.39,17.0,1,19.6,0.0,0.0,0.0,50.41,0.0,0.0,0.0,0.0,0.0,0.0,0.0,22.67,0.0,2026-09-28,2026-09-28,2026-09-28 14:23:46
EGP,GARANTİ PORTFÖY EKİM 2028 SÜRDÜRÜLEBİLİRLİK SERBEST (DÖVİZ-ABD DOLARI) FON,Diğer / Belirsiz,VERIFY_ELIGIBILITY,Serbest fon; nitelikli yatırımcı / dağıtım kısıtı olabilir,True,2026-09-28,58.3282,0.0447,0.0531,-0.0084,0.8165,2.0368,-1.2203,4.3319,12.7049,22.7944,1.9737,-0.2321,-0.1781,266172428.86,49.0,329,0.0,0.0,0.0,0.0,0.0,0.0,0.0,0.0,0.0,0.0,0.0,0.0,0.0,0.0,2026-09-28,2026-09-28,2026-09-28 14:23:46
EHS,AZİMUT PORTFÖY ERCİYES HİSSE SENEDİ SERBEST ÖZEL FON (HİSSE SENEDİ YOĞUN FON),Hisse Senedi,VERIFY_ELIGIBILITY,Serbest fon; nitelikli yatırımcı / dağıtım kısıtı olabilir,True,2026-09-28,2.1,-5.0078,-12.6207,7.6129,-20.639,-7.928,-12.711,-19.112,-28.4559,-21.9242,27.3904,-29.8259,-29.6706,495475539.35,3.0,329,93.21,0.0,0.0,0.0,0.0,0.0,0.0,0.0,1.99,0.0,0.0,0.0,0.0,0.0,2026-09-28,2026-09-28,2026-09-28 14:23:46
EJG,AZİMUT PORTFÖY İNAN SERBEST (TL) ÖZEL FON,Diğer / Belirsiz,VERIFY_ELIGIBILITY,Serbest fon; nitelikli yatırımcı / dağıtım kısıtı olabilir,True,2026-09-28,9.5007,0.207,-3.597,3.804,-3.306,2.3521,-5.6581,1.3663,6.0377,12.4131,19.6223,-5.7403,-3.3974,555022854.37,1.0,329,71.48,0.0,0.0,0.0,0.0,0.0,0.0,0.0,26.42,0.0,0.0,0.0,0.0,0.0,2026-09-28,2026-09-28,2026-09-28 14:23:46
EME,STRATEJİ PORTFÖY EMERALD HİSSE SENEDİ SERBEST FON (HİSSE SENEDİ YOĞUN FON),Hisse Senedi,VERIFY_ELIGIBILITY,Serbest fon; nitelikli yatırımcı / dağıtım kısıtı olabilir,True,2026-09-28,1.0854,0.1004,-4.0182,4.1186,-4.7333,-1.7364,-2.9969,-4.9841,-3.7902,,30.1138,-11.1562,-8.7841,36238961.33,15.0,209,98.37,0.0,0.0,0.0,0.0,0.0,0.0,0.0,0.0,0.0,0.0,0.0,0.0,0.0,2026-09-28,2026-09-28,2026-09-28 14:23:46
ENA,QNB PORTFÖY ENPARA ATAK DEĞİŞKEN ÖZEL FON,Değişken,VERIFY_ELIGIBILITY,Özel fon; erişim kısıtı olabilir,True,2026-09-28,1.1668,0.7905,-0.9851,1.7756,0.7218,8.244,-7.5222,8.9945,21.1661,,12.1213,-2.8318,-0.7292,37202284.03,1708.0,144,22.24,31.01,0.0,0.0,0.0,0.0,0.0,0.0,8.45,0.0,0.0,0.0,32.59,0.0,2026-09-28,2026-09-28,2026-09-28 14:23:46
ENO,QNB PORTFÖY ENPARA SERBEST (DÖVİZ) FON,Diğer / Belirsiz,VERIFY_ELIGIBILITY,Serbest fon; nitelikli yatırımcı / dağıtım kısıtı olabilir,True,2026-09-28,49.5586,0.433,0.4083,0.0247,1.7155,1.8007,-0.0852,5.4694,11.7986,,1.183,0.0,0.0,74762097.19,116.0,144,0.0,0.0,0.0,0.0,0.0,0.0,0.0,0.0,16.19,0.0,0.0,0.0,0.0,0.0,2026-09-28,2026-09-28,2026-09-28 14:23:46
ENS,QNB PORTFÖY ENPARA DEĞİŞKEN ÖZEL FON,Değişken,VERIFY_ELIGIBILITY,Özel fon; erişim kısıtı olabilir,True,2026-09-28,1.263,2.8097,0.2995,2.5102,3.5655,6.4944,-2.929,9.3176,28.6923,,12.4484,-3.4083,-0.0694,41049683.2,1741.0,144,18.62,64.56,0.0,0.0,0.0,0.0,0.0,0.0,0.0,0.0,0.0,0.0,14.56,0.0,2026-09-28,2026-09-28,2026-09-28 14:23:46
EPO,İŞ PORTFÖY EXPLORER SERBEST (DÖVİZ) ÖZEL FON,Diğer / Belirsiz,VERIFY_ELIGIBILITY,Serbest fon; nitelikli yatırımcı / dağıtım kısıtı olabilir,True,2026-09-28,62.7326,-0.1223,-0.4963,0.374,-0.3462,3.7665,-4.1127,4.6133,11.328,21.9926,2.835,-0.7056,-0.7056,463593574.04,1.0,329,0.0,0.0,0.0,7.66,0.0,0.0,0.0,0.0,2.91,0.0,0.0,0.0,0.0,0.0,2026-09-28,2026-09-28,2026-09-28 14:23:46
ESG,AKTİF PORTFÖY ESG SÜRDÜRÜLEBİLİRLİK SERBEST FON,Diğer / Belirsiz,VERIFY_ELIGIBILITY,Serbest fon; nitelikli yatırımcı / dağıtım kısıtı olabilir,True,2026-09-28,4.2011,0.6894,0.6667,0.0227,2.5368,2.3785,0.1583,0.0859,8.6556,16.7308,1.2577,-5.6925,0.0,11324086.36,75.0,329,0.0,0.0,0.0,0.0,0.0,0.0,0.0,0.0,11.73,0.0,0.0,0.0,0.0,0.0,2026-09-28,2026-09-28,2026-09-28 14:23:46
ESN,ALLBATROSS PORTFÖY ESİN SERBEST FON,Diğer / Belirsiz,VERIFY_ELIGIBILITY,Serbest fon; nitelikli yatırımcı / dağıtım kısıtı olabilir,True,2026-09-28,1.7538,0.1635,-1.6313,1.7948,-0.4299,4.3877,-4.8176,2.8987,10.1673,26.9676,7.5751,-2.0255,-1.8653,1816375.42,15.0,329,12.75,0.0,0.0,0.0,0.0,0.0,0.0,0.0,83.67,0.0,0.0,0.0,0.0,0.0,2026-09-28,2026-09-28,2026-09-28 14:23:46
ESP,AURA PORTFÖY EMTİA SERBEST FON,Diğer / Belirsiz,VERIFY_ELIGIBILITY,Serbest fon; nitelikli yatırımcı / dağıtım kısıtı olabilir,True,2026-09-28,0.2702,8.201,3.3145,4.8865,-25.6997,1.0455,-26.7452,-38.6443,-32.0131,-74.235,82.7008,-51.0869,-40.6417,20039143.53,241.0,329,0.0,0.0,0.0,0.0,0.0,0.0,0.0,0.0,8.07,0.0,0.0,0.0,0.0,0.0,2026-09-28,2026-09-28,2026-09-28 14:23:46
EUN,GARANTİ PORTFÖY İKİNCİ SERBEST (DÖVİZ-AVRO) FON,Diğer / Belirsiz,VERIFY_ELIGIBILITY,Serbest fon; nitelikli yatırımcı / dağıtım kısıtı olabilir,True,2026-09-28,63.265,-0.6303,-1.0661,0.4359,-1.9925,3.2647,-5.2573,3.3402,10.1874,17.4566,4.5757,-2.3104,-2.2465,5645432155.68,3309.0,329,0.0,0.0,0.0,0.0,0.0,0.0,0.0,0.0,0.0,0.0,0.0,0.0,0.0,0.0,2026-09-28,2026-09-28,2026-09-28 14:23:46
EUZ,GARANTİ PORTFÖY SERBEST (DÖVİZ-AVRO) FON,Diğer / Belirsiz,VERIFY_ELIGIBILITY,Serbest fon; nitelikli yatırımcı / dağıtım kısıtı olabilir,True,2026-09-28,63.0766,-0.3174,-0.6148,0.2974,-0.4898,2.953,-3.4429,5.186,9.6486,16.8498,3.6963,-1.3434,-1.1549,142669833193.51,38002.0,329,0.0,0.0,0.0,0.0,0.0,0.0,0.0,0.0,0.0,0.0,0.0,0.0,12.24,0.0,2026-09-28,2026-09-28,2026-09-28 14:23:46
EZM,KUVEYT TÜRK PORTFÖY EZM KATILIM SERBEST (DÖVİZ) ÖZEL FON,Katılım,VERIFY_ELIGIBILITY,Serbest fon; nitelikli yatırımcı / dağıtım kısıtı olabilir,True,2026-09-28,45.3327,0.3157,0.3639,-0.0482,1.432,1.471,-0.039,4.039,8.0848,9.074,1.4077,-0.2814,-0.0331,4533272.71,1.0,287,0.0,0.0,0.0,0.0,0.0,0.0,0.0,0.0,100.0,0.0,0.0,0.0,0.0,0.0,2026-09-28,2026-09-28,2026-09-28 14:23:46
FBI,FİBA PORTFÖY BİRİNCİ SERBEST (DÖVİZ) FON,Diğer / Belirsiz,VERIFY_ELIGIBILITY,Serbest fon; nitelikli yatırımcı / dağıtım kısıtı olabilir,True,2026-09-28,54.2182,0.3995,0.4144,-0.0149,1.6758,1.8521,-0.1763,5.4983,12.1467,21.8246,1.1858,0.0,0.0,15737877713.72,4772.0,329,0.0,0.0,0.0,0.0,0.0,0.0,0.0,0.0,8.48,0.0,0.0,0.0,18.06,0.0,2026-09-28,2026-09-28,2026-09-28 14:23:46
FBN,FİBA PORTFÖY SAFİR SERBEST FON,Diğer / Belirsiz,VERIFY_ELIGIBILITY,Serbest fon; nitelikli yatırımcı / dağıtım kısıtı olabilir,True,2026-09-28,5.6736,0.7106,0.7379,-0.0273,3.0063,5.4681,-2.4618,0.908,-42.6675,-37.6807,1.1731,-7.116,0.0,3601776492.55,541.0,329,0.0,0.0,0.0,0.0,0.0,0.0,0.0,0.0,8.64,0.0,0.0,0.0,0.0,0.0,2026-09-28,2026-09-28,2026-09-28 14:23:46
FBV,İŞ PORTFÖY MODEL SERBEST FON,Diğer / Belirsiz,VERIFY_ELIGIBILITY,Serbest fon; nitelikli yatırımcı / dağıtım kısıtı olabilir,True,2026-09-28,7.6202,-0.2266,-0.1999,-0.0267,-3.5725,7.8447,-11.4172,7.4562,13.6465,28.7303,16.2091,-4.8401,-3.5725,617422778.62,1739.0,329,0.0,0.0,0.0,52.54,0.0,0.0,0.0,0.0,17.69,0.0,0.0,0.0,20.11,0.0,2026-09-28,2026-09-28,2026-09-28 14:23:46
FBZ,FİBA PORTFÖY TEKNOLOJİ SERBEST FON,Teknoloji,VERIFY_ELIGIBILITY,Serbest fon; nitelikli yatırımcı / dağıtım kısıtı olabilir,True,2026-09-28,4.9036,2.2688,0.7477,1.5211,1.4628,8.6097,-7.1469,6.6683,37.6223,41.3953,11.7138,-5.9734,-0.2037,282944161.53,370.0,329,7.75,72.03,0.0,0.0,0.0,0.0,0.0,0.0,13.69,0.0,0.0,0.0,0.0,0.0,2026-09-28,2026-09-28,2026-09-28 14:23:46
FCS,FİBA PORTFÖY İKİNCİ SERBEST FON,Diğer / Belirsiz,VERIFY_ELIGIBILITY,Serbest fon; nitelikli yatırımcı / dağıtım kısıtı olabilir,True,2026-09-28,2.4322,0.7727,0.7725,0.0002,3.1257,3.1678,-0.0421,10.1667,23.4924,49.5112,1.4355,0.0,0.0,2397870138.45,181.0,329,0.0,0.0,0.0,0.0,0.0,0.0,0.0,0.0,0.0,0.0,0.0,0.0,0.0,0.0,2026-09-28,2026-09-28,2026-09-28 14:23:46
FDE,QNB PORTFÖY KAR PAYI ÖDEYEN BEŞİNCİ SERBEST (DÖVİZ) FON,Diğer / Belirsiz,VERIFY_ELIGIBILITY,Serbest fon; nitelikli yatırımcı / dağıtım kısıtı olabilir,True,2026-09-28,48.8838,0.4394,0.1328,0.3066,1.4681,1.5002,-0.0321,4.6164,10.2694,18.0991,1.6958,-0.2606,0.0,4460154309.94,879.0,277,0.0,0.0,0.0,0.0,0.0,0.0,0.0,0.0,0.0,0.0,0.0,0.0,0.0,0.0,2026-09-28,2026-09-28,2026-09-28 14:23:46
FDO,QNB PORTFÖY SULTAN SERBEST (DÖVİZ) ÖZEL FON,Diğer / Belirsiz,VERIFY_ELIGIBILITY,Serbest fon; nitelikli yatırımcı / dağıtım kısıtı olabilir,True,2026-09-28,61.5871,-0.3224,-0.4253,0.1029,-0.2904,2.426,-2.7164,3.6906,12.5325,20.6159,2.3766,-0.9317,-0.9317,291760535.89,1.0,329,0.0,0.0,0.0,0.0,0.0,0.0,0.0,0.0,1.8,0.0,0.0,0.0,0.0,0.0,2026-09-28,2026-09-28,2026-09-28 14:23:46
FDV,AZİMUT PORTFÖY DMR SERBEST FON,Diğer / Belirsiz,VERIFY_ELIGIBILITY,Serbest fon; nitelikli yatırımcı / dağıtım kısıtı olabilir,True,2026-09-28,6.1634,2.7772,-2.4487,5.226,0.7236,5.6634,-4.9398,8.573,24.3091,61.6178,18.7694,-4.3155,-0.5183,1510040748.89,1.0,329,53.78,0.0,0.0,0.0,0.0,0.0,0.0,1.25,40.09,0.0,0.0,0.0,0.0,0.0,2026-09-28,2026-09-28,2026-09-28 14:23:46
FDZ,AZİMUT PORTFÖY 16.0 HİSSE SENEDİ SERBEST FON (HİSSE SENEDİ YOĞUN FON),Hisse Senedi,VERIFY_ELIGIBILITY,Serbest fon; nitelikli yatırımcı / dağıtım kısıtı olabilir,True,2026-09-28,0.2609,-3.7818,-12.4014,8.6195,-17.8893,-1.5339,-16.3553,-11.6822,-0.239,-9.3288,36.4362,-28.3939,-28.3939,192376652.97,11.0,329,83.85,0.0,0.0,0.0,0.0,0.0,0.0,0.0,16.15,0.0,0.0,0.0,0.0,0.0,2026-09-28,2026-09-28,2026-09-28 14:23:46
FFF,QNB PORTFÖY BERİL SERBEST (DÖVİZ) ÖZEL FON,Diğer / Belirsiz,VERIFY_ELIGIBILITY,Serbest fon; nitelikli yatırımcı / dağıtım kısıtı olabilir,True,2026-09-28,65.6454,-0.0124,-0.3308,0.3184,0.7805,2.1461,-1.3657,0.6766,9.2786,17.1701,2.4263,-3.1977,-0.3432,1080706170.34,1.0,329,0.0,0.0,0.0,0.0,0.0,0.0,0.0,0.0,1.22,0.0,0.0,0.0,0.0,0.0,2026-09-28,2026-09-28,2026-09-28 14:23:46
FFO,QNB PORTFÖY SER SERBEST (DÖVİZ) ÖZEL FON,Diğer / Belirsiz,VERIFY_ELIGIBILITY,Serbest fon; nitelikli yatırımcı / dağıtım kısıtı olabilir,True,2026-09-28,60.1925,0.3526,-0.025,0.3776,1.761,1.3473,0.4136,-0.9003,6.5377,14.5208,2.5767,-4.8274,-1.4411,108458137.56,7.0,329,0.0,0.0,0.0,0.0,0.0,0.0,0.0,0.0,46.68,0.0,0.0,0.0,0.0,0.0,2026-09-28,2026-09-28,2026-09-28 14:23:46
FHI,FONMAP PORTFÖY İKİNCİ HİSSE SENEDİ SERBEST FON (HİSSE SENEDİ YOĞUN FON),Hisse Senedi,VERIFY_ELIGIBILITY,Serbest fon; nitelikli yatırımcı / dağıtım kısıtı olabilir,True,2026-09-25,1.0069,-19.4731,-10.0272,-9.4458,-32.1519,3.1617,-35.3136,-36.9155,-33.6483,0.9,71.7726,-36.9155,-36.9155,402.75,1.0,299,,,,,,,,,,,,,,,2026-09-28,2026-09-28,2026-09-28 14:23:46
FHZ,QNB PORTFÖY HUZUR SERBEST (DÖVİZ) ÖZEL FON,Diğer / Belirsiz,VERIFY_ELIGIBILITY,Serbest fon; nitelikli yatırımcı / dağıtım kısıtı olabilir,True,2026-09-28,64.9394,-0.3237,-0.4856,0.1619,-0.6037,2.7916,-3.3954,-1.3324,9.0517,13.4783,4.8403,-4.4849,-1.8795,738537118.85,3.0,329,0.0,0.0,0.0,0.0,0.0,0.0,0.0,0.0,0.94,0.0,0.0,0.0,0.0,0.0,2026-09-28,2026-09-28,2026-09-28 14:23:46
FJB,FİBA PORTFÖY BLOK ZİNCİRİ TEKNOLOJİLERİ SERBEST FON,Teknoloji,VERIFY_ELIGIBILITY,Serbest fon; nitelikli yatırımcı / dağıtım kısıtı olabilir,True,2026-09-28,7.6052,2.916,0.2781,2.6378,4.0364,6.8327,-2.7964,6.4704,40.2995,32.1201,13.5128,-6.2638,-0.2984,348228232.51,666.0,329,0.0,73.86,0.0,0.0,0.0,0.0,0.0,0.0,14.4,0.0,0.0,0.0,0.0,0.0,2026-09-28,2026-09-28,2026-09-28 14:23:46
FJC,FİBA PORTFÖY MELTEM ÜÇÜNCÜ SERBEST (DÖVİZ) FON,Diğer / Belirsiz,VERIFY_ELIGIBILITY,Serbest fon; nitelikli yatırımcı / dağıtım kısıtı olabilir,True,2026-09-28,61.595,0.4576,0.4739,-0.0163,1.8557,1.9103,-0.0545,5.8882,12.9012,23.4023,1.1494,0.0,0.0,1314481527.38,96.0,329,0.0,0.0,0.0,0.0,0.0,0.0,0.0,0.0,0.67,0.0,0.0,0.0,0.0,0.0,2026-09-28,2026-09-28,2026-09-28 14:23:46
FJM,FİBA PORTFÖY MELTEM SERBEST (DÖVİZ) FON,Diğer / Belirsiz,VERIFY_ELIGIBILITY,Serbest fon; nitelikli yatırımcı / dağıtım kısıtı olabilir,True,2026-09-28,59.1526,0.4382,0.4522,-0.014,1.7897,1.8481,-0.0584,5.6231,12.3395,22.403,1.1672,0.0,0.0,8000820151.4,1645.0,329,0.0,0.0,0.0,0.0,0.0,0.0,0.0,0.0,5.95,0.0,0.0,0.0,9.63,0.0,2026-09-28,2026-09-28,2026-09-28 14:23:46
FJN,FİBA PORTFÖY MELTEM İKİNCİ SERBEST (DÖVİZ) FON,Diğer / Belirsiz,VERIFY_ELIGIBILITY,Serbest fon; nitelikli yatırımcı / dağıtım kısıtı olabilir,True,2026-09-28,58.9341,0.4395,0.4549,-0.0153,1.793,1.8402,-0.0472,5.5883,12.3052,22.3383,1.1645,0.0,0.0,5001806165.19,1224.0,329,0.0,0.0,0.0,0.0,0.0,0.0,0.0,0.0,5.96,0.0,0.0,0.0,7.77,0.0,2026-09-28,2026-09-28,2026-09-28 14:23:46
FJZ,FİBA PORTFÖY FIRTINA SERBEST (DÖVİZ) FON,Diğer / Belirsiz,VERIFY_ELIGIBILITY,Serbest fon; nitelikli yatırımcı / dağıtım kısıtı olabilir,True,2026-09-28,65.355,-1.1167,-0.6717,-0.4451,-1.9197,2.2514,-4.1711,1.7412,10.5259,19.9684,3.561,-2.3097,-2.3097,1349225582.23,720.0,329,0.0,0.0,0.0,0.0,0.0,0.0,0.0,0.0,0.0,0.0,0.0,0.0,0.0,0.0,2026-09-28,2026-09-28,2026-09-28 14:23:46
FKE,QNB PORTFÖY KRİSTAL SERBEST (DÖVİZ-AVRO) FON,Diğer / Belirsiz,VERIFY_ELIGIBILITY,Serbest fon; nitelikli yatırımcı / dağıtım kısıtı olabilir,True,2026-09-28,59.6025,-0.3271,-0.6234,0.2964,-0.5173,2.9367,-3.454,5.1194,9.5311,16.5768,3.6929,-1.354,-1.1668,48051296896.96,11934.0,329,0.0,0.0,0.0,0.0,0.0,0.0,0.0,0.0,6.13,0.0,0.0,0.0,0.0,0.0,2026-09-28,2026-09-28,2026-09-28 14:23:46
FKV,QNB PORTFÖY KAR PAYI ÖDEYEN YEDİNCİ SERBEST (DÖVİZ) FON,Diğer / Belirsiz,VERIFY_ELIGIBILITY,Serbest fon; nitelikli yatırımcı / dağıtım kısıtı olabilir,True,2026-09-28,48.9392,0.4305,0.0401,0.3904,1.3696,1.4974,-0.1278,4.4697,10.1344,17.7563,1.906,-0.3367,0.0,2341252673.88,474.0,329,0.0,0.0,0.0,0.0,0.0,0.0,0.0,0.0,0.25,0.0,0.0,0.0,0.0,0.0,2026-09-28,2026-09-28,2026-09-28 14:23:46
FLS,YAPI KREDİ PORTFÖY FLORYA SERBEST (DÖVİZ-AVRO) FON,Diğer / Belirsiz,VERIFY_ELIGIBILITY,Serbest fon; nitelikli yatırımcı / dağıtım kısıtı olabilir,True,2026-09-28,62.0993,-0.2239,-0.9693,0.7453,-1.6838,4.2333,-5.917,3.8402,15.5408,20.8534,6.2017,-1.9515,-1.8391,4073691924.41,2164.0,329,1.55,0.0,0.0,5.33,0.0,0.0,0.0,0.0,0.22,0.0,0.0,0.0,0.0,0.0,2026-09-28,2026-09-28,2026-09-28 14:23:46
FMG,QNB PORTFÖY GÜMÜŞ SERBEST FON,Gümüş,VERIFY_ELIGIBILITY,Serbest fon; nitelikli yatırımcı / dağıtım kısıtı olabilir,True,2026-09-28,3.3287,-3.6235,3.4791,-7.1026,-6.8552,20.4427,-27.2979,12.4018,-2.5357,62.1148,28.95,-7.6778,-6.8552,11828781817.52,9660.0,329,31.29,2.04,0.0,0.0,65.85,0.0,0.0,0.0,0.0,0.0,0.0,0.0,0.14,0.0,2026-09-28,2026-09-28,2026-09-28 14:23:46
FMS,QNB PORTFÖY SABİHA SERBEST (DÖVİZ) ÖZEL FON,Diğer / Belirsiz,VERIFY_ELIGIBILITY,Serbest fon; nitelikli yatırımcı / dağıtım kısıtı olabilir,True,2026-09-28,55.311,-0.2533,-0.4459,0.1926,0.2327,1.5765,-1.3438,-1.1391,6.6526,13.6546,2.6604,-3.8126,-1.5976,611270137.47,1.0,329,0.0,0.0,0.0,0.0,0.0,0.0,0.0,0.0,1.48,0.0,0.0,0.0,0.0,0.0,2026-09-28,2026-09-28,2026-09-28 14:23:46
FMV,DENİZ PORTFÖY FMV IŞIK ÜNİVERSİTESİ EĞİTİME DESTEK SERBEST FON,Diğer / Belirsiz,VERIFY_ELIGIBILITY,Serbest fon; nitelikli yatırımcı / dağıtım kısıtı olabilir,True,2026-09-28,1.4758,0.656,0.9649,-0.3088,2.9392,2.9164,0.0227,9.2428,21.3982,45.6003,1.3458,0.0,0.0,169618747.43,33.0,263,0.0,0.0,0.0,0.0,0.0,0.0,0.0,0.0,54.02,0.0,0.0,0.0,35.36,0.0,2026-09-28,2026-09-28,2026-09-28 14:23:46
FNN,QNB PORTFÖY KAR PAYI ÖDEYEN ONUNCU SERBEST (DÖVİZ) FON,Diğer / Belirsiz,VERIFY_ELIGIBILITY,Serbest fon; nitelikli yatırımcı / dağıtım kısıtı olabilir,True,2026-09-28,0.0,,,,,,,,,-100.0,355.1474,,,0.0,1.0,329,,,,,,,,,,,,,,,2026-09-28,2026-09-28,2026-09-28 14:23:46
FNT,HEDEF PORTFÖY MODEL HİSSE SENEDİ SERBEST (TL) FON (HİSSE SENEDİ YOĞUN FON),Hisse Senedi,VERIFY_ELIGIBILITY,Serbest fon; nitelikli yatırımcı / dağıtım kısıtı olabilir,True,2026-09-28,1.8763,3.5153,-14.9204,18.4357,-19.0635,10.5986,-29.6621,-9.2442,0.3629,12.0507,37.852,-22.5262,-19.8027,267877704.93,1547.0,329,83.76,0.0,0.0,0.0,0.0,0.0,0.0,0.0,1.18,0.0,0.0,0.0,0.0,0.0,2026-09-28,2026-09-28,2026-09-28 14:23:46
FP4,ONE PORTFÖY DÖRDÜNCÜ HİSSE SENEDİ SERBEST FON (HİSSE SENEDİ YOĞUN FON),Hisse Senedi,VERIFY_ELIGIBILITY,Serbest fon; nitelikli yatırımcı / dağıtım kısıtı olabilir,True,2026-09-28,0.4655,-7.4591,-21.6125,14.1535,-41.6698,-6.5213,-35.1485,-56.0898,-58.571,-53.9721,52.2,-58.9266,-58.9266,74766034.63,104.0,267,85.49,0.0,0.0,0.0,0.0,0.0,0.0,0.0,13.53,0.0,0.0,0.0,0.0,0.0,2026-09-28,2026-09-28,2026-09-28 14:23:46
FPG,FİBA PORTFÖY GÜMÜŞ SERBEST FON,Gümüş,VERIFY_ELIGIBILITY,Serbest fon; nitelikli yatırımcı / dağıtım kısıtı olabilir,True,2026-09-28,2.1947,-3.6667,3.7318,-7.3985,-7.3763,22.3081,-29.6844,10.4938,-0.3339,58.8698,25.9838,-8.8059,-7.3763,779136691.7,1905.0,329,5.17,55.65,0.0,0.0,39.03,0.0,0.0,0.0,0.0,0.0,0.0,0.0,0.0,0.0,2026-09-28,2026-09-28,2026-09-28 14:23:46
FPR,STRATEJİ PORTFÖY FOREST HİSSE SENEDİ SERBEST FON (HİSSE SENEDİ YOĞUN FON),Hisse Senedi,VERIFY_ELIGIBILITY,Serbest fon; nitelikli yatırımcı / dağıtım kısıtı olabilir,True,2026-09-28,10.7114,1.6894,-6.0873,7.7767,-4.7618,7.1191,-11.8809,-3.1825,3.7246,23.1144,28.027,-8.0907,-4.7618,173796391.05,31.0,329,85.65,0.0,0.0,0.0,0.0,0.0,0.0,0.0,0.0,0.0,0.0,0.0,9.75,0.0,2026-09-28,2026-09-28,2026-09-28 14:23:46
FPZ,QNB PORTFÖY BİRİNCİ SERBEST (DÖVİZ) FON,Diğer / Belirsiz,VERIFY_ELIGIBILITY,Serbest fon; nitelikli yatırımcı / dağıtım kısıtı olabilir,True,2026-09-28,70.718,0.4384,0.442,-0.0035,1.7719,1.8053,-0.0334,5.5448,12.1788,22.1788,1.1582,0.0,0.0,134848161698.61,19215.0,329,0.0,0.0,0.0,0.0,0.0,0.0,0.0,0.0,0.0,0.0,0.0,0.0,0.0,0.0,2026-09-28,2026-09-28,2026-09-28 14:23:46
FR1,ONE PORTFÖY BİRİNCİ SERBEST FON,Diğer / Belirsiz,VERIFY_ELIGIBILITY,Serbest fon; nitelikli yatırımcı / dağıtım kısıtı olabilir,True,2026-09-28,0.4675,-22.8488,-27.9566,5.1078,-38.2579,-10.2151,-28.0427,-57.0009,-63.215,-70.4104,82.3519,-60.7089,-57.7467,121110649.57,19.0,280,76.7,0.0,0.0,0.0,0.0,0.0,0.0,0.0,23.3,0.0,0.0,0.0,0.0,0.0,2026-09-28,2026-09-28,2026-09-28 14:23:46
FRA,AZİMUT PORTFÖY MAB SERBEST FON,Diğer / Belirsiz,VERIFY_ELIGIBILITY,Serbest fon; nitelikli yatırımcı / dağıtım kısıtı olabilir,True,2026-09-28,32.2321,0.3258,-2.6807,3.0065,-1.1115,1.0856,-2.1971,-0.3463,3.8987,13.9005,18.8049,-4.9572,-2.3637,526873457.51,2.0,329,56.68,0.0,0.0,0.0,0.0,0.0,0.0,0.0,41.44,0.0,0.0,0.0,0.0,0.0,2026-09-28,2026-09-28,2026-09-28 14:23:46
FRC,FONMAP PORTFÖY BİRİNCİ HİSSE SENEDİ SERBEST FON (HİSSE SENEDİ YOĞUN FON),Hisse Senedi,VERIFY_ELIGIBILITY,Serbest fon; nitelikli yatırımcı / dağıtım kısıtı olabilir,True,2026-09-28,1.0619,-14.221,-20.9437,6.7227,-28.9187,-3.159,-25.7597,-36.1029,-28.7213,-22.6864,54.5509,-39.2866,-36.467,43204493.38,152.0,329,90.24,0.0,0.0,0.0,0.0,0.0,0.0,0.0,9.76,0.0,0.0,0.0,0.0,0.0,2026-09-28,2026-09-28,2026-09-28 14:23:46
FRZ,AZİMUT PORTFÖY FRZ SERBEST ÖZEL FON,Diğer / Belirsiz,VERIFY_ELIGIBILITY,Serbest fon; nitelikli yatırımcı / dağıtım kısıtı olabilir,True,2026-09-28,15.2141,0.7595,-3.3368,4.0963,-1.7973,4.0304,-5.8277,2.9089,3.8026,13.7762,19.3844,-5.7221,-2.6026,272341566.13,2.0,329,56.45,0.0,0.0,0.0,0.0,0.0,0.0,0.0,25.67,0.0,0.0,0.0,0.0,0.0,2026-09-28,2026-09-28,2026-09-28 14:23:46
FS1,ONE PORTFÖY BİRİNCİ HİSSE SENEDİ SERBEST FON (HİSSE SENEDİ YOĞUN FON),Hisse Senedi,VERIFY_ELIGIBILITY,Serbest fon; nitelikli yatırımcı / dağıtım kısıtı olabilir,True,2026-09-28,1.3622,-4.4196,-7.4902,3.0706,-11.3169,-12.8226,1.5057,-16.9642,-3.5941,-11.7917,30.3485,-24.2365,-23.8511,114271452.32,211.0,329,94.11,0.0,0.0,0.0,0.0,0.0,0.0,0.0,5.32,0.0,0.0,0.0,0.0,0.0,2026-09-28,2026-09-28,2026-09-28 14:23:46
FS2,ONE PORTFÖY İKİNCİ HİSSE SENEDİ SERBEST FON (HİSSE SENEDİ YOĞUN FON),Hisse Senedi,VERIFY_ELIGIBILITY,Serbest fon; nitelikli yatırımcı / dağıtım kısıtı olabilir,True,2026-09-28,2.0179,-2.7365,-10.7971,8.0606,-18.6483,17.9642,-36.6125,-11.3074,22.9072,-57.36,42.9587,-18.8799,-18.6483,52531575.9,25.0,329,81.59,0.0,0.0,0.0,0.0,0.0,0.0,0.0,17.24,0.0,0.0,0.0,0.0,0.0,2026-09-28,2026-09-28,2026-09-28 14:23:46
FS3,ONE PORTFÖY KATILIM HİSSE SENEDİ SERBEST FON (HİSSE SENEDİ YOĞUN FON),Hisse Senedi,VERIFY_ELIGIBILITY,Serbest fon; nitelikli yatırımcı / dağıtım kısıtı olabilir,True,2026-09-28,0.7734,-28.3677,-8.7104,-19.6573,-39.532,-10.8773,-28.6547,-55.5091,-64.7643,-61.9203,82.6172,-58.2292,-58.2292,656528019.72,21.0,329,93.16,0.0,0.0,0.0,0.0,0.0,0.0,0.0,2.97,0.0,0.0,0.0,0.0,0.0,2026-09-28,2026-09-28,2026-09-28 14:23:46
FS4,ONE PORTFÖY ÜÇÜNCÜ HİSSE SENEDİ SERBEST FON (HİSSE SENEDİ YOĞUN FON),Hisse Senedi,VERIFY_ELIGIBILITY,Serbest fon; nitelikli yatırımcı / dağıtım kısıtı olabilir,True,2026-09-28,0.2249,-60.4094,-37.4259,-22.9835,-86.0627,-74.3239,-11.7388,-96.307,-96.8898,-94.4589,123.1733,-97.1815,-97.1815,126676281.2,20.0,329,210.66,0.0,0.0,0.0,0.0,0.0,0.0,0.0,0.0,0.0,0.0,0.0,0.0,0.0,2026-09-28,2026-09-28,2026-09-28 14:23:46
FS5,ONE PORTFÖY BİRİNCİ İSTATİSTİKSEL ARBİTRAJ HİSSE SENEDİ SERBEST FON (HİSSE SENEDİ YOĞUN FON),Hisse Senedi,VERIFY_ELIGIBILITY,Serbest fon; nitelikli yatırımcı / dağıtım kısıtı olabilir,True,2026-09-28,2.0651,-5.8917,-8.2208,2.3291,-12.3068,17.3741,-29.6809,-2.1382,-16.0612,-4.0574,33.8745,-13.6985,-13.6985,43597845.58,40.0,329,79.96,0.0,0.0,0.0,0.0,0.0,0.0,0.0,0.0,19.44,0.0,0.0,0.0,0.0,2026-09-28,2026-09-28,2026-09-28 14:23:46
FS6,ONE PORTFÖY İKİNCİ İSTATİSTİKSEL ARBİTRAJ SERBEST FON,Diğer / Belirsiz,VERIFY_ELIGIBILITY,Serbest fon; nitelikli yatırımcı / dağıtım kısıtı olabilir,True,2026-09-28,1.9533,0.1952,0.5308,-0.3356,2.0615,5.1524,-3.0909,16.3783,23.0944,61.0366,2.1624,-1.0353,-0.1056,220019665.31,252.0,329,0.0,0.0,0.0,0.0,0.0,0.0,0.0,2.33,79.06,0.0,0.0,0.0,0.0,0.0,2026-09-28,2026-09-28,2026-09-28 14:23:46
FSG,FİBA PORTFÖY BİRİNCİ HİSSE SENEDİ SERBEST FON (HİSSE SENEDİ YOĞUN FON),Hisse Senedi,VERIFY_ELIGIBILITY,Serbest fon; nitelikli yatırımcı / dağıtım kısıtı olabilir,True,2026-09-28,3.7477,0.768,-5.1326,5.9006,-3.034,9.2069,-12.2409,-0.9967,10.8296,18.1083,31.7119,-8.8447,-4.4378,629809638.88,691.0,329,87.58,0.0,0.0,0.0,0.0,0.0,0.0,0.0,2.3,0.0,0.0,0.0,0.0,0.0,2026-09-28,2026-09-28,2026-09-28 14:23:46
FSH,FİBA PORTFÖY FON SEPETİ SERBEST FON,Fon Sepeti,VERIFY_ELIGIBILITY,Serbest fon; nitelikli yatırımcı / dağıtım kısıtı olabilir,True,2026-09-28,4.9841,2.3816,0.1041,2.2774,2.323,6.1633,-3.8402,4.2983,42.0398,46.5497,12.239,-5.9836,-0.0814,371964013.94,478.0,329,0.0,25.03,0.0,1.37,0.0,0.0,0.0,0.0,60.94,0.0,0.0,0.0,0.0,0.0,2026-09-28,2026-09-28,2026-09-28 14:23:46
FSM,ONE PORTFÖY BEŞİNCİ HİSSE SENEDİ SERBEST FON (HİSSE SENEDİ YOĞUN FON),Hisse Senedi,VERIFY_ELIGIBILITY,Serbest fon; nitelikli yatırımcı / dağıtım kısıtı olabilir,True,2026-09-28,0.5177,-53.5894,-38.1279,-15.4615,-81.6715,18.6504,-100.3219,-79.7785,-91.2289,-81.5779,112.8274,-83.8128,-83.2092,143597471.37,19.0,329,183.89,0.0,0.0,0.0,0.0,0.0,0.0,0.0,0.0,0.0,0.0,0.0,0.0,0.0,2026-09-28,2026-09-28,2026-09-28 14:23:46
FSP,FONMAP PORTFÖY SERBEST (DÖVİZ) FON,Diğer / Belirsiz,VERIFY_ELIGIBILITY,Serbest fon; nitelikli yatırımcı / dağıtım kısıtı olabilir,True,2026-09-28,16.4316,-0.3119,-0.2595,-0.0525,-20.2915,-18.2803,-2.0111,-44.931,-55.6322,-59.9854,65.6026,-44.9388,-44.9388,96387.66,15.0,253,0.0,0.0,0.0,0.0,0.0,0.0,0.0,0.0,0.0,0.0,0.0,0.0,0.0,0.0,2026-09-28,2026-09-28,2026-09-28 14:23:46
FSR,FİBA PORTFÖY İKİNCİ SERBEST (DÖVİZ-AVRO) FON,Diğer / Belirsiz,VERIFY_ELIGIBILITY,Serbest fon; nitelikli yatırımcı / dağıtım kısıtı olabilir,True,2026-09-28,47.8306,-0.3238,-0.6167,0.2928,-0.4937,2.9618,-3.4555,5.2062,9.6398,16.53,3.6766,-1.3415,-1.1539,5877628411.07,2382.0,329,0.0,0.0,0.0,0.0,0.0,0.0,0.0,0.0,0.0,0.0,0.0,0.0,0.0,0.0,2026-09-28,2026-09-28,2026-09-28 14:23:46
FSV,QNB PORTFÖY KAR PAYI ÖDEYEN SEKİZİNCİ SERBEST (DÖVİZ-AVRO) FON,Diğer / Belirsiz,VERIFY_ELIGIBILITY,Serbest fon; nitelikli yatırımcı / dağıtım kısıtı olabilir,True,2026-09-28,55.7248,-0.3149,-0.8442,0.5293,-0.7018,2.7578,-3.4596,4.5875,8.2423,14.1412,3.7044,-1.561,-1.3707,10195967101.42,1647.0,329,0.0,0.0,0.0,0.0,0.0,0.0,0.0,0.0,0.0,0.0,0.0,0.0,0.0,0.0,2026-09-28,2026-09-28,2026-09-28 14:23:46
FTM,FİBA PORTFÖY KAR PAYI ÖDEYEN SERBEST (DÖVİZ) FON,Diğer / Belirsiz,VERIFY_ELIGIBILITY,Serbest fon; nitelikli yatırımcı / dağıtım kısıtı olabilir,True,2026-09-28,48.7339,0.2713,-12.3832,12.6544,-11.4657,1.8733,-13.339,-7.7438,-2.6794,6.963,1723144.2295,-99.982,-12.1455,243669492.62,1.0,298,0.0,0.0,0.0,0.0,0.0,0.0,0.0,0.0,0.0,0.0,0.0,0.0,0.0,0.0,2026-09-28,2026-09-28,2026-09-28 14:23:46
FTY,QNB PORTFÖY KAR PAYI ÖDEYEN SERBEST (DÖVİZ) FON,Diğer / Belirsiz,VERIFY_ELIGIBILITY,Serbest fon; nitelikli yatırımcı / dağıtım kısıtı olabilir,True,2026-09-28,48.8598,0.447,0.1263,0.3207,1.4751,1.504,-0.0289,4.6307,17.4134,,1.7267,-0.2701,0.0,8053073321.49,1238.0,224,0.0,0.0,0.0,0.0,0.0,0.0,0.0,0.0,0.0,0.0,0.0,0.0,0.0,0.0,2026-09-28,2026-09-28,2026-09-28 14:23:46
FUM,AK PORTFÖY ALESTA SERBEST (DÖVİZ) ÖZEL FON,Diğer / Belirsiz,VERIFY_ELIGIBILITY,Serbest fon; nitelikli yatırımcı / dağıtım kısıtı olabilir,True,2026-09-28,63.7655,0.1238,0.0743,0.0495,0.6431,2.5527,-1.9096,4.7984,12.4087,21.949,1.5467,-0.2277,-0.1725,458539865.6,2.0,329,0.0,0.0,0.0,2.16,0.0,0.0,0.0,0.0,23.02,0.0,0.0,0.0,0.0,0.0,2026-09-28,2026-09-28,2026-09-28 14:23:46
FUN,FİBA PORTFÖY ÜÇÜNCÜ SERBEST (DÖVİZ) FON,Diğer / Belirsiz,VERIFY_ELIGIBILITY,Serbest fon; nitelikli yatırımcı / dağıtım kısıtı olabilir,True,2026-09-28,1.6287,0.4626,0.4826,-0.02,1.8713,1.9233,-0.0519,5.8612,12.5578,20.6288,1.1536,0.0,0.0,3825243959.03,580.0,329,0.0,0.0,0.0,0.0,0.0,0.0,0.0,0.0,0.0,0.0,0.0,0.0,0.0,0.0,2026-09-28,2026-09-28,2026-09-28 14:23:46
FUP,QNB PORTFÖY BAYSAN SERBEST (DÖVİZ) ÖZEL FON,Diğer / Belirsiz,VERIFY_ELIGIBILITY,Serbest fon; nitelikli yatırımcı / dağıtım kısıtı olabilir,True,2026-09-28,88.9314,4.4773,-16.2838,20.7611,-12.056,3.2108,-15.2668,-8.7137,-9.3713,-2.0257,37.2957,-16.6372,-12.9048,264957935.04,2.0,329,0.0,0.0,0.0,0.0,0.0,0.0,0.0,0.0,0.0,0.0,0.0,0.0,0.0,0.0,2026-09-28,2026-09-28,2026-09-28 14:23:46
FVL,FİBA PORTFÖY BİRİNCİ SERBEST (TL) FON,Diğer / Belirsiz,VERIFY_ELIGIBILITY,Serbest fon; nitelikli yatırımcı / dağıtım kısıtı olabilir,True,2026-09-28,5.1601,0.7332,0.7399,-0.0067,3.0012,3.0493,-0.0481,9.7736,22.2732,47.6909,1.3712,0.0,0.0,1466147362.59,56.0,329,0.0,0.0,0.0,0.0,0.0,0.0,0.0,0.0,0.0,0.0,0.0,0.0,0.0,0.0,2026-09-28,2026-09-28,2026-09-28 14:23:46
FYA,İSTANBUL PORTFÖY ARK II SERBEST FON,Diğer / Belirsiz,VERIFY_ELIGIBILITY,Serbest fon; nitelikli yatırımcı / dağıtım kısıtı olabilir,True,2026-09-28,0.0529,-1.8964,-2.62,0.7237,-0.2735,2.4009,-2.6744,1.865,1.266,26.1958,23.8934,-6.1123,-4.4667,1209748140.9,119.0,329,23.51,0.0,0.0,0.0,0.0,0.0,0.0,0.0,19.09,0.0,0.0,0.0,0.0,0.0,2026-09-28,2026-09-28,2026-09-28 14:23:46
FYB,AZİMUT PORTFÖY EB SERBEST (DÖVİZ) ÖZEL FON,Diğer / Belirsiz,VERIFY_ELIGIBILITY,Serbest fon; nitelikli yatırımcı / dağıtım kısıtı olabilir,True,2026-09-28,101.8391,0.4672,-0.1974,0.6646,0.4136,4.2449,-3.8314,4.5953,16.2902,28.6726,4.004,-0.9017,-0.3116,203236607.08,9.0,329,0.0,0.0,0.0,17.83,0.0,0.0,11.41,0.0,4.35,0.0,0.0,0.0,0.0,0.0,2026-09-28,2026-09-28,2026-09-28 14:23:46
FYF,STRATEJİ PORTFÖY MUTLAK GETİRİ HEDEFLİ HİSSE SENEDİ SERBEST FON(HİSSE SENEDİ YOĞUN),Hisse Senedi,VERIFY_ELIGIBILITY,Serbest fon; nitelikli yatırımcı / dağıtım kısıtı olabilir,True,2026-09-28,0.1133,0.1273,3.0128,-2.8855,2.3398,2.7065,-0.3667,11.1706,14.9018,29.5444,9.5576,-1.2331,-0.5443,39729672.06,11.0,329,81.28,0.0,0.0,0.0,0.0,0.0,0.0,0.0,0.0,0.0,0.0,0.0,0.0,0.0,2026-09-28,2026-09-28,2026-09-28 14:23:46
FYG,AZİMUT PORTFÖY ÖPY SERBEST ( DÖVİZ ) ÖZEL FON,Diğer / Belirsiz,VERIFY_ELIGIBILITY,Serbest fon; nitelikli yatırımcı / dağıtım kısıtı olabilir,True,2026-09-28,16.9405,0.0408,-0.2294,0.2702,0.3689,2.597,-2.2282,4.2037,12.7279,20.8125,1.951,-0.4343,-0.3261,97578432.74,2.0,329,0.0,0.0,0.0,0.0,0.0,0.0,0.0,0.0,0.0,0.0,0.0,0.0,0.0,0.0,2026-09-28,2026-09-28,2026-09-28 14:23:46
FYH,AZİMUT PYŞ SERBEST ( DÖVİZ ) FON,Diğer / Belirsiz,VERIFY_ELIGIBILITY,Serbest fon; nitelikli yatırımcı / dağıtım kısıtı olabilir,True,2026-09-28,85.7279,-1.0804,0.4721,-1.5525,-2.3389,7.728,-10.0668,5.3739,10.2542,18.6629,8.4036,-2.6858,-2.5268,614740687.77,21.0,329,0.0,13.48,0.0,31.47,7.28,0.0,0.0,0.0,0.2,0.0,0.0,0.0,1.79,0.0,2026-09-28,2026-09-28,2026-09-28 14:23:46
FYI,AZİMUT PORTFÖY 4.0 SERBEST FON,Diğer / Belirsiz,VERIFY_ELIGIBILITY,Serbest fon; nitelikli yatırımcı / dağıtım kısıtı olabilir,True,2026-09-28,11.3386,1.2451,-0.2172,1.4623,5.2331,11.4496,-6.2165,13.1987,42.7264,52.4288,14.0464,-5.7531,-0.247,222785246.93,272.0,329,12.4,3.16,0.0,0.0,0.0,0.0,6.95,0.0,17.41,0.96,0.0,0.0,0.0,0.0,2026-09-28,2026-09-28,2026-09-28 14:23:46
FYM,AZİMUT PORTFÖY ÜÇÜNCÜ SERBEST (DÖVİZ) FON,Diğer / Belirsiz,VERIFY_ELIGIBILITY,Serbest fon; nitelikli yatırımcı / dağıtım kısıtı olabilir,True,2026-09-28,0.4491,0.0985,-0.1385,0.237,0.6369,2.465,-1.8281,4.7517,13.4394,23.21,1.6978,-0.2846,-0.2107,339167266.55,15.0,329,0.0,0.0,0.0,0.0,0.0,0.0,0.0,0.0,7.36,0.0,0.0,0.0,0.0,0.0,2026-09-28,2026-09-28,2026-09-28 14:23:46
FYO,QNB PORTFÖY ÖZEL SEKTÖR BORÇLANMA ARAÇLARI FONU,Borçlanma Araçları,VERIFY_ELIGIBILITY,Özel fon; erişim kısıtı olabilir,True,2026-09-28,1.233,0.6744,0.7154,-0.041,2.8062,2.9724,-0.1662,9.3755,21.4207,46.5448,1.2972,0.0,0.0,1976294808.48,1523.0,329,0.0,0.0,0.0,0.0,0.0,0.0,0.0,18.1,0.0,0.0,0.0,0.0,11.31,0.0,2026-09-28,2026-09-28,2026-09-28 14:23:46
FYZ,AZİMUT PORTFÖY AS HİSSE SENEDİ SERBEST ÖZEL FON (HİSSE SENEDİ YOĞUN FON),Hisse Senedi,VERIFY_ELIGIBILITY,Serbest fon; nitelikli yatırımcı / dağıtım kısıtı olabilir,True,2026-09-28,5.8771,0.2719,-4.0817,4.3536,-4.5899,0.5333,-5.1232,-0.1997,2.0433,13.098,25.9709,-7.9227,-4.6869,255165171.9,2.0,329,82.57,0.0,0.0,0.0,0.0,0.0,0.0,0.0,3.69,0.0,0.0,0.0,0.0,0.0,2026-09-28,2026-09-28,2026-09-28 14:23:46
FZP,FİBA PORTFÖY SERBEST FON,Diğer / Belirsiz,VERIFY_ELIGIBILITY,Serbest fon; nitelikli yatırımcı / dağıtım kısıtı olabilir,True,2026-09-28,6.774,0.4325,-0.8782,1.3108,0.5846,3.3778,-2.7932,5.748,17.2307,38.4557,5.022,-1.383,-0.4495,795279976.21,512.0,329,13.17,0.0,0.0,0.0,0.0,0.0,22.62,2.02,0.01,0.0,0.0,0.0,6.3,0.0,2026-09-28,2026-09-28,2026-09-28 14:23:46
GAC,GARANTİ PORTFÖY YİRMİBİRİNCİ SERBEST (DÖVİZ) ÖZEL FON,Diğer / Belirsiz,VERIFY_ELIGIBILITY,Serbest fon; nitelikli yatırımcı / dağıtım kısıtı olabilir,True,2026-09-28,78.4305,0.2379,0.1265,0.1114,0.7927,2.6002,-1.8074,5.2846,14.2415,26.0706,1.7878,-0.2161,-0.1663,433538425.03,1.0,329,0.0,0.0,0.0,0.0,0.0,0.0,0.0,0.0,0.87,0.0,0.0,0.0,0.0,0.0,2026-09-28,2026-09-28,2026-09-28 14:23:46
GAG,INVEO PORTFÖY BİRİNCİ SERBEST (DÖVIZ)  FON,Diğer / Belirsiz,VERIFY_ELIGIBILITY,Serbest fon; nitelikli yatırımcı / dağıtım kısıtı olabilir,True,2026-09-28,18.5437,0.4534,0.3688,0.0845,1.7068,1.9458,-0.239,5.6763,13.1695,23.133,1.2314,-0.1232,0.0,696895559.03,198.0,329,0.0,0.0,0.0,0.0,0.0,0.0,0.0,0.0,0.19,0.0,0.0,0.0,12.16,0.0,2026-09-28,2026-09-28,2026-09-28 14:23:46
GAJ,GARANTİ PORTFÖY YİRMİÜÇÜNCÜ SERBEST (DÖVİZ) ÖZEL FON,Diğer / Belirsiz,VERIFY_ELIGIBILITY,Serbest fon; nitelikli yatırımcı / dağıtım kısıtı olabilir,True,2026-09-28,63.9831,0.0562,-0.0597,0.1159,0.2118,2.4853,-2.2735,3.8822,11.7136,20.7451,2.5918,-0.4876,-0.4876,507709935.99,1.0,329,0.0,0.0,0.0,0.0,0.0,0.0,0.0,0.0,0.0,0.0,0.0,0.0,0.0,0.0,2026-09-28,2026-09-28,2026-09-28 14:23:46
GAN,INVEO PORTFÖY ALFON SERBEST FON,Diğer / Belirsiz,VERIFY_ELIGIBILITY,Serbest fon; nitelikli yatırımcı / dağıtım kısıtı olabilir,True,2026-09-28,6.8262,-6.4229,-14.0213,7.5984,-20.5373,7.4839,-28.0212,-22.3154,-19.7882,-12.7984,32.0725,-24.2072,-24.2072,18368617.39,11.0,329,67.68,0.0,0.0,0.0,0.0,0.0,0.0,0.0,32.32,0.0,0.0,0.0,0.0,0.0,2026-09-28,2026-09-28,2026-09-28 14:23:46
GAS,GARANTİ PORTFÖY ÜÇÜNCÜ SERBEST(DÖVİZ) FON,Diğer / Belirsiz,VERIFY_ELIGIBILITY,Serbest fon; nitelikli yatırımcı / dağıtım kısıtı olabilir,True,2026-09-28,0.3233,0.1915,0.0965,0.0951,0.932,2.0496,-1.1177,4.7359,12.3748,21.6252,1.3729,-0.1171,-0.1171,3188301934.33,2188.0,329,0.0,0.0,0.0,0.0,0.0,0.0,0.0,0.0,0.0,0.0,0.0,0.0,0.0,0.0,2026-09-28,2026-09-28,2026-09-28 14:23:46
GAU,GARANTİ PORTFÖY YİRMİNCİ SERBEST (DÖVİZ) ÖZEL FON,Diğer / Belirsiz,VERIFY_ELIGIBILITY,Serbest fon; nitelikli yatırımcı / dağıtım kısıtı olabilir,True,2026-09-28,67.7833,0.1195,-0.1142,0.2337,0.673,2.6658,-1.9928,5.1784,14.7119,25.1551,1.862,-0.2737,-0.2737,2193489267.23,5.0,329,0.0,0.0,0.0,0.0,0.0,0.0,0.0,0.0,0.0,0.0,0.0,0.0,0.0,0.0,2026-09-28,2026-09-28,2026-09-28 14:23:46
GAV,GARANTİ PORTFÖY YİRMİİKİNCİ SERBEST (DÖVİZ) ÖZEL FON,Diğer / Belirsiz,VERIFY_ELIGIBILITY,Serbest fon; nitelikli yatırımcı / dağıtım kısıtı olabilir,True,2026-09-28,62.6585,0.0239,-0.4106,0.4344,-0.6189,3.3444,-3.9633,3.4368,14.0466,22.596,5.4568,-1.2728,-1.0603,246937043.08,1.0,329,0.0,0.0,0.0,0.0,0.0,0.0,0.0,0.0,0.0,0.0,0.0,0.0,0.0,0.0,2026-09-28,2026-09-28,2026-09-28 14:23:46
GBH,GARANTİ PORTFÖY BİRİNCİ HİSSE SENEDİ SERBEST FON (HİSSE SENEDİ YOĞUN FON),Hisse Senedi,VERIFY_ELIGIBILITY,Serbest fon; nitelikli yatırımcı / dağıtım kısıtı olabilir,True,2026-09-28,4.0012,0.9223,-8.5149,9.4372,-6.9259,9.1634,-16.0894,-3.1745,3.8868,20.2385,36.82,-11.4545,-7.6712,2088377135.1,2718.0,329,80.37,0.0,0.0,0.0,0.0,0.0,0.0,0.0,1.17,0.0,0.0,0.0,6.32,0.0,2026-09-28,2026-09-28,2026-09-28 14:23:46
GBJ,GARANTİ PORTFÖY BANKACILIK SEKTÖRÜ HİSSE SENEDİ SERBEST FON (HİSSE SENEDİ YOĞUN FON),Bankacılık / Finans,VERIFY_ELIGIBILITY,Serbest fon; nitelikli yatırımcı / dağıtım kısıtı olabilir,True,2026-09-28,1.452,-0.3443,-3.8797,3.5354,-2.3598,9.6375,-11.9974,-8.6161,3.8571,7.7009,47.9109,-16.646,-8.6161,700288719.39,1735.0,329,91.05,0.0,0.0,0.0,0.0,0.0,0.0,0.0,2.52,0.0,0.0,0.0,4.24,0.0,2026-09-28,2026-09-28,2026-09-28 14:23:46
GBN,GARANTİ PORTFÖY BEŞİNCİ (TL) SERBEST FON,Diğer / Belirsiz,VERIFY_ELIGIBILITY,Serbest fon; nitelikli yatırımcı / dağıtım kısıtı olabilir,True,2026-09-28,7.1283,0.6774,0.6821,-0.0047,2.7662,2.9007,-0.1345,9.2106,21.2893,45.4777,1.2671,0.0,0.0,6438359473.94,378.0,329,0.0,0.0,0.0,0.0,0.0,0.0,0.0,0.0,0.0,0.0,0.0,0.0,9.96,0.0,2026-09-28,2026-09-28,2026-09-28 14:23:46
GBP,GARANTİ PORTFÖY YİRMİALTINCI SERBEST (DÖVİZ-AVRO) ÖZEL FON,Altın,VERIFY_ELIGIBILITY,Serbest fon; nitelikli yatırımcı / dağıtım kısıtı olabilir,True,2026-09-28,69.8956,-0.737,-1.2356,0.4986,-2.4954,3.4256,-5.9211,2.9037,9.701,16.236,5.162,-2.6541,-2.6541,3773242622.8,2.0,329,0.0,0.0,0.0,0.0,0.0,0.0,0.0,0.0,0.0,0.0,0.0,0.0,0.0,0.0,2026-09-28,2026-09-28,2026-09-28 14:23:46
GCA,GARANTİ PORTFÖY HM SERBEST (DÖVİZ) ÖZEL FON,Diğer / Belirsiz,VERIFY_ELIGIBILITY,Serbest fon; nitelikli yatırımcı / dağıtım kısıtı olabilir,True,2026-09-28,71.2294,-0.3881,-0.7962,0.4081,-1.0473,3.0795,-4.1269,4.4713,9.79,16.1842,3.7387,-1.5707,-1.4948,820376138.86,2.0,329,0.0,0.0,0.0,0.0,0.0,0.0,0.0,0.0,0.0,0.0,0.0,0.0,0.0,0.0,2026-09-28,2026-09-28,2026-09-28 14:23:46
GCC,GARANTİ PORTFÖY YİRMİSEKİZİNCİ SERBEST ÖZEL FON,Diğer / Belirsiz,VERIFY_ELIGIBILITY,Serbest fon; nitelikli yatırımcı / dağıtım kısıtı olabilir,True,2026-09-28,6.0715,-0.2011,1.0308,-1.2319,-3.0428,-2.331,-0.7118,9.042,23.9699,26.079,24.1327,-13.6459,-10.9325,1348239647.18,2.0,329,8.61,77.05,0.0,0.0,2.98,0.0,0.0,0.0,0.0,0.0,0.0,0.0,0.0,0.0,2026-09-28,2026-09-28,2026-09-28 14:23:46
GCD,ATLAS PORTFÖY UFUK HİSSE SENEDİ SERBEST FON (HİSSE SENEDİ YOĞUN FON),Hisse Senedi,VERIFY_ELIGIBILITY,Serbest fon; nitelikli yatırımcı / dağıtım kısıtı olabilir,True,2026-09-28,3.5298,-10.7734,-1.9334,-8.84,-15.9622,20.7533,-36.7156,-12.3142,43.8918,56.4054,37.6828,-30.6582,-18.9764,742486434.93,19.0,329,100.0,0.0,0.0,0.0,0.0,0.0,0.0,0.0,0.0,0.0,0.0,0.0,0.0,0.0,2026-09-28,2026-09-28,2026-09-28 14:23:46
GCI,GARANTİ PORTFÖY KARŞIYAKA SERBEST (DÖVİZ) ÖZEL FON,Diğer / Belirsiz,VERIFY_ELIGIBILITY,Serbest fon; nitelikli yatırımcı / dağıtım kısıtı olabilir,True,2026-09-28,65.1138,0.0317,-0.2867,0.3184,0.2166,2.3288,-2.1122,4.2228,12.4983,21.9115,1.854,-0.3516,-0.32,223072976.92,3.0,329,0.0,0.0,0.0,0.0,0.0,0.0,0.0,0.0,0.0,0.0,0.0,0.0,0.0,0.0,2026-09-28,2026-09-28,2026-09-28 14:23:46
GCZ,GARANTİ PORTFÖY ZM SERBEST (DÖVİZ) ÖZEL FON,Diğer / Belirsiz,VERIFY_ELIGIBILITY,Serbest fon; nitelikli yatırımcı / dağıtım kısıtı olabilir,True,2026-09-28,62.1051,0.3819,0.3818,0.0,1.4219,1.4442,-0.0223,4.4392,9.4941,18.3989,1.2802,-0.0816,0.0,12092793.75,1.0,329,0.0,0.0,0.0,0.0,0.0,0.0,0.0,0.0,0.0,0.0,0.0,0.0,0.0,0.0,2026-09-28,2026-09-28,2026-09-28 14:23:46
GDJ,GARANTİ PORTFÖY DÖRTLÜ SERBEST (DÖVİZ) ÖZEL FON,Diğer / Belirsiz,VERIFY_ELIGIBILITY,Serbest fon; nitelikli yatırımcı / dağıtım kısıtı olabilir,True,2026-09-28,62.7959,0.1263,-0.0407,0.1669,0.8595,2.4573,-1.5978,5.2374,13.6292,25.0761,1.4886,-0.1599,-0.1599,508736645.3,4.0,329,0.0,0.0,0.0,0.0,0.0,0.0,0.0,0.0,0.0,0.0,0.0,0.0,0.0,0.0,2026-09-28,2026-09-28,2026-09-28 14:23:46
GDP,GARANTİ PORTFÖY DOKUZUNCU SERBEST (DÖVİZ) ÖZEL FON,Diğer / Belirsiz,VERIFY_ELIGIBILITY,Serbest fon; nitelikli yatırımcı / dağıtım kısıtı olabilir,True,2026-09-28,67.3638,-0.0512,-0.1341,0.083,0.3179,2.3198,-2.0019,4.5219,12.2918,21.924,1.7003,-0.3484,-0.3484,1565268582.74,1.0,329,0.0,0.0,0.0,0.0,0.0,0.0,0.0,2.59,0.0,0.0,0.0,0.0,0.0,0.0,2026-09-28,2026-09-28,2026-09-28 14:23:46
GEC,GARANTİ PORTFÖY SOYKAN SERBEST (DÖVİZ) ÖZEL FON,Diğer / Belirsiz,VERIFY_ELIGIBILITY,Serbest fon; nitelikli yatırımcı / dağıtım kısıtı olabilir,True,2026-09-28,76.5133,-0.3002,-0.3419,0.0417,-0.4572,2.6476,-3.1049,3.4105,11.796,20.4301,2.8311,-0.9673,-0.9673,180762245.21,2.0,329,0.0,0.0,0.0,0.0,0.0,0.0,0.0,0.0,0.0,0.0,0.0,0.0,0.0,0.0,2026-09-28,2026-09-28,2026-09-28 14:23:46
GEI,INVEO PORTFÖY EVEREST SERBEST FON,Diğer / Belirsiz,VERIFY_ELIGIBILITY,Serbest fon; nitelikli yatırımcı / dağıtım kısıtı olabilir,True,2026-09-28,0.9116,-84.4524,-43.4272,-41.0253,-95.1086,-74.5505,-20.5581,-98.7142,-98.9223,-98.1493,211.1562,-99.0207,-99.0207,34081092.84,10.0,329,100.0,0.0,0.0,0.0,0.0,0.0,0.0,0.0,0.0,0.0,0.0,0.0,0.0,0.0,2026-09-28,2026-09-28,2026-09-28 14:23:46
GEZ,GARANTİ PORTFÖY ERN SERBEST (DÖVİZ) ÖZEL FON,Diğer / Belirsiz,VERIFY_ELIGIBILITY,Serbest fon; nitelikli yatırımcı / dağıtım kısıtı olabilir,True,2026-09-28,62.3251,0.1861,-0.0111,0.1973,0.9856,2.4439,-1.4583,5.4815,14.6919,25.4901,1.3973,-0.0941,-0.0941,408525493.12,1.0,329,0.0,0.0,0.0,0.0,0.0,0.0,0.0,0.0,0.0,0.0,0.0,0.0,0.0,0.0,2026-09-28,2026-09-28,2026-09-28 14:23:46
GFB,GARANTİ PORTFÖY MISIRLI SERBEST (DÖVİZ) ÖZEL FON,Diğer / Belirsiz,VERIFY_ELIGIBILITY,Serbest fon; nitelikli yatırımcı / dağıtım kısıtı olabilir,True,2026-09-28,70.7294,-0.1057,-0.3659,0.2603,-0.1068,2.5988,-2.7055,4.0987,12.4422,20.8913,2.4515,-0.6652,-0.6652,413873829.23,4.0,329,0.0,0.0,0.0,0.0,0.0,0.0,0.0,0.0,0.0,0.0,0.0,0.0,0.0,0.0,2026-09-28,2026-09-28,2026-09-28 14:23:46
GFD,GARANTİ PORTFÖY BAL SERBEST (DÖVİZ) ÖZEL FON,Diğer / Belirsiz,VERIFY_ELIGIBILITY,Serbest fon; nitelikli yatırımcı / dağıtım kısıtı olabilir,True,2026-09-28,70.898,0.0053,-0.0996,0.1049,-0.0426,2.9587,-3.0014,4.1842,13.6332,23.8522,3.4109,-0.6895,-0.6895,108717899.41,2.0,329,0.0,0.0,0.0,0.0,0.0,0.0,0.0,0.0,0.0,0.0,0.0,0.0,0.0,0.0,2026-09-28,2026-09-28,2026-09-28 14:23:46
GFI,GARANTİ PORTFÖY YKT SERBEST (DÖVİZ) ÖZEL FON,Diğer / Belirsiz,VERIFY_ELIGIBILITY,Serbest fon; nitelikli yatırımcı / dağıtım kısıtı olabilir,True,2026-09-28,54.3659,-0.0373,-0.1249,0.0876,0.3405,2.6312,-2.2907,4.7804,13.3975,23.2707,1.9419,-0.3409,-0.3409,1668947499.71,3.0,329,0.0,0.0,0.0,2.28,0.0,0.0,0.0,0.0,11.93,0.0,0.0,0.0,0.0,0.0,2026-09-28,2026-09-28,2026-09-28 14:23:46
GFL,GARANTİ PORTFÖY MİA SERBEST ÖZEL FON,Diğer / Belirsiz,VERIFY_ELIGIBILITY,Serbest fon; nitelikli yatırımcı / dağıtım kısıtı olabilir,True,2026-09-28,11.9612,5.3786,-0.7927,6.1713,5.2858,3.9881,1.2978,-2.372,32.5663,44.1825,26.931,-16.335,-2.372,352700288.53,1.0,329,0.0,75.75,0.0,0.0,0.0,0.0,0.0,0.0,24.14,0.0,0.0,0.0,0.0,0.0,2026-09-28,2026-09-28,2026-09-28 14:23:46
GFN,GARANTİ PORTFÖY DAPEİ SERBEST  (DÖVİZ) ÖZEL FON,Diğer / Belirsiz,VERIFY_ELIGIBILITY,Serbest fon; nitelikli yatırımcı / dağıtım kısıtı olabilir,True,2026-09-28,79.6976,-0.3177,-0.3686,0.0509,-1.5952,3.9853,-5.5805,2.2134,13.8829,22.1167,6.6457,-1.7971,-1.6826,922375092.05,3.0,329,0.0,0.0,0.0,0.0,2.18,0.0,0.0,0.0,0.0,0.0,0.0,0.0,0.0,0.0,2026-09-28,2026-09-28,2026-09-28 14:23:46
GFY,GARANTİ PORTFÖY OL SERBEST (DÖVİZ) ÖZEL FON,Diğer / Belirsiz,VERIFY_ELIGIBILITY,Serbest fon; nitelikli yatırımcı / dağıtım kısıtı olabilir,True,2026-09-28,70.8764,0.0533,-0.2205,0.2739,-0.1461,3.1584,-3.3045,4.051,15.0654,25.8666,4.0793,-0.9254,-0.8042,412699701.79,3.0,329,0.0,0.0,0.0,0.0,0.0,0.0,0.0,0.0,0.0,0.0,0.0,0.0,0.0,0.0,2026-09-28,2026-09-28,2026-09-28 14:23:46
GGA,GARANTİ PORTFÖY YEDİNCİ SERBEST (DÖVİZ) ÖZEL FON,Diğer / Belirsiz,VERIFY_ELIGIBILITY,Serbest fon; nitelikli yatırımcı / dağıtım kısıtı olabilir,True,2026-09-28,67.814,0.002,-0.2603,0.2623,0.2186,2.3675,-2.1489,4.1097,12.4385,21.4066,2.0216,-0.3919,-0.3919,8269382413.36,3.0,329,0.0,0.0,0.0,0.0,0.0,0.0,0.0,0.0,0.1,0.0,0.0,0.0,0.0,0.0,2026-09-28,2026-09-28,2026-09-28 14:23:46
GGC,AK PORTFÖY KIYI HİSSE SENEDİ SERBEST ÖZEL FON (HİSSE SENEDİ YOĞUN FON),Hisse Senedi,VERIFY_ELIGIBILITY,Serbest fon; nitelikli yatırımcı / dağıtım kısıtı olabilir,True,2026-09-28,5.2415,-1.5214,-2.9038,1.3824,-4.5648,11.068,-15.6328,2.929,9.3092,25.659,24.941,-6.6679,-4.5865,184148573.91,5.0,329,80.68,0.0,0.0,0.0,0.0,0.0,0.0,0.0,19.32,0.0,0.0,0.0,0.0,0.0,2026-09-28,2026-09-28,2026-09-28 14:23:46
GGD,GARANTİ PORTFÖY SEKİZİNCİ SERBEST (DÖVİZ) ÖZEL FON,Diğer / Belirsiz,VERIFY_ELIGIBILITY,Serbest fon; nitelikli yatırımcı / dağıtım kısıtı olabilir,True,2026-09-28,66.7046,0.0805,-0.1616,0.2422,0.5446,2.4038,-1.8591,4.5047,12.8018,21.8059,1.8458,-0.2891,-0.2891,6019438188.38,2.0,329,0.0,0.0,0.0,0.0,0.0,0.0,0.0,0.0,0.41,0.0,0.0,0.0,0.0,0.0,2026-09-28,2026-09-28,2026-09-28 14:23:46
GGM,GARANTİ PORTFÖY GMS SERBEST ÖZEL FON,Diğer / Belirsiz,VERIFY_ELIGIBILITY,Serbest fon; nitelikli yatırımcı / dağıtım kısıtı olabilir,True,2026-09-28,8.8085,0.6972,0.7012,-0.004,2.8299,3.0135,-0.1837,9.5404,22.0637,47.5236,1.2986,0.0,0.0,3015061136.79,1.0,329,0.0,0.0,0.0,0.0,0.0,0.0,0.0,0.0,0.0,0.0,0.0,0.0,100.0,0.0,2026-09-28,2026-09-28,2026-09-28 14:23:46
GGN,GARANTİ PORTFÖY AYDOĞAN SERBEST(DÖVİZ) ÖZEL FON,Diğer / Belirsiz,VERIFY_ELIGIBILITY,Serbest fon; nitelikli yatırımcı / dağıtım kısıtı olabilir,True,2026-09-28,70.614,0.224,-0.0851,0.3091,0.9988,2.5214,-1.5226,5.5634,14.5787,26.2457,1.7875,-0.1441,-0.0961,491715434.86,4.0,329,0.0,0.0,0.0,0.0,0.0,0.0,0.0,0.0,0.0,0.0,0.0,0.0,0.0,0.0,2026-09-28,2026-09-28,2026-09-28 14:23:46
GGP,GARANTİ PORTFÖY ALTINCI SERBEST (DÖVİZ) ÖZEL FON,Altın,VERIFY_ELIGIBILITY,Serbest fon; nitelikli yatırımcı / dağıtım kısıtı olabilir,True,2026-09-28,7.6173,-2.3262,-3.6495,1.3233,-27.7153,-22.0519,-5.6634,-53.572,-73.6126,-84.2869,74.4262,-53.572,-53.572,52764.73,1.0,329,0.0,0.0,0.0,0.0,0.0,0.0,0.0,0.0,100.0,0.0,0.0,0.0,0.0,0.0,2026-09-28,2026-09-28,2026-09-28 14:23:46
GGR,GARANTİ PORTFÖY ONİKİNCİ SERBEST (DÖVİZ) ÖZEL FON,Diğer / Belirsiz,VERIFY_ELIGIBILITY,Serbest fon; nitelikli yatırımcı / dağıtım kısıtı olabilir,True,2026-09-28,68.8522,-0.0323,-0.2076,0.1752,0.2192,2.4465,-2.2274,4.3214,12.6662,21.3632,2.024,-0.4147,-0.4147,1616537884.63,3.0,329,0.0,0.0,0.0,0.0,0.0,0.0,0.0,0.0,0.0,0.0,0.0,0.0,0.0,0.0,2026-09-28,2026-09-28,2026-09-28 14:23:46
GJA,GARANTİ PORTFÖY ONYEDİNCİ SERBEST (DÖVİZ) ÖZEL FON,Diğer / Belirsiz,VERIFY_ELIGIBILITY,Serbest fon; nitelikli yatırımcı / dağıtım kısıtı olabilir,True,2026-09-28,67.2991,0.0935,-0.2799,0.3734,0.1239,2.9094,-2.7855,4.4639,15.1694,22.9889,2.8607,-0.5237,-0.5237,959911298.75,3.0,329,0.0,0.51,0.0,9.05,0.0,0.0,0.0,0.0,0.0,0.0,0.0,0.0,0.0,0.0,2026-09-28,2026-09-28,2026-09-28 14:23:46
GJD,GARANTİ PORTFÖY ORTAS SERBEST (DÖVİZ) ÖZEL FON,Diğer / Belirsiz,VERIFY_ELIGIBILITY,Serbest fon; nitelikli yatırımcı / dağıtım kısıtı olabilir,True,2026-09-28,65.2428,0.1453,-0.0528,0.1981,0.8259,2.5336,-1.7077,5.2426,14.2847,25.5113,1.7356,-0.2097,-0.2097,408197458.43,3.0,329,0.0,0.0,0.0,0.0,0.0,0.0,0.0,0.0,0.0,0.0,0.0,0.0,0.0,0.0,2026-09-28,2026-09-28,2026-09-28 14:23:46
GJE,GARANTİ PORTFÖY ECZ SERBEST (DÖVİZ) ÖZEL FON,Diğer / Belirsiz,VERIFY_ELIGIBILITY,Serbest fon; nitelikli yatırımcı / dağıtım kısıtı olabilir,True,2026-09-28,64.3598,0.1487,-0.261,0.4097,-0.1356,3.1482,-3.2838,3.9833,13.9264,23.5868,4.541,-0.9522,-0.799,149103218.28,2.0,329,0.0,0.0,0.0,0.0,0.0,0.0,0.0,0.0,0.0,0.0,0.0,0.0,0.0,0.0,2026-09-28,2026-09-28,2026-09-28 14:23:46
GJF,GARANTİ PORTFÖY BEREKET SERBEST (DÖVİZ) ÖZEL FON,Diğer / Belirsiz,VERIFY_ELIGIBILITY,Serbest fon; nitelikli yatırımcı / dağıtım kısıtı olabilir,True,2026-09-28,64.2869,-0.2182,-0.3179,0.0997,-0.6641,3.0922,-3.7563,3.1074,12.6307,20.8285,3.5629,-0.9711,-0.9711,234509971.48,2.0,329,0.0,0.0,0.0,1.85,0.0,0.0,0.0,0.0,0.0,0.0,0.0,0.0,0.0,0.0,2026-09-28,2026-09-28,2026-09-28 14:23:46
GJM,GLOBAL MD PORTFÖY ADA SERBEST FON,Diğer / Belirsiz,VERIFY_ELIGIBILITY,Serbest fon; nitelikli yatırımcı / dağıtım kısıtı olabilir,True,2026-09-28,39.5349,0.712,-7.7025,8.4145,-8.3586,6.0131,-14.3717,-3.0829,18.7775,47.8255,34.6464,-15.9453,-10.5517,399717377.23,63.0,329,72.1,2.72,0.0,0.0,0.0,0.0,0.0,0.0,5.65,0.0,0.0,0.0,0.0,0.0,2026-09-28,2026-09-28,2026-09-28 14:23:46
GJO,GARANTİ PORTFÖY ONALTINCI SERBEST (DÖVİZ) ÖZEL FON,Altın,VERIFY_ELIGIBILITY,Serbest fon; nitelikli yatırımcı / dağıtım kısıtı olabilir,True,2026-09-28,60.5806,0.1915,0.0398,0.1516,0.5383,2.342,-1.8037,4.2831,12.0209,21.0355,2.3642,-0.3489,-0.3489,592444396.66,1.0,329,0.0,0.0,0.0,0.0,0.0,0.0,0.0,0.0,0.0,0.0,0.0,0.0,0.0,0.0,2026-09-28,2026-09-28,2026-09-28 14:23:46
GKE,GARANTİ PORTFÖY KAR PAYI ÖDEYEN EKİM 2025 SERBEST (DÖVİZ) FON,Diğer / Belirsiz,VERIFY_ELIGIBILITY,Serbest fon; nitelikli yatırımcı / dağıtım kısıtı olabilir,True,2026-09-28,0.0,,,,,,,,,-100.0,355.1988,,,0.01,0.0,328,,,,,,,,,,,,,,,2026-09-28,2026-09-28,2026-09-28 14:23:46
GKK,GARANTİ PORTFÖY ONDÖRDÜNCÜ SERBEST (DÖVİZ) ÖZEL FON,Diğer / Belirsiz,VERIFY_ELIGIBILITY,Serbest fon; nitelikli yatırımcı / dağıtım kısıtı olabilir,True,2026-09-28,66.3294,-0.1284,-0.2747,0.1462,-0.3701,2.9366,-3.3067,3.4591,13.5531,22.5309,3.5035,-0.8441,-0.8441,2030849015.9,2.0,329,0.0,0.14,0.0,0.0,0.0,0.0,0.0,0.0,0.0,0.0,0.0,0.0,0.0,0.0,2026-09-28,2026-09-28,2026-09-28 14:23:46
GKL,GARANTİ PORTFÖY YF HİSSE SENEDİ SERBEST ÖZEL FON (HİSSE SENEDİ YOĞUN FON),Hisse Senedi,VERIFY_ELIGIBILITY,Serbest fon; nitelikli yatırımcı / dağıtım kısıtı olabilir,True,2026-09-28,15.048,0.5752,-5.7703,6.3455,-5.4702,9.2249,-14.6951,-0.7989,9.0455,28.1636,31.4092,-9.6327,-5.7202,846440446.51,4.0,329,94.2,0.0,0.0,0.0,0.0,0.0,0.0,0.0,0.25,0.0,0.0,0.0,2.13,0.0,2026-09-28,2026-09-28,2026-09-28 14:23:46
GKM,GARANTİ PORTFÖY KAR PAYI ÖDEYEN EKİM 2026 SERBEST (DÖVİZ) FON,Diğer / Belirsiz,VERIFY_ELIGIBILITY,Serbest fon; nitelikli yatırımcı / dağıtım kısıtı olabilir,True,2026-09-28,49.6259,0.4583,0.4638,-0.0055,1.8411,1.8911,-0.05,4.7487,10.5149,18.4478,1.1588,-0.9361,0.0,134169693.12,14.0,329,0.0,0.0,0.0,0.0,0.0,0.0,0.0,0.0,0.0,0.0,0.0,0.0,0.0,0.0,2026-09-28,2026-09-28,2026-09-28 14:23:46
GKO,GARANTİ PORTFÖY KAR PAYI ÖDEYEN OCAK 2026 SERBEST (DÖVİZ) FON,Diğer / Belirsiz,VERIFY_ELIGIBILITY,Serbest fon; nitelikli yatırımcı / dağıtım kısıtı olabilir,True,2026-09-28,0.0,,,,,,,,,-100.0,355.2027,,,0.01,0.0,328,,,,,,,,,,,,,,,2026-09-28,2026-09-28,2026-09-28 14:23:46
GLG,AKTİF PORTFÖY CAPİTAL HİSSE SENEDİ SERBEST FON (HİSSE SENEDİ YOĞUN FON),Hisse Senedi,VERIFY_ELIGIBILITY,Serbest fon; nitelikli yatırımcı / dağıtım kısıtı olabilir,True,2026-09-28,7.9951,0.395,-6.1144,6.5094,-5.0721,12.3584,-17.4305,0.9694,3.2032,28.1858,34.9833,-9.7941,-5.7435,17968227.58,249.0,329,88.3,0.0,0.0,0.0,0.0,0.0,0.0,0.0,11.7,0.0,0.0,0.0,0.0,0.0,2026-09-28,2026-09-28,2026-09-28 14:23:46
GLM,ATLAS PORTFÖY ÜÇÜNCÜ SERBEST (TL) FON,Diğer / Belirsiz,VERIFY_ELIGIBILITY,Serbest fon; nitelikli yatırımcı / dağıtım kısıtı olabilir,True,2026-09-28,0.4894,-0.6746,0.4333,-1.1079,-5.284,17.1816,-22.4655,0.6225,32.2301,-44.2243,33.5976,-13.437,-5.284,462809.59,11.0,329,47.82,0.0,0.0,0.0,0.0,0.0,0.0,0.0,52.18,0.0,0.0,0.0,0.0,0.0,2026-09-28,2026-09-28,2026-09-28 14:23:46
GLP,GARANTİ PORTFÖY PRUVA SERBEST (DÖVİZ) ÖZEL FON,Diğer / Belirsiz,VERIFY_ELIGIBILITY,Serbest fon; nitelikli yatırımcı / dağıtım kısıtı olabilir,True,2026-09-28,69.6917,0.1216,-0.0856,0.2072,0.8418,2.5751,-1.7334,5.3993,14.7126,26.3061,1.8296,-0.2295,-0.2295,571613161.75,4.0,329,0.0,0.0,0.0,0.0,0.0,0.0,0.0,0.0,0.0,0.0,0.0,0.0,0.0,0.0,2026-09-28,2026-09-28,2026-09-28 14:23:46
GLV,GLOBAL MD PORTFÖY NEHİR SERBEST FON,Diğer / Belirsiz,VERIFY_ELIGIBILITY,Serbest fon; nitelikli yatırımcı / dağıtım kısıtı olabilir,True,2026-09-28,8.3597,2.8829,-5.489,8.3719,-0.8699,5.4994,-6.3693,-4.2716,9.3459,2.7162,36.6731,-10.5815,-4.9346,94078382.95,28.0,329,67.1,0.0,0.0,0.0,0.0,0.0,0.0,0.0,0.0,0.0,0.0,0.0,0.0,0.0,2026-09-28,2026-09-28,2026-09-28 14:23:46
GME,İŞ PORTFÖY EGE SERBEST ÖZEL FON,Diğer / Belirsiz,VERIFY_ELIGIBILITY,Serbest fon; nitelikli yatırımcı / dağıtım kısıtı olabilir,True,2026-09-28,28.6404,0.7483,-0.1762,0.9245,0.8982,2.9734,-2.0751,7.9646,16.4561,35.4236,12.6159,-3.1302,-0.1823,404093215.8,2.0,329,10.45,35.26,0.0,42.42,0.0,0.0,0.0,0.0,4.14,0.0,0.0,0.0,6.46,0.0,2026-09-28,2026-09-28,2026-09-28 14:23:46
GMI,AK PORTFÖY GÜMÜŞ SERBEST FON,Gümüş,VERIFY_ELIGIBILITY,Serbest fon; nitelikli yatırımcı / dağıtım kısıtı olabilir,True,2026-09-28,1.3545,-4.2234,4.6186,-8.842,-7.5261,20.2786,-27.8046,14.8587,-4.0272,,42.0568,-8.2336,-7.7631,603453035.8,4881.0,231,0.0,0.0,0.0,0.0,97.57,0.0,0.0,0.0,0.87,0.0,0.0,0.0,1.47,0.0,2026-09-28,2026-09-28,2026-09-28 14:23:46
GMM,GARANTİ PORTFÖY KAR PAYI ÖDEYEN MART 2027 SERBEST (DÖVİZ) FON,Diğer / Belirsiz,VERIFY_ELIGIBILITY,Serbest fon; nitelikli yatırımcı / dağıtım kısıtı olabilir,True,2026-09-28,48.817,-0.6567,0.4696,-1.1263,0.7352,1.9274,-1.1922,4.7188,9.2413,17.0939,4.145,-1.0287,-1.0287,452498401.59,26.0,329,0.0,0.0,0.0,0.0,0.0,0.0,0.0,0.0,0.0,0.0,0.0,0.0,0.0,0.0,2026-09-28,2026-09-28,2026-09-28 14:23:46
GMO,AZİMUT PORTFÖY G MOBİLİTE HİSSE SENEDİ SERBEST ÖZEL FON (HİSSE SENEDİ YOĞUN FON),Hisse Senedi,VERIFY_ELIGIBILITY,Serbest fon; nitelikli yatırımcı / dağıtım kısıtı olabilir,True,2026-09-28,2.7389,1.7614,-9.2115,10.9729,-11.727,-9.7382,-1.9889,-8.2495,-8.5963,-19.3829,27.5938,-23.0718,-21.7168,2174593181.72,4.0,314,84.15,0.0,0.0,0.0,0.0,0.0,0.0,0.0,15.85,0.0,0.0,0.0,0.0,0.0,2026-09-28,2026-09-28,2026-09-28 14:23:46
GMP,GARANTİ PORTFÖY GM SERBEST (DÖVİZ) ÖZEL FON,Diğer / Belirsiz,VERIFY_ELIGIBILITY,Serbest fon; nitelikli yatırımcı / dağıtım kısıtı olabilir,True,2026-09-28,62.0468,-0.5005,-0.879,0.3785,-2.4035,3.7586,-6.1621,2.214,11.9324,20.4108,6.7119,-2.4289,-2.4289,1578437163.52,1.0,329,0.0,0.0,0.0,0.0,0.0,0.0,0.0,0.0,0.0,0.0,0.0,0.0,6.35,0.0,2026-09-28,2026-09-28,2026-09-28 14:23:46
GMV,GARANTİ PORTFÖY OCAK 2026 SERBEST (DÖVİZ-ABD DOLARI) FON,Diğer / Belirsiz,VERIFY_ELIGIBILITY,Serbest fon; nitelikli yatırımcı / dağıtım kısıtı olabilir,True,2026-09-28,0.0,,,,,,,,,-100.0,355.1929,,,0.01,0.0,329,,,,,,,,,,,,,,,2026-09-28,2026-09-28,2026-09-28 14:23:46
GMZ,İŞ PORTFÖY MZ SERBEST ÖZEL FON,Diğer / Belirsiz,VERIFY_ELIGIBILITY,Serbest fon; nitelikli yatırımcı / dağıtım kısıtı olabilir,True,2026-09-28,13.7323,0.4171,-3.2003,3.6174,-2.972,6.4704,-9.4424,5.5632,15.0488,27.6839,20.6476,-6.006,-3.0742,365725599.43,2.0,329,60.29,16.78,0.0,18.23,0.0,0.0,0.0,0.0,3.82,0.0,0.0,0.0,0.88,0.0,2026-09-28,2026-09-28,2026-09-28 14:23:46
GNK,AZİMUT PORTFÖY SARPAY SERBEST (DÖVİZ) ÖZEL FON,Diğer / Belirsiz,VERIFY_ELIGIBILITY,Serbest fon; nitelikli yatırımcı / dağıtım kısıtı olabilir,True,2026-09-28,70.1232,0.385,-0.6559,1.0409,0.1139,3.7505,-3.6366,4.6294,14.7396,24.3314,5.4892,-1.5622,-0.5701,490910540.99,1.0,329,10.37,8.15,0.0,0.83,0.0,0.0,0.0,0.0,35.58,0.0,0.0,0.0,0.0,0.0,2026-09-28,2026-09-28,2026-09-28 14:23:46
GNL,GARANTİ PORTFÖY UNL SERBEST (DÖVİZ) ÖZEL FON,Diğer / Belirsiz,VERIFY_ELIGIBILITY,Serbest fon; nitelikli yatırımcı / dağıtım kısıtı olabilir,True,2026-09-28,62.3406,0.2395,0.0138,0.2256,1.1145,2.4225,-1.308,5.5392,14.7759,26.2407,1.3742,-0.0925,-0.0778,1773898781.85,3.0,329,0.0,0.08,0.0,0.0,0.0,0.0,0.0,0.0,0.0,0.0,0.0,0.0,0.0,0.0,2026-09-28,2026-09-28,2026-09-28 14:23:46
GNZ,AK PORTFÖY ING Z KUŞAĞI FON SEPETİ ÖZEL FONU,Fon Sepeti,VERIFY_ELIGIBILITY,Özel fon; erişim kısıtı olabilir,True,2026-09-28,1.643,1.0326,0.5944,0.4382,0.7399,8.1444,-7.4046,7.6497,29.9848,40.9878,10.5148,-3.0155,-0.7293,2028899.01,438.0,329,0.0,32.71,0.0,42.11,0.0,0.0,0.0,0.0,21.5,0.0,0.0,0.0,0.0,0.0,2026-09-28,2026-09-28,2026-09-28 14:23:46
GOF,GARANTİ PORTFÖY OTUZİKİNCİ SERBEST (DÖVİZ) FON,Diğer / Belirsiz,VERIFY_ELIGIBILITY,Serbest fon; nitelikli yatırımcı / dağıtım kısıtı olabilir,True,2026-09-28,55.9458,3.6178,1.0354,2.5824,5.1506,5.4997,-0.3492,8.1895,33.9344,,15.093,-7.8949,-0.296,422857137.22,326.0,223,0.0,0.0,0.0,0.0,0.0,0.0,0.0,0.0,0.0,0.0,0.0,0.0,0.0,0.0,2026-09-28,2026-09-28,2026-09-28 14:23:46
GP1,AZİMUT PORTFÖY AEB SERBEST (TL) ÖZEL FON,Diğer / Belirsiz,VERIFY_ELIGIBILITY,Serbest fon; nitelikli yatırımcı / dağıtım kısıtı olabilir,True,2026-09-28,3.5114,-6.8013,-10.2372,3.4358,-18.9228,13.3996,-32.3224,-6.7436,-3.0757,9.525,33.7412,-20.0552,-19.029,160523559.1,1.0,329,96.67,0.0,0.0,0.0,0.0,0.0,0.0,0.0,3.33,0.0,0.0,0.0,0.0,0.0,2026-09-28,2026-09-28,2026-09-28 14:23:46
GP3,GARANTİ PORTFÖY ÜÇÜNCÜ SERBEST (DÖVİZ-AVRO) FON,Diğer / Belirsiz,VERIFY_ELIGIBILITY,Serbest fon; nitelikli yatırımcı / dağıtım kısıtı olabilir,True,2026-09-28,63.1075,0.1651,-1.422,1.5872,-3.294,3.5429,-6.837,2.3808,19.1946,,10.7411,-4.0734,-3.5917,669855045.38,455.0,223,0.0,0.0,0.0,0.0,0.0,0.0,0.0,0.0,0.0,0.0,0.0,0.0,0.0,0.0,2026-09-28,2026-09-28,2026-09-28 14:23:46
GPC,GARANTİ PORTFÖY İKİNCİ SERBEST ( DÖVİZ ) FON,Diğer / Belirsiz,VERIFY_ELIGIBILITY,Serbest fon; nitelikli yatırımcı / dağıtım kısıtı olabilir,True,2026-09-28,72.4644,-0.2186,-0.2021,-0.0166,-0.3721,2.7762,-3.1483,3.393,12.5408,20.6853,3.1763,-0.8234,-0.8234,6506280376.95,3390.0,329,1.55,0.0,0.0,0.0,0.0,0.0,0.0,0.0,0.0,0.0,0.0,0.0,0.0,0.0,2026-09-28,2026-09-28,2026-09-28 14:23:46
GPH,GARANTİ PORTFÖY ONSEKİZİNCİ SERBEST (DÖVİZ) ÖZEL FON,Diğer / Belirsiz,VERIFY_ELIGIBILITY,Serbest fon; nitelikli yatırımcı / dağıtım kısıtı olabilir,True,2026-09-28,46.039,0.3397,0.3163,0.0234,1.3481,1.3482,-0.0001,4.134,7.8933,12.4725,1.2223,0.0,0.0,2699587.58,1.0,329,0.0,0.0,0.0,0.0,0.0,0.0,0.0,0.0,0.0,0.0,0.0,0.0,0.0,0.0,2026-09-28,2026-09-28,2026-09-28 14:23:46
GPJ,GARANTİ PORTFÖY PORTAKAL SERBEST (DÖVİZ) ÖZEL FON,Diğer / Belirsiz,VERIFY_ELIGIBILITY,Serbest fon; nitelikli yatırımcı / dağıtım kısıtı olabilir,True,2026-09-28,58.863,0.1292,-0.1397,0.2689,0.6884,2.2594,-1.571,4.694,13.0193,23.2488,1.6328,-0.2032,-0.2032,869534389.67,2.0,329,0.0,0.0,0.0,0.0,0.0,0.0,0.0,0.0,0.0,0.0,0.0,0.0,0.0,0.0,2026-09-28,2026-09-28,2026-09-28 14:23:46
GPL,GARANTİ PORTFÖY BİRİNCİ SERBEST (DÖVİZ) FON,Diğer / Belirsiz,VERIFY_ELIGIBILITY,Serbest fon; nitelikli yatırımcı / dağıtım kısıtı olabilir,True,2026-09-28,54.434,0.4355,0.4426,-0.0071,1.7727,1.812,-0.0393,5.5402,12.1141,21.8015,1.1683,0.0,0.0,99145769598.55,36597.0,329,0.0,0.0,0.0,0.0,0.0,0.0,0.0,0.0,9.56,0.0,0.0,0.0,7.16,0.0,2026-09-28,2026-09-28,2026-09-28 14:23:46
GPM,GARANTİ PORTFÖY MİB SERBEST (DÖVİZ) ÖZEL FON,Diğer / Belirsiz,VERIFY_ELIGIBILITY,Serbest fon; nitelikli yatırımcı / dağıtım kısıtı olabilir,True,2026-09-28,62.9185,0.0034,-0.1765,0.1799,0.2998,2.9862,-2.6863,4.9078,13.0834,21.1558,2.066,-0.3443,-0.3443,1311038661.52,2.0,329,0.0,0.0,0.0,3.18,0.0,0.0,0.0,0.0,0.0,0.0,0.0,0.0,0.0,0.0,2026-09-28,2026-09-28,2026-09-28 14:23:46
GPV,YAPI KREDİ PORTFÖY URLA SERBEST (DÖVİZ-AVRO) ÖZEL FON,Diğer / Belirsiz,VERIFY_ELIGIBILITY,Serbest fon; nitelikli yatırımcı / dağıtım kısıtı olabilir,True,2026-09-28,66.3654,-0.6588,-1.0657,0.4069,-1.9683,3.1603,-5.1286,3.2965,9.7439,16.9287,4.6072,-2.3375,-2.2875,441329586.54,1.0,329,0.0,0.0,0.0,0.0,0.0,0.0,0.0,0.0,0.37,0.0,0.0,0.0,0.0,0.0,2026-09-28,2026-09-28,2026-09-28 14:23:46
GRL,QNB PORTFÖY AGRESİF SERBEST FON,Diğer / Belirsiz,VERIFY_ELIGIBILITY,Serbest fon; nitelikli yatırımcı / dağıtım kısıtı olabilir,True,2026-09-28,1.7937,-0.3951,-1.5184,1.1233,-2.4318,6.9719,-9.4037,1.9294,7.0397,31.7624,16.1742,-4.3989,-3.4831,348078267.32,257.0,329,0.0,28.15,0.0,0.0,0.0,0.0,0.0,0.0,0.0,0.0,0.0,0.0,16.41,0.0,2026-09-28,2026-09-28,2026-09-28 14:23:46
GRO,GARANTİ PORTFÖY OTUZUNCU SERBEST (DÖVİZ) FON,Diğer / Belirsiz,VERIFY_ELIGIBILITY,Serbest fon; nitelikli yatırımcı / dağıtım kısıtı olabilir,True,2026-09-28,55.4936,0.4458,0.4392,0.0066,1.7852,1.8489,-0.0637,5.6148,12.3157,22.2829,1.1519,0.0,0.0,190673805867.86,26867.0,329,0.0,0.0,0.0,0.0,0.0,0.0,0.0,0.0,0.0,0.0,0.0,0.0,5.38,0.0,2026-09-28,2026-09-28,2026-09-28 14:23:46
GSE,AZİMUT PORTFÖY 7.0 SERBEST (DÖVİZ) FON,Diğer / Belirsiz,VERIFY_ELIGIBILITY,Serbest fon; nitelikli yatırımcı / dağıtım kısıtı olabilir,True,2026-09-28,66.5297,0.376,0.3013,0.0747,1.6324,2.0771,-0.4447,5.8103,13.0732,24.7111,1.2518,-0.0551,0.0,1420326827.67,106.0,329,0.0,0.0,0.0,0.0,0.0,0.0,0.0,0.0,33.4,0.0,0.0,0.0,0.0,0.0,2026-09-28,2026-09-28,2026-09-28 14:23:46
GSG,AZİMUT PORTFÖY GÜREL SERBEST (DÖVİZ) ÖZEL FON,Diğer / Belirsiz,VERIFY_ELIGIBILITY,Serbest fon; nitelikli yatırımcı / dağıtım kısıtı olabilir,True,2026-09-28,71.7238,-0.0469,-0.2913,0.2444,0.2626,2.3334,-2.0709,3.8325,11.1741,17.4693,2.1052,-0.4087,-0.3952,87222799.54,1.0,329,0.0,0.0,0.0,0.0,0.0,0.0,0.0,0.0,0.0,0.0,0.0,0.0,0.0,0.0,2026-09-28,2026-09-28,2026-09-28 14:23:46
GSL,AZİMUT PORTFÖY GIPTA SERBEST ÖZEL FON,Diğer / Belirsiz,VERIFY_ELIGIBILITY,Serbest fon; nitelikli yatırımcı / dağıtım kısıtı olabilir,True,2026-09-28,3.5722,-0.9674,1.721,-2.6883,2.409,3.2552,-0.8463,9.3364,19.8428,33.9147,6.9527,-1.3424,-1.3424,11769560.64,1.0,329,0.0,0.0,0.0,0.0,0.0,0.0,0.0,0.0,0.0,0.0,0.0,0.0,0.0,0.0,2026-09-28,2026-09-28,2026-09-28 14:23:46
GSO,GARANTİ PORTFÖY ÖPY SERBEST ÖZEL FON,Diğer / Belirsiz,VERIFY_ELIGIBILITY,Serbest fon; nitelikli yatırımcı / dağıtım kısıtı olabilir,True,2026-09-28,15.9046,0.6979,0.7213,-0.0234,2.845,2.9997,-0.1547,9.5273,22.6712,47.9962,1.3377,0.0,0.0,8725195598.04,7.0,329,0.0,0.0,0.0,0.0,0.0,0.0,0.0,0.0,0.0,0.0,0.0,0.0,100.0,0.0,2026-09-28,2026-09-28,2026-09-28 14:23:46
GSR,GARANTİ PORTFÖY EGL SERBEST (DÖVİZ) ÖZEL FON,Diğer / Belirsiz,VERIFY_ELIGIBILITY,Serbest fon; nitelikli yatırımcı / dağıtım kısıtı olabilir,True,2026-09-28,58.1748,0.0811,0.0401,0.0411,0.7026,2.8829,-2.1803,5.4216,13.6925,22.5571,1.5688,-0.1747,-0.171,270114708.15,2.0,329,0.0,0.0,0.0,3.9,0.0,0.0,0.0,0.0,0.0,0.0,0.0,0.0,0.0,0.0,2026-09-28,2026-09-28,2026-09-28 14:23:46
GSU,GARANTİ PORTFÖY KAR PAYI ÖDEYEN ŞUBAT 2026 SERBEST (DÖVİZ) FON,Diğer / Belirsiz,VERIFY_ELIGIBILITY,Serbest fon; nitelikli yatırımcı / dağıtım kısıtı olabilir,True,2026-09-28,0.0,,,,,,,,,-100.0,355.155,,,0.01,0.0,329,,,,,,,,,,,,,,,2026-09-28,2026-09-28,2026-09-28 14:23:46
GTK,GARANTİ PORTFÖY KAMU BORÇLANMA ARAÇLARI ÖZEL FONU,Borçlanma Araçları,VERIFY_ELIGIBILITY,Özel fon; erişim kısıtı olabilir,True,2026-09-28,7.2239,0.5571,0.2314,0.3257,1.9543,2.7992,-0.8448,6.4676,18.4629,37.49,1.5697,-0.1912,0.0,29108406872.68,1.0,329,0.0,0.0,0.0,0.0,0.0,0.0,85.14,0.0,0.0,0.0,0.0,0.0,3.45,0.0,2026-09-28,2026-09-28,2026-09-28 14:23:46
GTN,GARANTİ PORTFÖY GTH SERBEST (DÖVİZ) ÖZEL FON,Diğer / Belirsiz,VERIFY_ELIGIBILITY,Serbest fon; nitelikli yatırımcı / dağıtım kısıtı olabilir,True,2026-09-28,52.8776,0.0591,-0.2383,0.2973,0.3796,2.3349,-1.9553,4.2557,12.5599,22.1614,1.7898,-0.2949,-0.2761,1481236115.79,2.0,329,0.0,0.0,0.0,0.0,0.0,0.0,0.0,0.0,0.0,0.0,0.0,0.0,0.0,0.0,2026-09-28,2026-09-28,2026-09-28 14:23:46
GTY,GARANTİ PORTFÖY TREND SERBEST FON,Diğer / Belirsiz,VERIFY_ELIGIBILITY,Serbest fon; nitelikli yatırımcı / dağıtım kısıtı olabilir,True,2026-09-28,6.3855,-0.0057,-1.3877,1.382,-1.8124,7.5141,-9.3265,2.6416,15.9736,32.1165,8.7733,-3.7221,-1.8703,396804446.56,460.0,329,12.93,0.0,0.0,15.93,0.0,0.0,3.92,0.0,11.25,0.0,0.0,0.0,0.0,0.0,2026-09-28,2026-09-28,2026-09-28 14:23:46
GUA,GARANTİ PORTFÖY BİRİNCİ BORÇLANMA ARAÇLARI ÖZEL FON,Borçlanma Araçları,VERIFY_ELIGIBILITY,Özel fon; erişim kısıtı olabilir,True,2026-09-28,6.1191,0.2752,0.1812,0.094,1.1708,3.4352,-2.2644,6.6505,16.5655,32.4104,2.5049,-0.3417,-0.0703,2091888262.01,1.0,329,4.35,0.21,0.0,0.0,0.0,0.0,0.68,32.56,0.0,0.0,0.0,0.0,0.0,0.0,2026-09-28,2026-09-28,2026-09-28 14:23:46
GUB,GARANTİ PORTFÖY ÖZEL SEKTÖR BORÇLANMA ARAÇLARI FONU,Borçlanma Araçları,VERIFY_ELIGIBILITY,Özel fon; erişim kısıtı olabilir,True,2026-09-28,2.6658,0.6835,0.6806,0.0029,2.7816,2.9873,-0.2057,9.3384,21.465,46.4009,1.2916,0.0,0.0,4639023487.58,10364.0,329,0.0,0.0,0.0,0.0,0.0,0.0,2.57,49.63,0.0,0.0,0.0,0.0,12.95,0.0,2026-09-28,2026-09-28,2026-09-28 14:23:46
GUK,GARANTİ PORTFÖY GÜMÜŞ KATILIM SERBEST FON,Gümüş,VERIFY_ELIGIBILITY,Serbest fon; nitelikli yatırımcı / dağıtım kısıtı olabilir,True,2026-09-28,1.414,-2.8179,2.3617,-5.1796,-6.6769,22.2038,-28.8807,8.552,-1.3948,,29.1282,-9.1888,-6.6769,1287572796.69,2434.0,225,0.0,0.0,0.0,0.0,0.0,0.0,0.0,0.0,0.0,56.34,0.0,0.0,0.0,0.0,2026-09-28,2026-09-28,2026-09-28 14:23:46
GVB,GARANTİ PORTFÖY ACE SERBEST (DÖVİZ-ABD DOLARI) ÖZEL FON,Diğer / Belirsiz,VERIFY_ELIGIBILITY,Serbest fon; nitelikli yatırımcı / dağıtım kısıtı olabilir,True,2026-09-28,68.4317,-0.1843,-0.1504,-0.0339,-0.0419,3.0414,-3.0833,4.6144,12.3575,21.8921,2.3855,-0.4677,-0.4677,3592639671.46,3.0,329,0.0,0.0,0.0,5.36,0.0,0.0,0.0,0.0,0.03,0.0,0.0,0.0,0.0,0.0,2026-09-28,2026-09-28,2026-09-28 14:23:46
GVC,GARANTİ PORTFÖY ERG SERBEST (DÖVİZ) ÖZEL FON,Diğer / Belirsiz,VERIFY_ELIGIBILITY,Serbest fon; nitelikli yatırımcı / dağıtım kısıtı olabilir,True,2026-09-28,64.9251,0.0312,-0.2697,0.301,0.154,2.2278,-2.0737,3.9795,12.173,20.2931,1.9686,-0.4562,-0.4251,307697659.21,1.0,329,0.0,0.0,0.0,0.0,0.0,0.0,0.0,0.0,0.0,0.0,0.0,0.0,0.0,0.0,2026-09-28,2026-09-28,2026-09-28 14:23:46
GVD,GARANTİ PORTFÖY KARABAĞLI SERBEST (DÖVİZ) ÖZEL FON,Diğer / Belirsiz,VERIFY_ELIGIBILITY,Serbest fon; nitelikli yatırımcı / dağıtım kısıtı olabilir,True,2026-09-28,18.3898,0.0285,-0.1602,0.1887,-0.0765,-0.319,0.2424,-0.6988,-7.5723,-15.7261,1.7421,-0.727,-0.6988,406690.2,1.0,329,0.0,0.0,0.0,0.0,0.0,0.0,0.0,0.0,0.0,0.0,0.0,0.0,0.0,0.0,2026-09-28,2026-09-28,2026-09-28 14:23:46
GVL,GARANTİ  PORTFÖY ZYT SERBEST (DÖVİZ) ÖZEL FON,Diğer / Belirsiz,VERIFY_ELIGIBILITY,Serbest fon; nitelikli yatırımcı / dağıtım kısıtı olabilir,True,2026-09-28,67.4029,0.0243,-0.164,0.1883,0.5155,2.2579,-1.7424,4.3913,12.4819,21.9777,1.9097,-0.3271,-0.3271,530603383.16,3.0,329,0.0,0.0,0.0,0.0,0.0,0.0,0.0,0.0,0.0,0.0,0.0,0.0,0.0,0.0,2026-09-28,2026-09-28,2026-09-28 14:23:46
GVZ,GARANTİ PORTFÖY ACE SERBEST (DÖVİZ-AVRO) ÖZEL FON,Diğer / Belirsiz,VERIFY_ELIGIBILITY,Serbest fon; nitelikli yatırımcı / dağıtım kısıtı olabilir,True,2026-09-28,72.8454,-0.5899,-0.9057,0.3158,-1.6396,3.2926,-4.9322,3.8172,10.5958,18.2653,4.2247,-2.0405,-1.9728,403079659.41,2.0,329,0.0,0.0,0.0,0.0,0.0,0.0,0.0,0.0,0.0,0.0,0.0,0.0,0.0,0.0,2026-09-28,2026-09-28,2026-09-28 14:23:46
GYC,GARANTİ PORTFÖY YİRMİBEŞİNCİ SERBEST ÖZEL FON,Diğer / Belirsiz,VERIFY_ELIGIBILITY,Serbest fon; nitelikli yatırımcı / dağıtım kısıtı olabilir,True,2026-09-28,4.2278,0.6329,0.623,0.0099,2.5481,2.6356,-0.0875,8.1756,18.4042,39.2808,1.0566,0.0,0.0,21224008827.47,1.0,329,0.0,0.0,0.0,0.0,0.0,0.0,0.0,0.0,0.0,0.0,0.0,0.0,11.81,0.0,2026-09-28,2026-09-28,2026-09-28 14:23:46
GYG,GARANTİ PORTFÖY TEKOS SERBEST (DÖVİZ-AVRO) ÖZEL FON,Diğer / Belirsiz,VERIFY_ELIGIBILITY,Serbest fon; nitelikli yatırımcı / dağıtım kısıtı olabilir,True,2026-09-28,70.8882,-0.6584,-0.9992,0.3408,-1.8174,3.2233,-5.0407,3.5427,11.9647,18.5887,4.367,-2.2203,-2.155,498788942.08,4.0,329,0.0,0.0,0.0,0.0,0.0,0.0,0.0,0.0,19.88,0.0,0.0,0.0,0.0,0.0,2026-09-28,2026-09-28,2026-09-28 14:23:46
GYN,GARANTİ PORTFÖY HCR SERBEST (DÖVİZ) ÖZEL FON,Diğer / Belirsiz,VERIFY_ELIGIBILITY,Serbest fon; nitelikli yatırımcı / dağıtım kısıtı olabilir,True,2026-09-28,69.3991,0.2941,-0.2317,0.5258,-0.0429,3.7607,-3.8036,6.5602,15.5466,25.0499,3.8308,-0.6968,-0.342,1430563648.8,1.0,329,0.0,10.84,0.0,0.0,0.0,0.0,0.0,0.0,0.0,0.0,0.0,0.0,0.0,0.0,2026-09-28,2026-09-28,2026-09-28 14:23:46
GYR,GARANTİ PORTFÖY TEKOS SERBEST (DÖVİZ-ABD DOLARI) ÖZEL FON,Diğer / Belirsiz,VERIFY_ELIGIBILITY,Serbest fon; nitelikli yatırımcı / dağıtım kısıtı olabilir,True,2026-09-28,63.6629,-0.2352,-0.4904,0.2552,-0.2218,2.4849,-2.7067,3.9138,12.3375,21.1627,2.5921,-0.8276,-0.8276,592525982.99,5.0,329,0.0,0.0,0.0,0.0,0.0,0.0,0.0,0.0,0.0,0.0,0.0,0.0,0.0,0.0,2026-09-28,2026-09-28,2026-09-28 14:23:46
GZB,GARANTİ PORTFÖY ÖPY İKİNCİ SERBEST ÖZEL FON,Diğer / Belirsiz,VERIFY_ELIGIBILITY,Serbest fon; nitelikli yatırımcı / dağıtım kısıtı olabilir,True,2026-09-28,7.7365,0.761,-0.6655,1.4265,1.94,4.5156,-2.5755,8.1355,25.2859,50.0477,7.1201,-1.881,-0.1417,1392578908.45,1.0,329,14.74,0.0,0.0,0.0,0.0,0.0,18.95,20.34,0.0,0.0,0.0,0.0,0.0,0.0,2026-09-28,2026-09-28,2026-09-28 14:23:46
GZD,GARANTİ PORTFÖY ONÜCÜNCÜ SERBEST (DÖVİZ) ÖZEL FON,Diğer / Belirsiz,VERIFY_ELIGIBILITY,Serbest fon; nitelikli yatırımcı / dağıtım kısıtı olabilir,True,2026-09-28,62.505,-0.0575,-0.2061,0.1486,0.2381,2.2926,-2.0544,4.1512,12.7579,21.902,1.9047,-0.3154,-0.3154,54797977.8,3.0,329,0.0,0.0,0.0,0.0,0.0,0.0,0.0,0.0,0.0,0.0,0.0,0.0,0.0,0.0,2026-09-28,2026-09-28,2026-09-28 14:23:46
GZE,GARANTİ PORTFÖY EMTİA SERBEST FON,Diğer / Belirsiz,VERIFY_ELIGIBILITY,Serbest fon; nitelikli yatırımcı / dağıtım kısıtı olabilir,True,2026-09-28,8.1061,-0.2458,0.3913,-0.6371,2.4325,8.8158,-6.3833,21.0338,20.2563,53.6057,7.2501,-2.8309,-0.7393,1593063656.06,4016.0,329,0.0,0.0,0.0,68.19,0.0,0.0,0.0,0.0,13.84,0.0,0.0,0.0,14.49,0.0,2026-09-28,2026-09-28,2026-09-28 14:23:46
GZM,GLOBAL MD PORTFÖY DURU SERBEST FON,Diğer / Belirsiz,VERIFY_ELIGIBILITY,Serbest fon; nitelikli yatırımcı / dağıtım kısıtı olabilir,True,2026-09-28,10.6747,1.2918,0.9912,0.3006,4.1342,4.3711,-0.2369,13.3789,43.6809,75.1905,2.9657,-0.1654,-0.0226,329905051.15,683.0,329,51.93,0.0,0.0,0.0,0.0,0.0,0.0,0.0,7.29,0.0,0.0,0.0,0.0,0.0,2026-09-28,2026-09-28,2026-09-28 14:23:46
GZN,GLOBAL MD PORTFÖY BOĞAZİÇİ SERBEST FON,Diğer / Belirsiz,VERIFY_ELIGIBILITY,Serbest fon; nitelikli yatırımcı / dağıtım kısıtı olabilir,True,2026-09-28,47.7503,-1.7692,-4.1808,2.4115,-7.1969,6.3689,-13.5659,-3.0796,26.7608,54.2929,17.2473,-9.4046,-7.245,304893681.63,810.0,329,49.0,6.81,0.0,0.0,0.0,0.0,0.0,0.0,23.44,0.0,0.0,0.0,0.0,0.0,2026-09-28,2026-09-28,2026-09-28 14:23:46
GZO,GARANTİ PORTFÖY ÖZM SERBEST (DÖVİZ) ÖZEL FON,Diğer / Belirsiz,VERIFY_ELIGIBILITY,Serbest fon; nitelikli yatırımcı / dağıtım kısıtı olabilir,True,2026-09-28,68.7283,-0.8503,-1.1815,0.3312,-2.4913,3.3824,-5.8737,2.6902,9.2177,15.9516,5.0492,-2.7236,-2.6939,83216134.05,1.0,329,0.0,0.0,0.0,0.0,0.0,0.0,0.0,0.0,0.0,0.0,0.0,0.0,0.0,0.0,2026-09-28,2026-09-28,2026-09-28 14:23:46
GZU,GARANTİ PORTFÖY EKE SERBEST (DÖVİZ) ÖZEL FON,Diğer / Belirsiz,VERIFY_ELIGIBILITY,Serbest fon; nitelikli yatırımcı / dağıtım kısıtı olabilir,True,2026-09-28,68.4612,0.0827,-0.1264,0.2092,0.4823,2.5115,-2.0292,4.2783,12.474,21.7934,2.6375,-0.4757,-0.4302,467565837.3,2.0,329,0.0,2.19,0.0,0.0,0.0,0.0,0.0,0.0,0.0,0.0,0.0,0.0,0.0,0.0,2026-09-28,2026-09-28,2026-09-28 14:23:46
HAE,HSBC PORTFÖY EKİM 2026 SERBEST (DÖVİZ) FON,Diğer / Belirsiz,VERIFY_ELIGIBILITY,Serbest fon; nitelikli yatırımcı / dağıtım kısıtı olabilir,True,2026-09-28,57.3275,0.4316,0.429,0.0026,1.7322,1.8062,-0.074,5.4562,12.0805,21.6746,1.2197,0.0,0.0,2960337524.96,1239.0,329,0.0,0.0,0.0,0.0,0.0,0.0,0.0,0.0,0.0,0.0,0.0,0.0,0.0,0.0,2026-09-28,2026-09-28,2026-09-28 14:23:46
HAG,GARANTİ PORTFÖY EKİM 2026 SERBEST (DÖVİZ-ABD DOLARI) FON,Diğer / Belirsiz,VERIFY_ELIGIBILITY,Serbest fon; nitelikli yatırımcı / dağıtım kısıtı olabilir,True,2026-09-28,63.4898,0.4441,0.3987,0.0454,1.7122,1.8488,-0.1366,5.4434,12.165,22.1492,1.1731,-0.0329,0.0,433457743.5,45.0,329,0.0,0.0,0.0,0.0,0.0,0.0,0.0,0.0,0.0,0.0,0.0,0.0,0.0,0.0,2026-09-28,2026-09-28,2026-09-28 14:23:46
HAR,BV PORTFÖY HARMONY SERBEST FON,Diğer / Belirsiz,VERIFY_ELIGIBILITY,Serbest fon; nitelikli yatırımcı / dağıtım kısıtı olabilir,True,2026-09-28,1.1025,0.9203,-1.2626,2.1828,-1.7947,8.6042,-10.3988,6.2657,15.8351,,19.4686,-5.2274,-1.7947,758513641.36,66.0,243,0.0,0.0,0.0,0.0,0.0,0.0,0.0,0.0,10.07,0.0,0.0,0.0,0.0,0.0,2026-09-28,2026-09-28,2026-09-28 14:23:46
HAT,HEDEF PORTFÖY ATLAS İSTATİSTİKSEL ARBİTRAJ HİSSE SENEDİ SERBEST FON (HİSSE SENEDİ YOĞUN FON),Hisse Senedi,VERIFY_ELIGIBILITY,Serbest fon; nitelikli yatırımcı / dağıtım kısıtı olabilir,True,2026-09-28,1.871,0.0031,-0.1371,0.1402,-0.018,0.0037,-0.0216,0.9981,5.8245,21.4523,3.2003,-0.5566,-0.4546,2723100.47,73.0,329,86.43,0.0,0.0,0.0,0.0,0.0,0.0,0.0,0.0,0.0,0.0,0.0,0.0,0.0,2026-09-28,2026-09-28,2026-09-28 14:23:46
HB1,ZİRAAT PORTFÖY HALKBANK SERBEST (DÖVİZ-AMERİKAN DOLARI) FON,Bankacılık / Finans,VERIFY_ELIGIBILITY,Serbest fon; nitelikli yatırımcı / dağıtım kısıtı olabilir,True,2026-09-28,51.6505,0.4264,0.4329,-0.0065,1.7302,1.7761,-0.0459,5.4476,11.9716,22.013,1.1601,0.0,0.0,17159295743.83,321.0,329,0.0,0.0,0.0,0.0,0.0,0.0,0.0,0.0,0.0,0.0,0.0,0.0,0.0,0.0,2026-09-28,2026-09-28,2026-09-28 14:23:46
HB2,ZİRAAT PORTFÖY HALKBANK SERBEST (DÖVİZ-AVRO) FON,Bankacılık / Finans,VERIFY_ELIGIBILITY,Serbest fon; nitelikli yatırımcı / dağıtım kısıtı olabilir,True,2026-09-28,57.8998,-0.3376,-0.6326,0.295,-0.5523,2.9166,-3.4689,5.0629,9.4676,16.8904,3.6926,-1.3736,-1.1909,11932680538.55,175.0,329,0.0,0.0,0.0,0.0,0.0,0.0,0.0,0.0,0.0,0.0,0.0,0.0,0.0,0.0,2026-09-28,2026-09-28,2026-09-28 14:23:46
HBJ,HAS PORTFÖY BİRİNCİ SERBEST FON,Diğer / Belirsiz,VERIFY_ELIGIBILITY,Serbest fon; nitelikli yatırımcı / dağıtım kısıtı olabilir,True,2026-09-28,0.8361,-6.4772,-18.9958,12.5185,-47.3201,-11.8709,-35.4492,-58.4337,-66.3738,,74.6706,-58.4337,-58.4337,83612.82,1.0,160,0.0,0.0,0.0,0.0,0.0,0.0,0.0,0.0,0.0,0.0,0.0,0.0,64.64,0.0,2026-09-28,2026-09-28,2026-09-28 14:23:46
HBV,HEDEF PORTFÖY DORUK HİSSE SENEDİ SERBEST (TL) FON (HİSSE SENEDİ YOĞUN FON),Hisse Senedi,VERIFY_ELIGIBILITY,Serbest fon; nitelikli yatırımcı / dağıtım kısıtı olabilir,True,2026-09-28,17.6251,-1.3651,-12.0651,10.7,-10.6827,3.3398,-14.0225,-2.7,16.4865,56.7424,59.9965,-22.6417,-19.6484,1014327640.92,17.0,329,99.93,0.0,0.0,0.0,0.0,0.0,0.0,0.0,0.0,0.0,0.0,0.0,0.0,0.0,2026-09-28,2026-09-28,2026-09-28 14:23:46
HDA,HEDEF PORTFÖY DÖRDÜNCÜ İSTATİSTİKSEL ARBİTRAJ HİSSE SENEDİ SERBEST (TL) FON (HİSSE SENEDİ YOĞUN FON),Hisse Senedi,VERIFY_ELIGIBILITY,Serbest fon; nitelikli yatırımcı / dağıtım kısıtı olabilir,True,2026-09-28,3.206,0.2377,0.7904,-0.5527,1.8894,2.0666,-0.1772,6.6886,16.1144,35.9128,2.0976,-0.6564,0.0,77622902.81,480.0,329,74.41,0.0,0.0,0.0,0.0,0.0,0.0,0.0,21.77,0.0,0.0,0.0,0.0,0.0,2026-09-28,2026-09-28,2026-09-28 14:23:46
HDE,HSBC PORTFÖY BEŞİNCİ SERBEST (DÖVİZ-AVRO) FON,Diğer / Belirsiz,VERIFY_ELIGIBILITY,Serbest fon; nitelikli yatırımcı / dağıtım kısıtı olabilir,True,2026-09-28,57.611,-0.3609,-0.6449,0.284,-0.6334,2.9257,-3.5591,4.8995,9.1849,15.5644,3.7106,-1.3967,-1.236,9213003638.41,4421.0,329,0.0,0.0,0.0,3.2,0.0,0.0,0.0,0.0,0.0,0.0,0.0,0.0,14.52,0.0,2026-09-28,2026-09-28,2026-09-28 14:23:46
HDH,HEDEF PORTFÖY DOĞU HİSSE SENEDİ SERBEST (TL) FON (HİSSE SENEDİ YOĞUN FON),Hisse Senedi,VERIFY_ELIGIBILITY,Serbest fon; nitelikli yatırımcı / dağıtım kısıtı olabilir,True,2026-09-28,1525.3646,-37.703,-37.0643,-0.6387,-83.9562,-66.9249,-17.0313,-90.0351,-79.1351,-48.1155,10.2922,-95.5681,-95.5681,4558384310.1,16.0,329,95.78,0.0,0.0,0.0,0.0,0.0,0.0,0.0,1.24,0.0,0.0,0.0,0.0,0.0,2026-09-28,2026-09-28,2026-09-28 14:23:46
HDJ,HEDEF PORTFÖY ARTI SERBEST (TL) FON,Diğer / Belirsiz,VERIFY_ELIGIBILITY,Serbest fon; nitelikli yatırımcı / dağıtım kısıtı olabilir,True,2026-09-28,6.8612,0.7696,0.7513,0.0183,2.7667,2.837,-0.0703,9.2868,24.3037,53.1143,1.3168,-0.1108,0.0,102080394.86,13.0,329,0.0,0.0,0.0,0.0,0.0,0.0,0.0,10.83,0.0,0.0,0.0,0.0,0.0,0.0,2026-09-28,2026-09-28,2026-09-28 14:23:46
HDK,HEDEF PORTFÖY VEGA İSTATİSTİKSEL ARBİTRAJ HİSSE SENEDİ SERBEST FON (HİSSE SENEDİ YOĞUN FON),Hisse Senedi,VERIFY_ELIGIBILITY,Serbest fon; nitelikli yatırımcı / dağıtım kısıtı olabilir,True,2026-09-28,3.0581,0.1308,0.3222,-0.1914,1.3563,1.6819,-0.3256,5.0115,10.2305,26.0852,2.4433,-0.3851,-0.1096,11421554.96,120.0,329,77.39,0.0,0.0,0.0,0.0,0.0,0.0,0.0,0.05,0.0,0.0,0.0,0.0,0.0,2026-09-28,2026-09-28,2026-09-28 14:23:46
HDS,HEDEF PORTFÖY SERBEST (TL) FON,Diğer / Belirsiz,VERIFY_ELIGIBILITY,Serbest fon; nitelikli yatırımcı / dağıtım kısıtı olabilir,True,2026-09-28,17.4847,0.4777,0.2837,0.194,1.965,2.7848,-0.8198,7.7722,17.3434,37.5254,2.2735,-0.1553,0.0,1594983646.26,13.0,329,4.69,0.0,0.0,0.0,0.0,0.0,0.0,0.0,0.0,0.0,0.0,0.0,0.0,0.0,2026-09-28,2026-09-28,2026-09-28 14:23:46
HDV,HSBC PORTFÖY YEDİNCİ SERBEST (DÖVİZ-POUND) FON,Diğer / Belirsiz,VERIFY_ELIGIBILITY,Serbest fon; nitelikli yatırımcı / dağıtım kısıtı olabilir,True,2026-09-28,66.2824,-0.546,-0.6833,0.1373,-0.9805,2.7644,-3.7449,4.433,9.9304,18.1693,3.898,-1.5104,-1.4296,5032931118.04,2217.0,329,0.0,0.0,0.0,0.65,0.0,0.0,0.0,0.0,0.0,0.0,0.0,0.0,94.83,0.0,2026-09-28,2026-09-28,2026-09-28 14:23:46
HEH,HEDEF PORTFÖY ALGO EVEREST İSTATİSTİKSEL ARBİTRAJ HİSSE SENEDİ SERBEST FON (HİSSE SENEDİ YOĞUN FON),Hisse Senedi,VERIFY_ELIGIBILITY,Serbest fon; nitelikli yatırımcı / dağıtım kısıtı olabilir,True,2026-09-28,3.3802,0.1649,0.9295,-0.7646,1.9817,2.0908,-0.1092,6.9398,19.4245,39.4694,3.0569,-0.3944,-0.2064,371252634.67,1316.0,329,77.32,0.0,0.0,0.0,0.0,0.0,0.0,0.0,0.0,0.0,0.0,0.0,0.0,0.0,2026-09-28,2026-09-28,2026-09-28 14:23:46
HFA,HSBC PORTFÖY ALLİANZ DEĞİŞKEN ÖZEL FON,Değişken,VERIFY_ELIGIBILITY,Özel fon; erişim kısıtı olabilir,True,2026-09-28,3.1292,-0.1204,0.144,-0.2643,-0.3959,3.5793,-3.9753,4.7378,9.4809,21.7135,2.7839,-0.7635,-0.5321,4927676616.44,2.0,329,0.0,0.0,0.0,0.0,0.0,0.0,0.0,0.0,15.21,3.84,0.0,0.0,9.18,0.0,2026-09-28,2026-09-28,2026-09-28 14:23:46
HFI,HEDEF PORTFÖY İKİNCİ KATILIM HİSSE SENEDİ SERBEST FON (HİSSE SENEDİ YOĞUN FON),Hisse Senedi,VERIFY_ELIGIBILITY,Serbest fon; nitelikli yatırımcı / dağıtım kısıtı olabilir,True,2026-09-28,1.6413,-1.484,-9.684,8.2,-12.4047,10.5103,-22.915,-1.9627,11.366,21.7256,26.1327,-12.4047,-12.4047,56334402.78,125.0,329,88.61,0.0,0.0,0.0,0.0,0.0,0.0,0.0,11.39,0.0,0.0,0.0,0.0,0.0,2026-09-28,2026-09-28,2026-09-28 14:23:46
HFV,HSBC PYŞ ÜÇÜNCÜ SERBEST (DÖVİZ) FON,Diğer / Belirsiz,VERIFY_ELIGIBILITY,Serbest fon; nitelikli yatırımcı / dağıtım kısıtı olabilir,True,2026-09-28,64.1985,0.007,-0.2211,0.2282,0.1029,2.366,-2.2631,3.8981,11.9071,20.5978,2.1871,-0.4366,-0.4366,8747165900.81,3190.0,329,0.0,0.0,0.0,5.94,0.0,0.0,0.0,0.0,2.63,0.0,0.0,0.0,0.0,0.0,2026-09-28,2026-09-28,2026-09-28 14:23:46
HFY,ALBARAKA PORTFÖY HAYAT FİNANS KISA VADELİ KATILIM SERBEST FON,Katılım,VERIFY_ELIGIBILITY,Serbest fon; nitelikli yatırımcı / dağıtım kısıtı olabilir,True,2026-09-28,1.3596,0.6913,0.7138,-0.0225,2.8879,2.8578,0.03,9.2203,20.6771,,1.2455,0.0,0.0,60739499.13,30.0,214,0.0,0.0,0.0,0.0,0.0,0.0,0.0,0.0,0.0,0.0,0.0,0.0,0.0,0.0,2026-09-28,2026-09-28,2026-09-28 14:23:46
HGC,HSBC PORTFÖY MART 2027 SERBEST (DÖVİZ) FON,Diğer / Belirsiz,VERIFY_ELIGIBILITY,Serbest fon; nitelikli yatırımcı / dağıtım kısıtı olabilir,True,2026-09-28,54.0891,0.4078,0.4278,-0.0201,1.4836,1.961,-0.4774,5.2358,11.9373,19.9749,1.1385,-0.0445,0.0,555680189.66,302.0,329,0.0,0.0,0.0,0.0,0.0,0.0,0.0,0.0,0.0,0.0,0.0,0.0,0.0,0.0,2026-09-28,2026-09-28,2026-09-28 14:23:46
HGH,HEDEF PORTFÖY GÜNEŞ HİSSE SENEDİ SERBEST (TL) FON (HİSSE SENEDİ YOĞUN FON),Hisse Senedi,VERIFY_ELIGIBILITY,Serbest fon; nitelikli yatırımcı / dağıtım kısıtı olabilir,True,2026-09-28,1.7277,-1.1942,-2.0968,0.9026,-4.2199,3.7966,-8.0166,-8.8429,4.7545,-13.3982,11.514,-12.4382,-11.6224,989037.1,19.0,329,81.64,0.0,0.0,0.0,0.0,0.0,0.0,0.0,0.0,0.0,0.0,0.0,0.0,0.0,2026-09-28,2026-09-28,2026-09-28 14:23:46
HGJ,HEDEF PORTFÖY GÜNEY HİSSE SENEDİ SERBEST FON (HİSSE SENEDİ YOĞUN FON),Hisse Senedi,VERIFY_ELIGIBILITY,Serbest fon; nitelikli yatırımcı / dağıtım kısıtı olabilir,True,2026-09-28,1.271,-76.0385,-57.1258,-18.9126,-96.5486,63.5812,-160.1297,-95.6429,-88.9352,-75.2213,181.27,-96.5486,-96.5486,138658033.84,12.0,329,99.76,0.0,0.0,0.0,0.0,0.0,0.0,0.0,0.0,0.0,0.0,0.0,0.0,0.0,2026-09-28,2026-09-28,2026-09-28 14:23:46
HGR,HEDEF PORTFÖY ALGORİTMİK STRATEJİLER SERBEST FON,Diğer / Belirsiz,VERIFY_ELIGIBILITY,Serbest fon; nitelikli yatırımcı / dağıtım kısıtı olabilir,True,2026-09-28,1.3932,-0.9613,2.8562,-3.8175,4.3434,3.2158,1.1275,10.538,14.021,,11.0281,-1.691,-1.1142,30021099.76,132.0,240,55.43,0.0,0.0,0.0,0.0,0.0,0.0,0.0,0.0,0.0,0.0,0.0,0.0,0.0,2026-09-28,2026-09-28,2026-09-28 14:23:46
HGT,AZİMUT PORTFÖY 15.0 SERBEST (DÖVİZ) FON,Diğer / Belirsiz,VERIFY_ELIGIBILITY,Serbest fon; nitelikli yatırımcı / dağıtım kısıtı olabilir,True,2026-09-28,96.6215,0.0811,-0.1674,0.2485,0.5298,2.4451,-1.9154,4.6957,12.8981,23.336,1.7183,-0.2885,-0.2033,3421690056.09,14.0,329,0.0,0.0,0.0,0.0,0.0,0.0,0.0,0.0,1.36,0.0,0.0,0.0,0.0,0.0,2026-09-28,2026-09-28,2026-09-28 14:23:46
HGU,HSBC PORTFÖY GÜÇLÜ SERBEST ÖZEL FON,Diğer / Belirsiz,VERIFY_ELIGIBILITY,Serbest fon; nitelikli yatırımcı / dağıtım kısıtı olabilir,True,2026-09-28,5.2504,0.4992,1.8242,-1.325,2.762,4.693,-1.9309,8.0677,25.3465,49.7173,6.7363,-1.7211,-0.3356,2029676933.09,2.0,329,23.84,1.55,0.0,0.0,0.0,0.0,5.96,16.02,9.53,0.0,0.0,0.0,19.11,0.0,2026-09-28,2026-09-28,2026-09-28 14:23:46
HGV,HEDEF PORTFÖY BİRİNCİ SERBEST FON,Diğer / Belirsiz,VERIFY_ELIGIBILITY,Serbest fon; nitelikli yatırımcı / dağıtım kısıtı olabilir,True,2026-09-28,4.3908,-1.6349,-1.2248,-0.4101,-12.5176,3.3298,-15.8474,-13.1187,-11.3802,-10.1986,39.3046,-13.9612,-13.9612,17966537.74,333.0,329,56.14,0.0,0.0,0.0,0.0,0.0,0.0,0.0,5.8,0.0,0.0,0.0,0.0,0.0,2026-09-28,2026-09-28,2026-09-28 14:23:46
HIA,HEDEF PORTFÖY İSTATİSTİKSEL ARBİTRAJ SERBEST FON,Diğer / Belirsiz,VERIFY_ELIGIBILITY,Serbest fon; nitelikli yatırımcı / dağıtım kısıtı olabilir,True,2026-09-28,1.5992,-0.1651,1.2789,-1.444,2.231,2.6744,-0.4434,7.9469,19.1641,45.6461,3.1569,-0.4911,-0.1651,866034188.46,230.0,309,51.28,0.0,0.0,0.0,0.0,0.0,0.0,0.0,0.0,0.0,0.0,0.0,0.0,0.0,2026-09-28,2026-09-28,2026-09-28 14:23:46
HIF,HEDEF PORTFÖY İKİNCİ SERBEST FON,Diğer / Belirsiz,VERIFY_ELIGIBILITY,Serbest fon; nitelikli yatırımcı / dağıtım kısıtı olabilir,True,2026-09-28,0.4936,0.0203,-6.5732,6.5935,-8.0279,4.1852,-12.2131,-5.8828,-22.6391,,13.2615,-12.7143,-9.2007,10328243.71,43.0,201,5.53,0.0,0.0,0.0,0.0,0.0,0.0,0.0,1.93,0.0,0.0,0.0,0.0,0.0,2026-09-28,2026-09-28,2026-09-28 14:23:46
HII,HSBC PYŞ BİRİNCİ SERBEST (DÖVİZ) ÖZEL FON,Diğer / Belirsiz,VERIFY_ELIGIBILITY,Serbest fon; nitelikli yatırımcı / dağıtım kısıtı olabilir,True,2026-09-28,3.3651,0.1447,-0.2378,0.3825,0.4071,2.4691,-2.062,4.4212,12.9369,21.8381,2.1379,-0.3534,-0.2549,1108353721.18,1.0,329,0.0,0.0,0.0,0.0,0.0,0.0,0.0,0.0,0.0,0.0,0.0,0.0,0.0,0.0,2026-09-28,2026-09-28,2026-09-28 14:23:46
HIM,HEDEF PORTFÖY BİRİNCİ İSTATİSTİKSEL ARBİTRAJ HİSSE SENEDİ SERBEST FON (HİSSE SENEDİ YOĞUN FON),Hisse Senedi,VERIFY_ELIGIBILITY,Serbest fon; nitelikli yatırımcı / dağıtım kısıtı olabilir,True,2026-09-28,4.1019,0.387,0.7969,-0.4098,1.7966,2.5759,-0.7793,7.094,17.5646,38.0348,2.3719,-0.3149,0.0,276960222.59,186.0,329,80.05,0.0,0.0,0.0,0.0,0.0,0.0,0.0,0.0,0.0,0.0,0.0,0.0,0.0,2026-09-28,2026-09-28,2026-09-28 14:23:46
HIS,HEDEF PORTFÖY ÜÇÜNCÜ SERBEST FON,Diğer / Belirsiz,VERIFY_ELIGIBILITY,Serbest fon; nitelikli yatırımcı / dağıtım kısıtı olabilir,True,2026-09-28,2.9839,-0.4188,-0.9071,0.4883,-3.0861,-3.3234,0.2373,-8.106,-17.2626,-12.0911,4.0057,-8.106,-8.106,1313438.96,13.0,329,78.38,0.0,0.0,0.0,0.0,0.0,0.0,0.0,0.0,0.0,0.0,0.0,0.0,0.0,2026-09-28,2026-09-28,2026-09-28 14:23:46
HJA,AZİMUT PORTFÖY BİRİNCİ HİSSE SENEDİ SERBEST FON (HİSSE SENEDİ YOĞUN FON),Hisse Senedi,VERIFY_ELIGIBILITY,Serbest fon; nitelikli yatırımcı / dağıtım kısıtı olabilir,True,2026-09-28,11.2062,-25.8857,-20.413,-5.4728,-52.2666,-8.9042,-43.3624,-50.6176,-46.4885,-36.0021,37.9689,-60.8732,-60.8732,846271012.16,13.0,329,75.77,0.0,0.0,0.0,0.0,0.0,0.0,0.0,9.92,0.0,0.0,0.0,0.0,0.0,2026-09-28,2026-09-28,2026-09-28 14:23:46
HKM,HEDEF PORTFÖY BAŞAK HİSSE SENEDİ SERBEST (TL) FON (HİSSE SENEDİ YOĞUN FON),Hisse Senedi,VERIFY_ELIGIBILITY,Serbest fon; nitelikli yatırımcı / dağıtım kısıtı olabilir,True,2026-09-28,2.9275,-5.3233,-21.549,16.2258,-31.9503,8.8724,-40.8227,-33.3634,-29.4805,-33.6155,43.9248,-33.3845,-33.3634,31597080.72,809.0,329,83.56,0.0,0.0,0.0,0.0,0.0,0.0,0.0,3.85,0.0,0.0,0.0,0.0,0.0,2026-09-28,2026-09-28,2026-09-28 14:23:46
HKP,HEDEF PORTFÖY KATILIM HİSSE SENEDİ SERBEST (TL) FON (HİSSE SENEDİ YOĞUN FON),Hisse Senedi,VERIFY_ELIGIBILITY,Serbest fon; nitelikli yatırımcı / dağıtım kısıtı olabilir,True,2026-09-28,5.5171,-0.1325,-7.5288,7.3963,-9.3765,6.8025,-16.179,-9.3346,14.3539,25.5166,26.8769,-12.882,-12.1418,133435368.44,65.0,329,97.61,0.0,0.0,0.0,0.0,0.0,0.0,0.0,2.39,0.0,0.0,0.0,0.0,0.0,2026-09-28,2026-09-28,2026-09-28 14:23:46
HKR,HSBC PORTFÖY KIRMIZI HİSSE SENEDİ SERBEST (TL) FON (HİSSE SENEDİ YOĞUN FON),Hisse Senedi,VERIFY_ELIGIBILITY,Serbest fon; nitelikli yatırımcı / dağıtım kısıtı olabilir,True,2026-09-28,3.8729,-0.092,-4.5083,4.4163,-4.5429,7.4625,-12.0054,-4.5191,8.6954,15.3772,30.5977,-8.6737,-5.0779,1309757914.81,1406.0,329,86.08,0.0,0.0,0.0,0.0,0.0,0.0,0.0,0.0,0.0,0.0,0.0,0.0,0.0,2026-09-28,2026-09-28,2026-09-28 14:23:46
HLA,NEO PORTFÖY ÜÇÜNCÜ HİSSE SENEDİ SERBEST FON (HİSSE SENEDİ YOĞUN FON),Hisse Senedi,VERIFY_ELIGIBILITY,Serbest fon; nitelikli yatırımcı / dağıtım kısıtı olabilir,True,2026-09-28,1.1405,-19.5635,-22.1022,2.5387,-44.6824,11.0504,-55.7327,-41.0756,-31.2164,22.4633,59.342,-45.784,-45.784,20428819.5,11.0,258,55.66,0.0,0.0,0.0,0.0,0.0,0.0,0.0,30.07,0.0,0.0,0.0,0.0,0.0,2026-09-28,2026-09-28,2026-09-28 14:23:46
HLR,HEDEF PORTFÖY ADA HİSSE SENEDİ SERBEST (TL) FON (HİSSE SENEDİ YOĞUN FON),Hisse Senedi,VERIFY_ELIGIBILITY,Serbest fon; nitelikli yatırımcı / dağıtım kısıtı olabilir,True,2026-09-28,50.8195,-41.1046,-25.1951,-15.9095,-56.1841,-4.4238,-51.7603,-51.7824,-72.8899,-59.0088,87.8976,-63.5125,-63.5125,1043001747.84,13.0,329,99.89,0.0,0.0,0.0,0.0,0.0,0.0,0.0,0.11,0.0,0.0,0.0,0.0,0.0,2026-09-28,2026-09-28,2026-09-28 14:23:46
HMC,HEDEF PORTFÖY EKİNOKS SERBEST (TL) FON,Diğer / Belirsiz,VERIFY_ELIGIBILITY,Serbest fon; nitelikli yatırımcı / dağıtım kısıtı olabilir,True,2026-09-28,9.0356,0.314,0.3299,-0.0159,8.7615,7.6789,1.0826,19.0344,21.5321,25.5331,24.3436,-2.7646,-0.035,7408845.74,130.0,329,0.0,0.0,0.0,0.0,0.0,0.0,0.0,0.0,0.0,0.0,0.0,0.0,0.0,0.0,2026-09-28,2026-09-28,2026-09-28 14:23:46
HME,HSBC PORTFÖY DÖRDÜNCÜ SERBEST (DÖVİZ) FON,Diğer / Belirsiz,VERIFY_ELIGIBILITY,Serbest fon; nitelikli yatırımcı / dağıtım kısıtı olabilir,True,2026-09-28,55.6071,0.4193,0.4187,0.0006,1.6801,1.8331,-0.153,5.4422,12.0775,21.3464,1.1572,0.0,0.0,28652125234.62,8105.0,329,0.0,0.0,0.0,0.0,0.0,0.0,0.0,0.0,2.13,0.0,0.0,0.0,21.13,0.0,2026-09-28,2026-09-28,2026-09-28 14:23:46
HMG,HSBC PYŞ MUTLAK GETİRİ HEDEFLİ HİSSE SENEDİ SERBEST (TL) FON(HİSSE SENEDİ YOĞUN FON),Hisse Senedi,VERIFY_ELIGIBILITY,Serbest fon; nitelikli yatırımcı / dağıtım kısıtı olabilir,True,2026-09-28,0.0703,0.5072,0.7108,-0.2036,2.0749,2.5733,-0.4984,7.6843,19.0321,29.9804,2.7004,-0.2699,0.0,7696167978.96,5960.0,329,81.38,0.0,0.0,0.0,0.0,0.0,0.0,0.0,0.0,0.0,0.0,0.0,6.4,0.0,2026-09-28,2026-09-28,2026-09-28 14:23:46
HMK,HEDEF PORTFÖY EGE HİSSE SENEDİ SERBEST (TL) FON (HİSSE SENEDİ YOĞUN FON),Hisse Senedi,VERIFY_ELIGIBILITY,Serbest fon; nitelikli yatırımcı / dağıtım kısıtı olabilir,True,2026-09-28,211.51,-11.9622,-16.2448,4.2826,-33.5977,3.5603,-37.1581,-35.732,-24.3954,-25.7663,44.0732,-37.444,-37.444,47809511.96,37.0,329,99.75,0.0,0.0,0.0,0.0,0.0,0.0,0.0,0.22,0.0,0.0,0.0,0.0,0.0,2026-09-28,2026-09-28,2026-09-28 14:23:46
HML,HEDEF PORTFÖY KATILIM SERBEST (DÖVİZ) FON,Katılım,VERIFY_ELIGIBILITY,Serbest fon; nitelikli yatırımcı / dağıtım kısıtı olabilir,True,2026-09-28,48.8736,0.314,0.4415,-0.1275,1.3116,3.1462,-1.8346,5.4368,7.8401,16.9982,1.3179,-0.1866,0.0,79394456.75,39.0,329,0.0,0.0,0.0,0.0,0.0,0.0,0.0,0.0,3.46,0.0,0.0,0.0,0.0,0.0,2026-09-28,2026-09-28,2026-09-28 14:23:46
HMT,AZİMUT PORTFÖY 12.0 SERBEST FON,Diğer / Belirsiz,VERIFY_ELIGIBILITY,Serbest fon; nitelikli yatırımcı / dağıtım kısıtı olabilir,True,2026-09-28,7.2087,-0.0084,-0.3767,0.3683,-0.1991,3.1558,-3.3549,2.8541,10.6339,19.1386,4.0735,-1.2813,-0.8342,615228628.37,22.0,329,3.15,3.21,0.0,5.39,0.0,0.0,0.33,0.0,37.23,0.0,0.0,0.0,0.0,0.0,2026-09-28,2026-09-28,2026-09-28 14:23:46
HMV,HEDEF PORTFÖY MAVİ HİSSE SENEDİ SERBEST (TL) FON (HİSSE SENEDİ YOĞUN FON),Hisse Senedi,VERIFY_ELIGIBILITY,Serbest fon; nitelikli yatırımcı / dağıtım kısıtı olabilir,True,2026-09-28,6.7085,-45.6874,-27.3294,-18.358,-54.5534,-5.1537,-49.3997,-72.3475,-56.8092,-3.2399,101.1673,-72.9355,-72.9355,5952028270.9,13.0,329,99.74,0.0,0.0,0.0,0.0,0.0,0.0,0.0,0.0,0.0,0.0,0.0,0.0,0.0,2026-09-28,2026-09-28,2026-09-28 14:23:46
HNS,HSBC PORTFÖY KAR PAYI ÖDEYEN MAYIS 2029 SERBEST (DÖVİZ) FON,Diğer / Belirsiz,VERIFY_ELIGIBILITY,Serbest fon; nitelikli yatırımcı / dağıtım kısıtı olabilir,True,2026-09-28,48.6388,0.19,-0.1655,0.3555,0.3549,2.36,-2.0051,4.0775,8.0115,11.2199,1.8243,-0.3244,-0.207,615046905.63,172.0,329,0.0,0.0,0.0,0.0,0.0,0.0,0.0,0.0,0.0,0.0,0.0,0.0,0.0,0.0,2026-09-28,2026-09-28,2026-09-28 14:23:46
HP3,HEDEF PORTFÖY LİDYA SERBEST (DÖVİZ) FON,Diğer / Belirsiz,VERIFY_ELIGIBILITY,Serbest fon; nitelikli yatırımcı / dağıtım kısıtı olabilir,True,2026-09-28,60.0738,0.4293,0.4834,-0.054,1.8852,1.9852,-0.1,6.1048,13.2581,21.4391,1.1117,0.0,0.0,733774174.61,163.0,329,0.0,0.0,0.0,0.0,0.0,0.0,0.0,0.0,2.63,0.0,0.0,0.0,0.0,0.0,2026-09-28,2026-09-28,2026-09-28 14:23:46
HPC,ZİRAAT PORTFÖY HEDEF SERBEST ÖZEL FON,Diğer / Belirsiz,VERIFY_ELIGIBILITY,Serbest fon; nitelikli yatırımcı / dağıtım kısıtı olabilir,True,2026-09-28,11.3338,-0.168,-7.3849,7.2169,-5.4991,9.3774,-14.8765,-7.7698,5.9536,11.2251,28.7155,-12.3435,-8.4997,106391003520.91,8.0,329,6.35,0.0,0.0,0.0,0.0,0.0,0.0,0.0,8.93,83.7,0.0,0.0,0.07,0.0,2026-09-28,2026-09-28,2026-09-28 14:23:46
HPF,HEDEF PORTFÖY KUZEY HİSSE SENEDİ SERBEST (TL) FON (HİSSE SENEDİ YOĞUN FON),Hisse Senedi,VERIFY_ELIGIBILITY,Serbest fon; nitelikli yatırımcı / dağıtım kısıtı olabilir,True,2026-09-28,3.0729,-68.8012,-51.5662,-17.235,-90.4907,3.7161,-94.2067,-91.4762,-90.8316,-88.8932,145.5837,-92.4806,-92.4806,132591782.97,12.0,329,100.0,0.0,0.0,0.0,0.0,0.0,0.0,0.0,0.0,0.0,0.0,0.0,0.0,0.0,2026-09-28,2026-09-28,2026-09-28 14:23:46
HPI,HEDEF PORTFÖY İDEAL HİSSE SENEDİ SERBEST (TL) FON (HİSSE SENEDİ YOĞUN FON),Hisse Senedi,VERIFY_ELIGIBILITY,Serbest fon; nitelikli yatırımcı / dağıtım kısıtı olabilir,True,2026-09-28,1.7527,-40.5255,-33.1396,-7.3859,-72.127,-18.6239,-53.5031,-78.269,-76.0491,-52.8274,94.6992,-78.4059,-78.4059,60319203.32,14.0,329,100.0,0.0,0.0,0.0,0.0,0.0,0.0,0.0,0.0,0.0,0.0,0.0,0.0,0.0,2026-09-28,2026-09-28,2026-09-28 14:23:46
HPJ,AZİMUT PORTFÖY HP HİSSE SENEDİ SERBEST ÖZEL FON (HİSSE SENEDİ YOĞUN FON),Hisse Senedi,VERIFY_ELIGIBILITY,Serbest fon; nitelikli yatırımcı / dağıtım kısıtı olabilir,True,2026-09-28,3.8689,0.8753,-6.2895,7.1648,-4.8563,11.4623,-16.3186,0.7999,5.5893,14.98,32.1301,-9.671,-5.4693,35493695.08,1.0,329,84.37,0.0,0.0,0.0,0.0,0.0,0.0,0.0,15.63,0.0,0.0,0.0,0.0,0.0,2026-09-28,2026-09-28,2026-09-28 14:23:46
HPL,HEDEF PORTFÖY ÇINAR HİSSE SENEDİ SERBEST (TL) FON (HİSSE SENEDİ YOĞUN FON),Hisse Senedi,VERIFY_ELIGIBILITY,Serbest fon; nitelikli yatırımcı / dağıtım kısıtı olabilir,True,2026-09-28,0.2299,,-100.0,,-79.1643,-52.2948,-26.8695,-91.9427,-90.7332,-94.6168,,-100.0,-92.8277,67080106.91,24.0,329,99.54,0.0,0.0,0.0,0.0,0.0,0.0,0.0,0.46,0.0,0.0,0.0,0.0,0.0,2026-09-28,2026-09-28,2026-09-28 14:23:46
HPZ,HEDEF PORTFÖY ZEN HİSSE SENEDİ SERBEST (TL) FON (HİSSE SENEDİ YOĞUN),Hisse Senedi,VERIFY_ELIGIBILITY,Serbest fon; nitelikli yatırımcı / dağıtım kısıtı olabilir,True,2026-09-28,532.7157,0.37,-4.647,5.017,-4.0885,7.6323,-11.7208,4.3156,-3.2188,-4.1931,32.2037,-9.6814,-5.1563,5153491.86,18.0,329,89.9,0.0,0.0,0.0,0.0,0.0,0.0,0.0,5.87,0.0,0.0,0.0,0.0,0.0,2026-09-28,2026-09-28,2026-09-28 14:23:46
HSP,HSBC PORTFÖY KAR PAYI ÖDEYEN OCAK 2030 SERBEST (DÖVİZ) FON,Diğer / Belirsiz,VERIFY_ELIGIBILITY,Serbest fon; nitelikli yatırımcı / dağıtım kısıtı olabilir,True,2026-09-28,46.0858,0.104,-0.2424,0.3465,0.309,-1.246,1.555,0.4014,3.7224,9.3568,2.1913,-3.5115,-2.3825,102272210.63,63.0,329,0.0,0.0,0.0,0.0,0.0,0.0,0.0,0.0,0.0,0.0,0.0,0.0,0.0,0.0,2026-09-28,2026-09-28,2026-09-28 14:23:46
HTS,HSBC PORTFÖY ALTINCI SERBEST (DÖVİZ) FON,Altın,VERIFY_ELIGIBILITY,Serbest fon; nitelikli yatırımcı / dağıtım kısıtı olabilir,True,2026-09-28,61.2163,2.3159,0.4639,1.8521,2.6493,4.7932,-2.1439,6.9389,32.3385,36.3003,13.0006,-4.8694,-0.4833,4890342432.72,2535.0,316,0.0,0.0,0.0,0.0,0.0,0.0,0.0,0.0,84.39,0.0,0.0,0.0,0.0,0.0,2026-09-28,2026-09-28,2026-09-28 14:23:46
HTZ,HEDEF PORTFÖY TURKUAZ SERBEST FON,Diğer / Belirsiz,VERIFY_ELIGIBILITY,Serbest fon; nitelikli yatırımcı / dağıtım kısıtı olabilir,True,2026-09-28,9.3508,-5.6163,-14.5948,8.9786,-27.5015,-1.945,-25.5565,-37.5629,-34.6813,-24.0252,41.8515,-39.3203,-39.216,64857977.22,13.0,329,91.21,0.0,0.0,0.0,0.0,0.0,0.0,0.0,8.79,0.0,0.0,0.0,0.0,0.0,2026-09-28,2026-09-28,2026-09-28 14:23:46
HUI,AZİMUT PORTFÖY CAN HİSSE SENEDİ SERBEST ÖZEL FON (HİSSE SENEDİ YOĞUN FON),Hisse Senedi,VERIFY_ELIGIBILITY,Serbest fon; nitelikli yatırımcı / dağıtım kısıtı olabilir,True,2026-09-28,96.3641,-0.1926,-0.6316,0.439,8.2009,-10.7861,18.987,0.377,22.4135,25.4871,31.3472,-12.3653,-4.227,2274158482.14,1.0,329,84.55,0.0,0.0,0.0,0.0,0.0,0.0,0.0,0.96,0.0,0.0,0.0,0.0,0.0,2026-09-28,2026-09-28,2026-09-28 14:23:46
HUS,HEDEF PORTFÖY UĞUR SERBEST FON,Diğer / Belirsiz,VERIFY_ELIGIBILITY,Serbest fon; nitelikli yatırımcı / dağıtım kısıtı olabilir,True,2026-09-28,0.0035,-0.3435,-0.257,-0.0865,-1.416,-0.8425,-0.5736,-2.274,-4.8907,-99.8171,3.0227,-2.493,-2.493,1980652.65,12.0,329,0.0,0.0,0.0,0.0,0.0,0.0,0.0,0.0,100.0,0.0,0.0,0.0,0.0,0.0,2026-09-28,2026-09-28,2026-09-28 14:23:46
HVA,HEDEF PORTFÖY ECE HİSSE SENEDİ SERBEST (TL) FON (HİSSE SENEDİ YOĞUN FON),Hisse Senedi,VERIFY_ELIGIBILITY,Serbest fon; nitelikli yatırımcı / dağıtım kısıtı olabilir,True,2026-09-28,2.4564,-95.9105,-50.5299,-45.3806,-99.0898,-30.2892,-68.8006,-99.2361,-98.7131,-97.6117,296.3963,-99.4427,-99.4427,1423888.02,16.0,329,83.67,0.0,0.0,0.0,0.0,0.0,0.0,0.0,8.94,0.0,0.0,0.0,0.0,0.0,2026-09-28,2026-09-28,2026-09-28 14:23:46
HVB,HEDEF PORTFÖY PUSULA HİSSE SENEDİ SERBEST (TL) FON (HİSSE SENEDİ YOĞUN FON),Hisse Senedi,VERIFY_ELIGIBILITY,Serbest fon; nitelikli yatırımcı / dağıtım kısıtı olabilir,True,2026-09-28,0.5133,-32.6476,-32.1121,-0.5355,-72.5163,-18.6325,-53.8838,-74.4788,-65.7505,-35.3687,51.3584,-81.6709,-81.6709,590881223.66,13.0,329,85.91,0.0,0.0,0.0,0.0,0.0,0.0,0.0,14.09,0.0,0.0,0.0,0.0,0.0,2026-09-28,2026-09-28,2026-09-28 14:23:46
HVC,HEDEF PORTFÖY ROTA HİSSE SENEDİ SERBEST (TL) FON (HİSSE SENEDİ YOĞUN FON),Hisse Senedi,VERIFY_ELIGIBILITY,Serbest fon; nitelikli yatırımcı / dağıtım kısıtı olabilir,True,2026-09-28,23.0492,-5.3163,-8.1403,2.824,-14.9594,6.5969,-21.5563,-10.7643,-4.8024,-20.4313,32.5542,-20.8393,-20.0828,62871904.14,16.0,329,92.87,0.0,0.0,0.0,0.0,0.0,0.0,0.0,7.13,0.0,0.0,0.0,0.0,0.0,2026-09-28,2026-09-28,2026-09-28 14:23:46
HVL,HEDEF PORTFÖY POYRAZ SERBEST FON,Diğer / Belirsiz,VERIFY_ELIGIBILITY,Serbest fon; nitelikli yatırımcı / dağıtım kısıtı olabilir,True,2026-09-28,20.2521,-1.1316,-0.3474,-0.7842,-1.4224,-0.028,-1.3944,-0.8618,-0.7935,-52.18,2.8337,-1.9489,-1.9489,1063760.99,11.0,329,0.0,0.0,0.0,0.0,0.0,0.0,0.0,0.0,0.0,0.0,0.0,0.0,55.58,0.0,2026-09-28,2026-09-28,2026-09-28 14:23:46
HVN,HEDEF PORTFÖY DÖRDÜNCÜ SERBEST FON,Diğer / Belirsiz,VERIFY_ELIGIBILITY,Serbest fon; nitelikli yatırımcı / dağıtım kısıtı olabilir,True,2026-09-28,5.9259,-0.4586,0.2586,-0.7171,0.2317,2.3206,-2.0889,3.0782,11.1442,19.8403,2.8583,-0.779,-0.722,1927066.19,12.0,329,28.45,0.0,0.0,0.0,0.0,0.0,0.0,0.0,9.29,0.0,0.0,0.0,0.0,0.0,2026-09-28,2026-09-28,2026-09-28 14:23:46
HVV,AK PORTFÖY HERAKLES SERBEST (DÖVİZ) ÖZEL FON,Diğer / Belirsiz,VERIFY_ELIGIBILITY,Serbest fon; nitelikli yatırımcı / dağıtım kısıtı olabilir,True,2026-09-28,70.1299,-0.0529,-0.0933,0.0404,0.1411,2.687,-2.5458,4.3132,11.9705,20.6109,1.7728,-0.3545,-0.3417,3194564907.38,1.0,329,0.0,1.45,0.0,2.7,0.0,0.0,0.0,0.0,0.28,0.0,0.0,0.0,0.0,0.0,2026-09-28,2026-09-28,2026-09-28 14:23:46
HYK,HEDEF PORTFÖY AKDENİZ SERBEST FON,Diğer / Belirsiz,VERIFY_ELIGIBILITY,Serbest fon; nitelikli yatırımcı / dağıtım kısıtı olabilir,True,2026-09-28,11.4416,-0.2597,-3.2818,3.0221,-1.8593,6.9341,-8.7934,4.8711,21.0246,34.9172,12.2438,-3.7252,-3.6872,210475096.27,41.0,329,0.69,0.0,0.0,0.0,0.0,0.0,0.0,0.0,18.38,0.0,0.0,0.0,0.0,0.0,2026-09-28,2026-09-28,2026-09-28 14:23:46
HYP,AZİMUT PORTFÖY İVME SERBEST FON,Diğer / Belirsiz,VERIFY_ELIGIBILITY,Serbest fon; nitelikli yatırımcı / dağıtım kısıtı olabilir,True,2026-09-28,11.0925,0.8457,0.5303,0.3154,2.9491,3.231,-0.2819,9.727,34.2922,43.9549,1.225,-0.0593,0.0,582556423.96,54.0,329,0.0,0.0,0.0,0.0,0.0,0.0,27.64,7.3,0.0,0.0,0.0,0.0,45.78,0.0,2026-09-28,2026-09-28,2026-09-28 14:23:46
HYU,HSBC PORTFÖY KISA VADELİ SERBEST (TL) FON,Diğer / Belirsiz,VERIFY_ELIGIBILITY,Serbest fon; nitelikli yatırımcı / dağıtım kısıtı olabilir,True,2026-09-28,1.8662,0.686,0.6444,0.0416,2.7493,2.9702,-0.2208,9.222,21.1029,45.596,1.2434,0.0,0.0,1309937501.65,236.0,329,0.0,0.0,0.0,0.0,0.0,0.0,1.02,8.78,0.0,0.0,0.0,0.0,59.65,0.0,2026-09-28,2026-09-28,2026-09-28 14:23:46
HYY,AK PORTFÖY HERAKLES HİSSE SENEDİ SERBEST ÖZEL FON (HİSSE SENEDİ YOĞUN FON),Hisse Senedi,VERIFY_ELIGIBILITY,Serbest fon; nitelikli yatırımcı / dağıtım kısıtı olabilir,True,2026-09-28,12.4455,0.3651,-2.6291,2.9942,-1.6268,9.3423,-10.9691,-2.9742,9.1307,22.6816,29.2524,-11.3419,-3.5382,5868299352.65,1.0,329,80.15,0.0,0.0,0.0,0.0,0.0,0.0,0.0,0.0,0.0,0.0,0.0,0.0,0.0,2026-09-28,2026-09-28,2026-09-28 14:23:46
HZV,AK PORTFÖY HEZ SERBEST ÖZEL FON,Diğer / Belirsiz,VERIFY_ELIGIBILITY,Serbest fon; nitelikli yatırımcı / dağıtım kısıtı olabilir,True,2026-09-28,6.53,0.5639,-0.0189,0.5828,1.8591,3.5988,-1.7397,6.7159,18.2459,34.2262,6.6309,-1.2629,-0.2731,1069581381.72,3.0,329,14.25,0.0,0.0,0.0,0.0,0.0,0.0,0.0,77.62,0.0,0.0,0.0,0.0,0.0,2026-09-28,2026-09-28,2026-09-28 14:23:46
IAC,İŞ PORTFÖY MZS HİSSE SENEDİ SERBEST ÖZEL FON (HİSSE SENEDİ YOĞUN FON),Hisse Senedi,VERIFY_ELIGIBILITY,Serbest fon; nitelikli yatırımcı / dağıtım kısıtı olabilir,True,2026-09-28,5.2544,-1.7493,-1.7052,-0.0441,0.3668,11.6965,-11.3297,29.4395,31.5492,49.4416,25.1973,-5.6102,-3.6648,3643466891.0,1.0,329,99.99,0.0,0.0,0.0,0.0,0.0,0.0,0.0,0.01,0.0,0.0,0.0,0.0,0.0,2026-09-28,2026-09-28,2026-09-28 14:23:46
IAI,İŞ PORTFÖY TOROS HİSSE SENEDİ SERBEST ÖZEL FON (HİSSE SENEDİ YOĞUN FON),Hisse Senedi,VERIFY_ELIGIBILITY,Serbest fon; nitelikli yatırımcı / dağıtım kısıtı olabilir,True,2026-09-28,5.9667,-0.2357,-6.062,5.8263,-2.6241,3.8017,-6.4258,-5.1964,-2.4573,5.3983,37.0916,-9.8278,-6.2834,67991967.88,1.0,329,98.39,0.0,0.0,0.0,0.0,0.0,0.0,0.0,1.61,0.0,0.0,0.0,0.0,0.0,2026-09-28,2026-09-28,2026-09-28 14:23:46
IAJ,INVEO PORTFÖY ALTINCI SERBEST FON,Altın,VERIFY_ELIGIBILITY,Serbest fon; nitelikli yatırımcı / dağıtım kısıtı olabilir,True,2026-09-28,0.9424,1.0444,-4.126,5.1704,-3.3875,2.0985,-5.486,-7.7747,,,25.6039,-10.4667,-7.7747,1992835.54,12.0,89,52.29,0.0,0.0,0.0,0.0,0.0,0.0,0.0,47.71,0.0,0.0,0.0,0.0,0.0,2026-09-28,2026-09-28,2026-09-28 14:23:46
IAR,İSTANBUL PORTFÖY DÖRDÜNCÜ SERBEST FON,Diğer / Belirsiz,VERIFY_ELIGIBILITY,Serbest fon; nitelikli yatırımcı / dağıtım kısıtı olabilir,True,2026-09-28,72.8785,-1.9177,-4.3995,2.4819,-8.0749,8.2267,-16.3016,-10.5946,4.0263,3.6086,16.8266,-11.2625,-10.5946,130028524.83,13.0,329,74.3,0.0,0.0,0.0,0.0,0.0,0.0,0.0,24.08,0.0,0.0,0.0,0.0,0.0,2026-09-28,2026-09-28,2026-09-28 14:23:46
IAS,ASTRA PORTFÖY MUTLAK GETİRİ HEDEFLİ HİSSE SENEDİ SERBEST FON (HİSSE SENEDİ YOĞUN FON),Hisse Senedi,VERIFY_ELIGIBILITY,Serbest fon; nitelikli yatırımcı / dağıtım kısıtı olabilir,True,2026-09-28,1.938,-6.349,0.2841,-6.6331,-8.1268,2.0825,-10.2092,-5.896,-6.0296,18.2834,20.4286,-11.4525,-11.4525,3124972466.29,69.0,329,83.74,0.0,0.0,0.0,0.0,0.0,0.0,0.0,3.36,0.0,0.0,0.0,0.0,0.0,2026-09-28,2026-09-28,2026-09-28 14:23:46
IAU,PARDUS PORTFÖY İKİNCİ İSTATİSTİKSEL ARBİTRAJ HİSSE SENEDİ SERBEST (TL) FON (HİSSE SENEDİ YOĞUN FON),Hisse Senedi,VERIFY_ELIGIBILITY,Serbest fon; nitelikli yatırımcı / dağıtım kısıtı olabilir,True,2026-09-28,2.7339,0.5212,0.7837,-0.2625,2.2061,2.5311,-0.325,7.5903,17.8657,37.7167,2.1979,-0.2656,0.0,19395077.43,188.0,329,88.2,0.0,0.0,0.0,0.0,0.0,0.0,0.0,0.0,0.0,0.0,0.0,0.0,0.0,2026-09-28,2026-09-28,2026-09-28 14:23:46
IBC,İŞ PORTFÖY CENOVA SERBEST ÖZEL FON,Diğer / Belirsiz,VERIFY_ELIGIBILITY,Serbest fon; nitelikli yatırımcı / dağıtım kısıtı olabilir,True,2026-09-28,20.1497,0.595,0.4343,0.1606,2.3044,3.3064,-1.0021,9.3605,20.7522,45.5469,1.8678,-0.08,0.0,431785391.42,5.0,329,3.55,0.0,0.0,0.0,0.0,0.0,12.65,0.0,0.0,0.0,0.0,0.0,83.8,0.0,2026-09-28,2026-09-28,2026-09-28 14:23:46
IBE,İSTANBUL PORTFÖY BEŞİNCİ SERBEST FON,Diğer / Belirsiz,VERIFY_ELIGIBILITY,Serbest fon; nitelikli yatırımcı / dağıtım kısıtı olabilir,True,2026-09-28,12.3402,-10.5646,-13.4232,2.8586,-31.2477,-9.7918,-21.4558,-39.5842,-39.1486,-29.2945,33.1021,-41.0322,-40.9861,408775290.67,12.0,329,45.55,0.0,0.0,0.0,0.0,0.0,0.0,0.0,0.0,0.0,0.0,0.0,54.22,0.0,2026-09-28,2026-09-28,2026-09-28 14:23:46
IBG,AZİMUT PYŞ BİRİNCİ SERBEST FON,Diğer / Belirsiz,VERIFY_ELIGIBILITY,Serbest fon; nitelikli yatırımcı / dağıtım kısıtı olabilir,True,2026-09-28,1.6811,-0.0915,1.2356,-1.327,1.7381,3.3998,-1.6617,8.7375,20.7709,43.5594,8.9979,-1.7067,-1.1364,561050006.62,11.0,329,0.0,0.0,0.0,0.0,0.0,0.0,0.0,0.0,100.0,0.0,0.0,0.0,0.0,0.0,2026-09-28,2026-09-28,2026-09-28 14:23:46
IBJ,AZİMUT PORTFÖY 18.0 SERBEST (DÖVİZ) FON,Diğer / Belirsiz,VERIFY_ELIGIBILITY,Serbest fon; nitelikli yatırımcı / dağıtım kısıtı olabilir,True,2026-09-28,65.7371,-0.0356,-0.2189,0.1834,-0.1165,4.0424,-4.1589,5.3704,13.5313,24.9467,2.9547,-0.6387,-0.5086,822554909.82,23.0,329,0.0,3.71,0.0,0.0,0.0,0.0,0.0,0.0,30.6,0.0,0.0,0.0,0.0,0.0,2026-09-28,2026-09-28,2026-09-28 14:23:46
IBM,İSTANBUL PORTFÖY MUTLAK GETİRİ HEDEFLİ SERBEST FON,Diğer / Belirsiz,VERIFY_ELIGIBILITY,Serbest fon; nitelikli yatırımcı / dağıtım kısıtı olabilir,True,2026-09-28,3.915,-0.1382,-0.3164,0.1781,-0.3421,3.4998,-3.8419,3.381,13.5575,31.9896,4.3184,-0.9861,-0.7337,191270327.53,16.0,329,0.0,0.0,0.0,0.0,0.0,0.0,0.0,0.0,67.16,0.0,0.0,0.0,0.0,0.0,2026-09-28,2026-09-28,2026-09-28 14:23:46
IBP,İŞ PORTFÖY GED SERBEST (DÖVİZ) ÖZEL FON,Diğer / Belirsiz,VERIFY_ELIGIBILITY,Serbest fon; nitelikli yatırımcı / dağıtım kısıtı olabilir,True,2026-09-28,73.5878,1.1352,0.1638,0.9714,2.0619,3.3354,-1.2735,8.0531,18.5502,31.2562,3.732,-0.2562,0.0,4922477557.4,4.0,329,0.0,0.0,0.0,0.0,0.0,0.0,0.0,0.0,19.03,0.0,0.0,0.0,0.0,0.0,2026-09-28,2026-09-28,2026-09-28 14:23:46
IBR,AZİMUT PYŞ MUTLAK GETİRİ HEDEFLİ SERBEST FON,Diğer / Belirsiz,VERIFY_ELIGIBILITY,Serbest fon; nitelikli yatırımcı / dağıtım kısıtı olabilir,True,2026-09-28,0.3158,0.3014,0.2947,0.0068,2.5199,3.7914,-1.2715,10.3843,21.821,49.249,2.8129,-0.2489,0.0,2175566289.3,78.0,329,14.58,0.0,0.0,0.0,0.0,0.0,22.22,2.85,4.4,0.0,0.0,-6.39,0.0,0.0,2026-09-28,2026-09-28,2026-09-28 14:23:46
ICG,İŞ PORTFÖY ARCADİA SERBEST (DÖVİZ) ÖZEL FON,Diğer / Belirsiz,VERIFY_ELIGIBILITY,Serbest fon; nitelikli yatırımcı / dağıtım kısıtı olabilir,True,2026-09-28,71.1377,-0.0202,-0.1575,0.1374,-0.0027,2.6942,-2.697,4.0308,12.1419,21.6969,2.6214,-0.5366,-0.484,703680596.5,1.0,329,0.0,0.0,0.0,0.0,0.0,0.0,0.0,0.0,0.22,0.0,0.0,0.0,0.0,0.0,2026-09-28,2026-09-28,2026-09-28 14:23:46
ICN,İSTANBUL PORTFÖY ÜÇÜNCÜ İSTATİSTİKSEL ARBİTRAJ SERBEST (TL) FON,Diğer / Belirsiz,VERIFY_ELIGIBILITY,Serbest fon; nitelikli yatırımcı / dağıtım kısıtı olabilir,True,2026-09-28,4.4844,1.6428,0.4824,1.1604,3.4199,3.455,-0.0351,10.6171,24.4027,52.4744,5.4636,-0.3908,-0.093,264454700.42,20.0,329,11.32,0.0,0.0,0.0,0.0,0.0,0.0,0.0,0.0,0.0,0.0,0.0,0.0,0.0,2026-09-28,2026-09-28,2026-09-28 14:23:46
ICS,TEB PORTFÖY SERBEST (DÖVİZ) FON,Diğer / Belirsiz,VERIFY_ELIGIBILITY,Serbest fon; nitelikli yatırımcı / dağıtım kısıtı olabilir,True,2026-09-28,50.2315,-0.2922,0.2701,-0.5623,0.8968,2.1632,-1.2664,4.0047,7.4907,13.216,2.2504,-0.6698,-0.6698,7574753.28,51.0,329,0.0,0.0,0.0,0.0,0.0,0.0,0.0,0.0,0.0,0.0,0.0,0.0,0.0,0.0,2026-09-28,2026-09-28,2026-09-28 14:23:46
ICV,TEB PORTFÖY ONDOKUZUNCU SERBEST FON,Diğer / Belirsiz,VERIFY_ELIGIBILITY,Serbest fon; nitelikli yatırımcı / dağıtım kısıtı olabilir,True,2026-09-28,6.1413,0.5618,0.3806,0.1812,2.3306,3.5306,-1.2001,6.338,15.8741,30.0368,2.6651,-0.623,0.0,5790502.12,44.0,329,0.0,0.0,0.0,0.0,0.0,0.0,0.0,0.0,3.59,2.2,0.0,0.0,56.35,0.0,2026-09-28,2026-09-28,2026-09-28 14:23:46
IDD,LOGOS PORTFÖY DİNAMİK DAĞIMLI SERBEST FON,Diğer / Belirsiz,VERIFY_ELIGIBILITY,Serbest fon; nitelikli yatırımcı / dağıtım kısıtı olabilir,True,2026-09-28,0.1551,0.7786,-4.4375,5.2161,-2.8834,4.7064,-7.5898,-1.0522,10.0265,24.2005,21.3418,-6.2882,-3.6934,29127011.31,18.0,329,64.24,0.0,0.0,0.0,0.0,0.0,0.0,0.04,0.0,0.0,0.0,0.0,0.0,0.0,2026-09-28,2026-09-28,2026-09-28 14:23:46
IDF,İŞ PORTFÖY SERBEST (DÖVİZ) FON,Diğer / Belirsiz,VERIFY_ELIGIBILITY,Serbest fon; nitelikli yatırımcı / dağıtım kısıtı olabilir,True,2026-09-28,78.4989,0.4096,-0.0749,0.4845,0.9806,2.3595,-1.3789,5.132,13.0783,23.7038,1.5899,-0.1894,0.0,12404420179.17,4125.0,329,0.0,0.0,0.0,0.0,0.0,0.0,0.0,0.0,0.87,0.0,0.0,-12.7,0.61,0.0,2026-09-28,2026-09-28,2026-09-28 14:23:46
IDO,İŞ PORTFÖY ONDOKUZUNCU SERBEST (DÖVİZ-AVRO) FON,Diğer / Belirsiz,VERIFY_ELIGIBILITY,Serbest fon; nitelikli yatırımcı / dağıtım kısıtı olabilir,True,2026-09-28,58.5788,-0.3154,-0.6082,0.2928,-0.4551,2.9984,-3.4536,5.3056,9.755,16.9365,3.7037,-1.3261,-1.1337,82000387741.12,15500.0,329,0.0,0.0,0.0,0.0,0.0,0.0,0.0,0.0,0.04,0.0,0.0,0.0,41.42,0.0,2026-09-28,2026-09-28,2026-09-28 14:23:46
IDP,PİRAMİT PORTFÖY SİRİUS HİSSE SENEDİ SERBEST FON (HİSSE SENEDİ YOĞUN FON),Hisse Senedi,VERIFY_ELIGIBILITY,Serbest fon; nitelikli yatırımcı / dağıtım kısıtı olabilir,True,2026-09-28,1.7397,5.7233,-5.685,11.4084,-9.2581,19.7068,-28.9649,-3.0591,-16.4928,-27.9183,65.7629,-24.1179,-13.7833,107479370.47,22.0,329,96.57,0.0,0.0,0.0,0.0,0.0,0.0,0.0,3.36,0.0,0.0,0.0,0.0,0.0,2026-09-28,2026-09-28,2026-09-28 14:23:46
IDV,İŞ PORTFÖY ACHS SERBEST (DÖVİZ) ÖZEL FON,Diğer / Belirsiz,VERIFY_ELIGIBILITY,Serbest fon; nitelikli yatırımcı / dağıtım kısıtı olabilir,True,2026-09-28,71.3495,-0.3393,-0.4195,0.0802,-0.8614,2.7814,-3.6428,2.9562,11.9952,21.0196,3.3073,-1.2703,-1.2703,555569481.89,2.0,329,0.0,0.0,0.0,0.0,0.0,0.0,0.0,0.0,0.28,0.0,0.0,0.0,0.0,0.0,2026-09-28,2026-09-28,2026-09-28 14:23:46
IEN,İSTANBUL PORTFÖY İNŞAAT SEKTÖRÜ HİSSE SENEDİ SERBEST (TL) FON (HİSSE SENEDİ YOĞUN FON),Hisse Senedi,VERIFY_ELIGIBILITY,Serbest fon; nitelikli yatırımcı / dağıtım kısıtı olabilir,True,2026-09-28,1.1474,0.0054,-7.3767,7.3821,-9.8659,5.5396,-15.4055,-10.5506,2.4295,,31.4179,-13.381,-11.3644,7619058.57,73.0,216,94.9,0.0,0.0,0.0,0.0,0.0,0.0,0.0,0.0,0.0,0.0,0.0,0.0,0.0,2026-09-28,2026-09-28,2026-09-28 14:23:46
IEZ,INVEO PORTFÖY ELMA HİSSE SENEDİ SERBEST (TL) ÖZEL FON (HİSSE SENEDİ YOĞUN FON),Hisse Senedi,VERIFY_ELIGIBILITY,Serbest fon; nitelikli yatırımcı / dağıtım kısıtı olabilir,True,2026-09-28,2.472,-20.8336,-18.0824,-2.7512,-46.8416,-1.3128,-45.5288,-50.2453,-43.0461,-89.3637,47.7297,-52.8579,-52.8579,49914772.97,3.0,329,100.0,0.0,0.0,0.0,0.0,0.0,0.0,0.0,0.0,0.0,0.0,0.0,0.0,0.0,2026-09-28,2026-09-28,2026-09-28 14:23:46
IFD,İŞ PORTFÖY FINDIKLI SERBEST (DÖVİZ) ÖZEL FON,Diğer / Belirsiz,VERIFY_ELIGIBILITY,Serbest fon; nitelikli yatırımcı / dağıtım kısıtı olabilir,True,2026-09-28,60.7979,0.0319,-0.1332,0.165,0.2113,2.4647,-2.2534,4.0378,12.0543,20.3904,2.2794,-0.4234,-0.4188,1215958147.89,9.0,329,0.0,0.0,0.0,0.17,0.0,0.0,0.0,0.0,1.98,0.0,0.0,0.0,0.0,0.0,2026-09-28,2026-09-28,2026-09-28 14:23:46
IFY,İSTANBUL PORTFÖY ÖPY BİRİNCİ SERBEST ÖZEL FON,Diğer / Belirsiz,VERIFY_ELIGIBILITY,Serbest fon; nitelikli yatırımcı / dağıtım kısıtı olabilir,True,2026-09-28,7.3971,-3.8814,-1.5004,-2.381,-4.2313,4.6782,-8.9096,2.058,14.0513,37.6217,11.4244,-5.5218,-5.5218,96162494.55,1.0,329,0.0,0.0,0.0,0.0,0.0,0.0,0.0,0.0,99.98,0.0,0.0,0.0,0.0,0.0,2026-09-28,2026-09-28,2026-09-28 14:23:46
IGF,İŞ PORTFÖY GÜZEL SERBEST (DÖVİZ) ÖZEL FON,Diğer / Belirsiz,VERIFY_ELIGIBILITY,Serbest fon; nitelikli yatırımcı / dağıtım kısıtı olabilir,True,2026-09-28,69.2253,0.0229,-0.1162,0.1391,0.511,2.6078,-2.0968,4.8963,13.5319,24.6509,1.795,-0.2952,-0.2437,1462883423.68,2.0,329,0.0,0.0,0.0,0.78,0.0,0.0,0.0,0.0,0.1,0.0,0.0,0.0,0.0,0.0,2026-09-28,2026-09-28,2026-09-28 14:23:46
IGM,İŞ PORTFÖY ÜNİ SERBEST (DÖVİZ) ÖZEL FON,Diğer / Belirsiz,VERIFY_ELIGIBILITY,Serbest fon; nitelikli yatırımcı / dağıtım kısıtı olabilir,True,2026-09-28,66.9199,-0.1297,-0.0926,-0.0371,-0.0778,2.9455,-3.0233,4.4971,12.6057,21.6879,2.1568,-0.4243,-0.4243,1297445536.49,3.0,329,0.0,0.0,0.0,3.36,3.1,0.0,0.0,0.0,0.22,0.0,0.0,0.0,0.0,0.0,2026-09-28,2026-09-28,2026-09-28 14:23:46
IGZ,İŞ PORTFÖY İKİNCİ HİSSE SENEDİ SERBEST FON (HİSSE SENEDİ YOĞUN FON),Hisse Senedi,VERIFY_ELIGIBILITY,Serbest fon; nitelikli yatırımcı / dağıtım kısıtı olabilir,True,2026-09-28,11.9909,0.8302,-2.1694,2.9996,0.3541,7.3161,-6.9621,7.6902,16.128,34.985,35.0567,-7.8003,-1.8607,9848809.67,3.0,329,81.9,0.0,0.0,0.0,0.0,0.0,0.0,0.0,0.0,0.0,0.0,0.0,18.1,0.0,2026-09-28,2026-09-28,2026-09-28 14:23:46
IHC,INVEO PORTFÖY INTER SERBEST FON,Diğer / Belirsiz,VERIFY_ELIGIBILITY,Serbest fon; nitelikli yatırımcı / dağıtım kısıtı olabilir,True,2026-09-28,7.573,-0.8712,-1.1099,0.2386,-6.2349,5.2123,-11.4472,1.5978,30.8408,38.1242,19.332,-7.061,-7.061,374475914.74,364.0,329,5.88,70.49,0.0,5.74,0.0,0.0,0.0,0.0,13.51,0.0,0.0,0.0,0.0,0.0,2026-09-28,2026-09-28,2026-09-28 14:23:46
IHP,İSTANBUL PORTFÖY İKİNCİ HİSSE SENEDİ SERBEST (TL) FON (HİSSE SENEDİ YOĞUN FON),Hisse Senedi,VERIFY_ELIGIBILITY,Serbest fon; nitelikli yatırımcı / dağıtım kısıtı olabilir,True,2026-09-28,1.6343,-0.2731,-8.6481,8.3751,-12.9689,9.9362,-22.9052,-9.0197,2.5311,11.3865,34.3553,-15.3879,-13.7825,33798664.64,211.0,329,76.82,0.0,0.0,0.0,0.0,0.0,0.0,0.0,9.61,0.0,0.0,0.0,0.0,0.0,2026-09-28,2026-09-28,2026-09-28 14:23:46
IHV,INVEO PORTFÖY BEŞİNCİ HİSSE SENEDİ SERBEST FON (HİSSE SENEDİ YOĞUN FON),Hisse Senedi,VERIFY_ELIGIBILITY,Serbest fon; nitelikli yatırımcı / dağıtım kısıtı olabilir,True,2026-09-28,1.7392,-1.3103,-7.6546,6.3443,-8.427,7.4399,-15.8669,-16.2285,0.1843,0.3483,27.614,-16.887,-16.2285,173091748.25,27.0,327,80.62,0.0,0.0,0.0,0.0,0.0,0.0,0.0,0.0,0.0,0.0,0.0,0.0,0.0,2026-09-28,2026-09-28,2026-09-28 14:23:46
IHY,BULLS PORTFÖY GMS HİSSE SENEDİ SERBEST ÖZEL FON (HİSSE SENEDİ YOĞUN FON),Hisse Senedi,VERIFY_ELIGIBILITY,Serbest fon; nitelikli yatırımcı / dağıtım kısıtı olabilir,True,2026-09-28,3.3257,-24.5504,-16.8784,-7.672,-48.1599,2.0684,-50.2282,-51.4237,-26.8203,-56.1268,53.3048,-52.0599,-52.0599,111738906.45,1.0,329,80.48,0.0,0.0,0.0,0.0,0.0,0.0,0.0,0.12,0.0,0.0,0.0,0.0,0.0,2026-09-28,2026-09-28,2026-09-28 14:23:46
IHZ,ALLBATROSS PORTFÖY İKİNCİ HİSSE SENEDİ SERBEST FON (HİSSE SENEDİ YOĞUN FON),Hisse Senedi,VERIFY_ELIGIBILITY,Serbest fon; nitelikli yatırımcı / dağıtım kısıtı olabilir,True,2026-09-28,0.8233,0.6167,-3.3801,3.9968,-6.0256,10.1711,-16.1967,-22.4057,-16.3421,-20.6155,44.4383,-28.1234,-22.4057,877421.44,59.0,329,89.69,0.0,0.0,0.0,0.0,0.0,0.0,0.0,10.31,0.0,0.0,0.0,0.0,0.0,2026-09-28,2026-09-28,2026-09-28 14:23:46
IIA,İSTANBUL PORTFÖY ONBİRİNCİ SERBEST (TL) FON,Diğer / Belirsiz,VERIFY_ELIGIBILITY,Serbest fon; nitelikli yatırımcı / dağıtım kısıtı olabilir,True,2026-09-28,3.1229,-9.2016,-10.0204,0.8188,-25.8872,-26.9428,1.0555,-46.5924,-47.7958,-23.1391,19.0584,-51.0064,-51.0064,1195532288.6,11.0,329,22.36,0.0,0.0,0.0,0.0,0.0,0.0,0.0,48.3,0.0,0.0,0.0,0.0,0.0,2026-09-28,2026-09-28,2026-09-28 14:23:46
IIC,İSTANBUL PORTFÖY ONÜÇÜNCÜ SERBEST (TL) FON,Diğer / Belirsiz,VERIFY_ELIGIBILITY,Serbest fon; nitelikli yatırımcı / dağıtım kısıtı olabilir,True,2026-09-28,6.4863,0.3513,-4.3425,4.6938,-3.5676,-2.6614,-0.9062,-9.1309,123.5623,117.8423,21.264,-11.5324,-9.1309,4717811.6,13.0,329,61.01,0.0,0.0,0.0,0.0,0.0,0.0,0.0,0.0,0.0,0.0,0.0,0.0,0.0,2026-09-28,2026-09-28,2026-09-28 14:23:46
IIE,BULLS PORTFÖY İKİNCİ SERBEST FON,Diğer / Belirsiz,VERIFY_ELIGIBILITY,Serbest fon; nitelikli yatırımcı / dağıtım kısıtı olabilir,True,2026-09-28,3.9537,0.0268,-4.9994,5.0262,-40.1415,-17.3951,-22.7464,-52.3814,-51.8755,-62.1868,105.8324,-53.8969,-53.0113,325722638.06,3139.0,329,78.44,0.0,0.0,0.0,0.0,0.0,0.0,0.0,0.0,0.0,0.0,0.0,0.0,0.0,2026-09-28,2026-09-28,2026-09-28 14:23:46
IIF,İŞ PORTFÖY İSTATİSTİKSEL ARBİTRAJ SERBEST FON,Diğer / Belirsiz,VERIFY_ELIGIBILITY,Serbest fon; nitelikli yatırımcı / dağıtım kısıtı olabilir,True,2026-09-28,1.633,0.8984,1.0054,-0.107,3.8727,4.0544,-0.1818,12.1969,30.6996,,2.0791,-0.0066,0.0,1248558218.01,14.0,248,1.84,0.0,0.0,0.0,0.0,0.0,0.0,0.0,0.0,0.0,0.0,0.0,0.51,0.0,2026-09-28,2026-09-28,2026-09-28 14:23:46
IIS,İSTANBUL PORTFÖY İKİNCİ SERBEST FON,Diğer / Belirsiz,VERIFY_ELIGIBILITY,Serbest fon; nitelikli yatırımcı / dağıtım kısıtı olabilir,True,2026-09-28,23.1767,-17.9776,-22.293,4.3154,-51.5546,-25.2172,-26.3375,-68.2939,-72.4116,-67.5128,51.8691,-68.2939,-68.2939,572300718.63,91.0,329,27.97,0.0,0.0,0.0,0.0,0.0,0.0,0.17,13.17,0.0,0.0,0.0,0.0,0.0,2026-09-28,2026-09-28,2026-09-28 14:23:46
IJE,İŞ PORTFÖY EFON SERBEST (DÖVİZ) ÖZEL FON,Diğer / Belirsiz,VERIFY_ELIGIBILITY,Serbest fon; nitelikli yatırımcı / dağıtım kısıtı olabilir,True,2026-09-28,66.3031,-1.1173,-0.8698,-0.2475,-3.1739,1.7774,-4.9514,-0.161,8.1661,17.7747,3.0936,-3.1739,-3.1739,32261035.34,4.0,329,0.0,0.0,0.0,0.0,0.0,0.0,0.0,0.0,18.47,0.0,0.0,0.0,0.0,0.0,2026-09-28,2026-09-28,2026-09-28 14:23:46
IJF,AZİMUT PORTFÖY EREN HİSSE SENEDİ SERBEST ÖZEL FON (HİSSE SENEDİ YOĞUN FON),Hisse Senedi,VERIFY_ELIGIBILITY,Serbest fon; nitelikli yatırımcı / dağıtım kısıtı olabilir,True,2026-09-28,9.4282,0.5287,-4.1627,4.6914,-3.9432,1.8146,-5.7579,-1.0495,3.4702,7.4257,25.8212,-7.4061,-3.9432,800591860.18,2.0,329,88.43,0.0,0.0,0.0,0.0,0.0,0.0,0.0,11.57,0.0,0.0,0.0,0.0,0.0,2026-09-28,2026-09-28,2026-09-28 14:23:46
IJI,İSTANBUL PORTFÖY HİSSE SENEDİ SERBEST (TL) FON (HİSSE SENEDİ YOĞUN FON ),Hisse Senedi,VERIFY_ELIGIBILITY,Serbest fon; nitelikli yatırımcı / dağıtım kısıtı olabilir,True,2026-09-28,10.0079,1.9474,-5.9919,7.9393,-7.9978,8.5139,-16.5117,0.6662,29.8544,79.9971,27.759,-11.8209,-8.0711,187407125.06,195.0,329,85.47,0.0,0.0,0.0,0.0,0.0,0.0,0.0,0.0,0.0,0.0,0.0,0.0,0.0,2026-09-28,2026-09-28,2026-09-28 14:23:46
IJK,İSTANBUL PORTFÖY KEREM SERBEST (DÖVİZ) ÖZEL FON,Diğer / Belirsiz,VERIFY_ELIGIBILITY,Serbest fon; nitelikli yatırımcı / dağıtım kısıtı olabilir,True,2026-09-28,64.5843,0.2353,-0.0292,0.2644,0.4908,2.3094,-1.8186,4.28,11.2633,20.4243,1.9353,-0.2484,-0.1977,290184470.67,3.0,329,0.0,0.0,0.0,0.0,0.0,0.0,0.0,0.0,0.0,0.0,0.0,0.0,0.0,0.0,2026-09-28,2026-09-28,2026-09-28 14:23:46
IJL,İSTANBUL PORTFÖY SPİCA SERBEST (DÖVİZ) FON,Diğer / Belirsiz,VERIFY_ELIGIBILITY,Serbest fon; nitelikli yatırımcı / dağıtım kısıtı olabilir,True,2026-09-28,53.9515,0.2607,-1.2035,1.4642,0.0963,3.456,-3.3597,4.8339,11.3442,21.4505,6.1386,-1.6847,-1.2109,356975419.04,12.0,329,16.95,0.0,0.0,0.0,0.0,0.0,0.0,0.0,54.59,0.0,0.0,0.0,0.0,0.0,2026-09-28,2026-09-28,2026-09-28 14:23:46
IJT,İŞ PORTFÖY TARIM SERBEST FON,Diğer / Belirsiz,VERIFY_ELIGIBILITY,Serbest fon; nitelikli yatırımcı / dağıtım kısıtı olabilir,True,2026-09-28,7.1752,-0.9917,-2.671,1.6793,-3.3954,4.9929,-8.3883,6.6538,15.9194,31.508,9.6493,-3.8003,-3.8003,1249321707.91,1538.0,329,22.45,0.0,0.0,65.51,0.0,0.0,0.0,0.0,0.32,0.0,0.0,0.0,10.9,0.0,2026-09-28,2026-09-28,2026-09-28 14:23:46
IK2,İŞ PORTFÖY KAR PAYI ÖDEYEN İKİNCİ SERBEST (DÖVİZ) FON,Diğer / Belirsiz,VERIFY_ELIGIBILITY,Serbest fon; nitelikli yatırımcı / dağıtım kısıtı olabilir,True,2026-09-28,48.7137,0.4306,0.4485,-0.0179,1.5706,1.9756,-0.405,4.4624,9.9565,,1.0087,-0.9419,0.0,208106225.11,94.0,216,0.0,0.0,0.0,0.0,0.0,0.0,0.0,0.0,0.0,0.0,0.0,0.0,3.34,0.0,2026-09-28,2026-09-28,2026-09-28 14:23:46
ILC,İŞ PORTFÖY ONÜÇÜNCÜ SERBEST (DÖVİZ) FON,Diğer / Belirsiz,VERIFY_ELIGIBILITY,Serbest fon; nitelikli yatırımcı / dağıtım kısıtı olabilir,True,2026-09-28,52.2986,0.385,0.4627,-0.0777,1.6879,1.9079,-0.22,5.5092,12.1702,21.9519,1.1438,0.0,0.0,1453971104.83,220.0,329,0.0,0.0,0.0,0.0,0.0,0.0,0.0,0.0,0.0,0.0,0.0,0.0,0.01,0.0,2026-09-28,2026-09-28,2026-09-28 14:23:46
ILE,İŞ PORTFÖY ANADOLU SİGORTA  SERBEST (TL) ÖZEL FON,Diğer / Belirsiz,VERIFY_ELIGIBILITY,Serbest fon; nitelikli yatırımcı / dağıtım kısıtı olabilir,True,2026-09-28,5.3975,0.7104,0.6914,0.0189,2.9499,3.193,-0.2432,9.7875,22.5881,47.3073,1.3287,0.0,0.0,12015737150.42,1.0,329,0.0,0.0,0.0,0.0,0.0,0.0,10.52,9.28,0.0,0.0,0.0,0.0,14.8,0.0,2026-09-28,2026-09-28,2026-09-28 14:23:46
ILI,İŞ PORTFÖY İKİNCİ SERBEST (TL) FON,Diğer / Belirsiz,VERIFY_ELIGIBILITY,Serbest fon; nitelikli yatırımcı / dağıtım kısıtı olabilir,True,2026-09-28,6.074,0.6813,0.6938,-0.0125,2.8028,2.9722,-0.1694,9.4303,21.4656,45.2942,1.2859,0.0,0.0,585058804.1,15.0,329,0.0,0.0,0.0,0.0,0.0,0.0,0.0,0.0,0.0,0.0,0.0,0.0,24.51,0.0,2026-09-28,2026-09-28,2026-09-28 14:23:46
ILM,İSTANBUL PORTFÖY ONUNCU SERBEST FON,Diğer / Belirsiz,VERIFY_ELIGIBILITY,Serbest fon; nitelikli yatırımcı / dağıtım kısıtı olabilir,True,2026-09-28,7.031,0.2502,-4.697,4.9472,-3.2001,5.3708,-8.5709,-1.6057,7.894,20.8583,25.3049,-7.3544,-4.6223,306031177.5,13.0,329,66.81,0.0,0.0,0.0,0.0,0.0,0.0,0.0,19.91,0.0,0.0,0.0,0.0,0.0,2026-09-28,2026-09-28,2026-09-28 14:23:46
ILP,İŞ PORTFÖY POLMİNE SERBEST (DÖVİZ) ÖZEL FON,Diğer / Belirsiz,VERIFY_ELIGIBILITY,Serbest fon; nitelikli yatırımcı / dağıtım kısıtı olabilir,True,2026-09-28,62.9547,-0.0079,-0.2529,0.245,0.1305,2.5657,-2.4352,4.1431,12.541,21.8093,2.1493,-0.4759,-0.4399,3127232733.59,6.0,329,0.0,0.0,0.0,0.0,0.0,0.0,0.0,0.0,0.44,0.0,0.0,0.0,0.0,0.0,2026-09-28,2026-09-28,2026-09-28 14:23:46
ILU,İSTANBUL PORTFÖY ONALTINCI SERBEST FON,Altın,VERIFY_ELIGIBILITY,Serbest fon; nitelikli yatırımcı / dağıtım kısıtı olabilir,True,2026-09-28,1.1378,-4.139,-2.3968,-1.7422,-14.3514,0.7643,-15.1156,-14.7571,13.1076,27.4077,26.5646,-20.8403,-17.5971,2090441096.97,2.0,300,50.58,0.0,0.0,0.0,0.0,0.0,0.0,23.85,0.08,0.0,0.0,0.0,0.0,0.0,2026-09-28,2026-09-28,2026-09-28 14:23:46
IMF,İSTANBUL PORTFÖY MAESTRO SERBEST FON,Diğer / Belirsiz,VERIFY_ELIGIBILITY,Serbest fon; nitelikli yatırımcı / dağıtım kısıtı olabilir,True,2026-09-28,5.69,-1.6816,0.7417,-2.4233,-1.5282,3.9705,-5.4987,4.1061,11.0247,24.1593,7.3283,-1.7809,-1.6816,378672716.81,19.0,329,3.8,7.2,0.0,7.68,0.0,0.0,0.0,0.0,27.24,0.0,0.0,0.0,0.0,0.0,2026-09-28,2026-09-28,2026-09-28 14:23:46
IMG,GARANTİ PORTFÖY ING BANK KAR PAYI ÖDEYEN SERBEST (DÖVİZ) FON,Bankacılık / Finans,VERIFY_ELIGIBILITY,Serbest fon; nitelikli yatırımcı / dağıtım kısıtı olabilir,True,2026-09-28,50.3857,0.4508,0.4507,0.0001,1.4526,1.836,-0.3834,4.9241,10.3772,17.6863,1.278,-0.2251,0.0,920217130.97,138.0,329,0.0,0.0,0.0,0.0,0.0,0.0,0.0,0.0,0.0,0.0,0.0,0.0,0.0,0.0,2026-09-28,2026-09-28,2026-09-28 14:23:46
IMH,İŞ PORTFÖY ANADOLU HAYAT EMEKLİLİK SERBEST ÖZEL FON,Diğer / Belirsiz,VERIFY_ELIGIBILITY,Serbest fon; nitelikli yatırımcı / dağıtım kısıtı olabilir,True,2026-09-28,6.7201,0.8312,0.0069,0.8243,2.7825,3.7884,-1.0059,8.2785,12.1117,29.4737,6.0194,-1.167,0.0,721672272.61,1.0,329,13.11,0.0,0.0,0.0,0.0,0.0,3.12,0.0,2.99,0.0,0.0,0.0,66.92,0.0,2026-09-28,2026-09-28,2026-09-28 14:23:46
IMO,İŞ PORTFÖY ODAK SERBEST ÖZEL FON,Diğer / Belirsiz,VERIFY_ELIGIBILITY,Serbest fon; nitelikli yatırımcı / dağıtım kısıtı olabilir,True,2026-09-28,6.2288,0.6991,0.6991,-0.0,2.8299,3.0135,-0.1836,9.5419,22.0688,47.9638,1.2995,0.0,0.0,5349245368.77,2.0,329,0.0,0.0,0.0,0.0,0.0,0.0,0.0,0.0,0.0,0.0,0.0,0.0,99.97,0.0,2026-09-28,2026-09-28,2026-09-28 14:23:46
IMS,İŞ PORTFÖY MERMER SERBEST ÖZEL FON,Diğer / Belirsiz,VERIFY_ELIGIBILITY,Serbest fon; nitelikli yatırımcı / dağıtım kısıtı olabilir,True,2026-09-28,15.1841,-0.3099,-1.5889,1.279,-1.5233,4.6345,-6.1578,2.6333,10.5739,23.7507,10.0023,-3.1684,-2.2086,564447527.34,4.0,329,22.88,0.0,0.0,0.0,0.0,0.0,1.68,0.35,13.39,0.0,0.0,0.0,0.03,0.0,2026-09-28,2026-09-28,2026-09-28 14:23:46
IMT,İŞ PORTFÖY TOROS SERBEST (DÖVİZ) ÖZEL FON,Diğer / Belirsiz,VERIFY_ELIGIBILITY,Serbest fon; nitelikli yatırımcı / dağıtım kısıtı olabilir,True,2026-09-28,71.9332,-0.1429,0.052,-0.1949,-0.0469,3.6407,-3.6876,5.1857,15.3471,27.643,2.9734,-0.5482,-0.4058,727063152.19,4.0,329,0.0,0.0,0.0,7.46,0.0,0.0,0.0,0.0,1.47,0.0,0.0,0.0,0.0,0.0,2026-09-28,2026-09-28,2026-09-28 14:23:46
IMY,İŞ PORTFÖY SKYLARK SERBEST (DÖVİZ) ÖZEL FON,Diğer / Belirsiz,VERIFY_ELIGIBILITY,Serbest fon; nitelikli yatırımcı / dağıtım kısıtı olabilir,True,2026-09-28,75.5324,0.1587,0.1291,0.0296,0.7674,2.4883,-1.7209,4.881,12.2335,22.0077,1.7185,-0.2098,-0.1981,1621608049.99,6.0,329,0.0,0.0,0.0,1.02,0.0,0.0,0.0,0.0,33.32,0.0,0.0,0.0,0.0,0.0,2026-09-28,2026-09-28,2026-09-28 14:23:46
IMZ,İŞ PORTFÖY POYRAZ SERBEST (DÖVİZ) ÖZEL FON,Diğer / Belirsiz,VERIFY_ELIGIBILITY,Serbest fon; nitelikli yatırımcı / dağıtım kısıtı olabilir,True,2026-09-28,75.6936,0.2614,-0.0446,0.306,0.909,2.8372,-1.9283,5.5122,14.4748,24.8811,1.8233,-0.2681,-0.0948,313942757.02,4.0,329,0.0,2.64,0.0,0.0,0.0,0.0,0.0,0.0,0.0,0.0,0.0,0.0,15.8,0.0,2026-09-28,2026-09-28,2026-09-28 14:23:46
INH,GARANTİ PORTFÖY ING BANK ÖZEL BANKACILIK VE PLATİNUM DEĞİŞKEN ÖZEL FON,Bankacılık / Finans,VERIFY_ELIGIBILITY,Özel fon; erişim kısıtı olabilir,True,2026-09-28,15.016,0.5023,-1.2763,1.7786,-0.9693,6.2111,-7.1804,4.6271,14.9673,34.4537,9.9856,-2.6614,-0.9693,217077027.25,360.0,329,20.54,0.0,0.0,6.69,0.0,0.0,0.97,11.29,0.0,0.0,0.0,0.0,28.87,0.0,2026-09-28,2026-09-28,2026-09-28 14:23:46
INV,INVEO PORTFÖY İSTATİSTİKSEL ARBİTRAJ KAR PAYI ÖDEYEN SERBEST (TL) ÖZEL FON,Diğer / Belirsiz,VERIFY_ELIGIBILITY,Serbest fon; nitelikli yatırımcı / dağıtım kısıtı olabilir,True,2026-09-28,49.3098,0.5885,0.4181,0.1705,1.9306,2.6856,-0.755,6.3721,19.5827,43.774,2.2094,-0.1228,0.0,2101332067.46,1.0,329,2.92,0.0,0.0,0.0,0.0,0.0,0.0,0.0,0.36,0.0,0.0,0.0,0.0,0.0,2026-09-28,2026-09-28,2026-09-28 14:23:46
INZ,INVEO PORTFÖY İSTATİSTİKSEL ARBİTRAJ SERBEST (TL) FON,Diğer / Belirsiz,VERIFY_ELIGIBILITY,Serbest fon; nitelikli yatırımcı / dağıtım kısıtı olabilir,True,2026-09-28,3.6034,0.777,0.71,0.067,2.4792,3.7138,-1.2346,9.6847,20.9305,36.9311,2.3818,-0.4177,0.0,123959821.54,16.0,329,15.63,0.0,0.0,0.0,0.0,0.0,0.0,0.0,6.85,0.0,0.0,0.0,51.57,0.0,2026-09-28,2026-09-28,2026-09-28 14:23:46
IOG,İŞ PORTFÖY GÜMÜŞ SERBEST FON,Gümüş,VERIFY_ELIGIBILITY,Serbest fon; nitelikli yatırımcı / dağıtım kısıtı olabilir,True,2026-09-28,13.7913,-2.9771,2.891,-5.8681,-6.6243,21.0019,-27.6262,8.5899,1.7687,60.528,26.6259,-8.4162,-6.6243,11899941795.9,17613.0,329,0.0,0.0,0.0,78.94,3.29,0.0,0.0,0.0,9.0,0.0,0.0,0.0,0.0,0.0,2026-09-28,2026-09-28,2026-09-28 14:23:46
IOH,İŞ PORTFÖY ONSEKİZİNCİ SERBEST (DÖVİZ) FON,Diğer / Belirsiz,VERIFY_ELIGIBILITY,Serbest fon; nitelikli yatırımcı / dağıtım kısıtı olabilir,True,2026-09-28,52.7779,0.0922,-0.0489,0.1411,0.1094,2.2286,-2.1192,3.9053,11.4628,20.2663,2.1585,-0.4675,-0.3185,143866298.24,32.0,329,0.0,0.0,0.0,0.0,0.0,0.0,0.0,0.0,5.15,0.0,0.0,0.0,1.69,0.0,2026-09-28,2026-09-28,2026-09-28 14:23:46
IOJ,İŞ PORTFÖY EKİM 2026 SERBEST (DÖVİZ) FON,Diğer / Belirsiz,VERIFY_ELIGIBILITY,Serbest fon; nitelikli yatırımcı / dağıtım kısıtı olabilir,True,2026-09-28,52.9726,0.403,0.4619,-0.0589,1.6843,1.9024,-0.2182,5.4579,12.1058,21.7014,1.0718,0.0,0.0,189978326.98,39.0,329,0.0,0.0,0.0,0.0,0.0,0.0,0.0,0.0,0.0,0.0,0.0,0.0,2.04,0.0,2026-09-28,2026-09-28,2026-09-28 14:23:46
IOL,İŞ PORTFÖY OSK SERBEST (DÖVİZ) ÖZEL FON,Diğer / Belirsiz,VERIFY_ELIGIBILITY,Serbest fon; nitelikli yatırımcı / dağıtım kısıtı olabilir,True,2026-09-28,67.0273,-0.1911,-0.2455,0.0544,-0.4448,3.9851,-4.43,4.7929,13.0923,21.6419,2.7749,-0.7719,-0.7719,958839152.18,1.0,329,0.0,0.0,0.0,10.45,0.0,0.0,0.0,0.0,20.52,0.0,0.0,0.0,0.0,0.0,2026-09-28,2026-09-28,2026-09-28 14:23:46
IOM,İSTANBUL PORTFÖY ONBEŞİNCİ SERBEST FON,Diğer / Belirsiz,VERIFY_ELIGIBILITY,Serbest fon; nitelikli yatırımcı / dağıtım kısıtı olabilir,True,2026-09-28,2.8543,-7.7014,-12.8313,5.1299,-28.0783,-1.3663,-26.712,-31.3324,-24.4559,-22.5818,24.9342,-31.6146,-31.39,400580020.9,11.0,329,31.83,0.0,0.0,0.0,0.0,0.0,0.0,0.0,46.96,0.0,0.0,0.0,0.0,0.0,2026-09-28,2026-09-28,2026-09-28 14:23:46
ION,İSTANBUL PORTFÖY ONİKİNCİ SERBEST FON,Diğer / Belirsiz,VERIFY_ELIGIBILITY,Serbest fon; nitelikli yatırımcı / dağıtım kısıtı olabilir,True,2026-09-28,0.8767,0.9089,0.587,0.3219,0.5156,10.6173,-10.1017,10.4126,-66.5276,-67.3584,10.4092,-3.423,-0.0136,8775293.49,14.0,329,0.0,0.0,0.0,0.0,0.0,0.0,0.0,0.0,1.18,0.0,0.0,0.0,0.0,0.0,2026-09-28,2026-09-28,2026-09-28 14:23:46
IOT,AZİMUT PORTFÖY 216 SERBEST (DÖVİZ) ÖZEL FON,Diğer / Belirsiz,VERIFY_ELIGIBILITY,Serbest fon; nitelikli yatırımcı / dağıtım kısıtı olabilir,True,2026-09-28,60.4999,0.2086,0.0015,0.2071,1.0762,2.5104,-1.4342,5.6519,15.1005,27.1625,1.5336,-0.1349,-0.1,272403137.82,6.0,329,0.0,0.0,0.0,0.0,0.0,0.0,0.0,0.0,19.64,0.0,0.0,0.0,0.0,0.0,2026-09-28,2026-09-28,2026-09-28 14:23:46
IOV,İSTANBUL PORTFÖY PAPİRUS SERBEST (DÖVİZ) ÖZEL FON,Diğer / Belirsiz,VERIFY_ELIGIBILITY,Serbest fon; nitelikli yatırımcı / dağıtım kısıtı olabilir,True,2026-09-28,58.1671,-0.2787,0.5146,-0.7933,0.6555,2.4274,-1.7719,5.0495,11.4805,21.2233,2.3824,-0.5054,-0.5054,572505291.54,1.0,329,0.0,0.0,0.0,0.0,0.0,0.0,0.0,0.0,100.0,0.0,0.0,0.0,0.0,0.0,2026-09-28,2026-09-28,2026-09-28 14:23:46
IPA,İŞ PORTFÖY SÜTAŞ HİSSE SENEDİ SERBEST ÖZEL FON (HİSSE SENEDİ YOĞUN FON),Hisse Senedi,VERIFY_ELIGIBILITY,Serbest fon; nitelikli yatırımcı / dağıtım kısıtı olabilir,True,2026-09-28,0.7334,0.0548,-5.6481,5.7029,-4.0203,7.0813,-11.1016,-3.5854,1.9183,12.2178,34.5348,-9.5873,-6.0441,589619880.61,16.0,329,89.04,0.0,0.0,0.0,2.27,0.0,0.1,0.22,4.99,0.0,0.0,0.0,0.0,0.0,2026-09-28,2026-09-28,2026-09-28 14:23:46
IPC,İŞ PORTFÖY CK SERBEST ÖZEL FON,Diğer / Belirsiz,VERIFY_ELIGIBILITY,Serbest fon; nitelikli yatırımcı / dağıtım kısıtı olabilir,True,2026-09-28,24.4071,-0.4429,-0.9879,0.545,-2.617,1.5431,-4.16,-0.0917,6.983,13.9419,2.9435,-2.617,-2.617,14034062.36,1.0,329,0.0,0.0,0.0,0.0,0.0,0.0,0.0,0.0,32.92,0.0,0.0,0.0,0.52,0.0,2026-09-28,2026-09-28,2026-09-28 14:23:46
IPE,İŞ PORTFÖY ANADOLU SİGORTA SERBEST ÖZEL FON,Diğer / Belirsiz,VERIFY_ELIGIBILITY,Serbest fon; nitelikli yatırımcı / dağıtım kısıtı olabilir,True,2026-09-28,9.9648,0.7977,0.1176,0.6801,2.7542,4.1003,-1.3461,8.4366,12.2896,36.0488,5.9308,-1.0529,0.0,4151495266.98,3.0,329,12.02,0.0,0.0,0.0,0.0,0.0,4.59,0.6,6.18,0.0,0.0,0.0,68.25,0.0,2026-09-28,2026-09-28,2026-09-28 14:23:46
IPF,PERFORM PORTFÖY İKİNCİ SERBEST FON,Diğer / Belirsiz,VERIFY_ELIGIBILITY,Serbest fon; nitelikli yatırımcı / dağıtım kısıtı olabilir,True,2026-09-28,0.1258,0.5404,0.3127,0.2276,1.3163,3.0114,-1.6951,4.4063,15.6141,28.5027,3.9791,-2.1843,-0.366,141751025.31,57.0,329,0.0,64.24,0.0,0.0,0.0,0.0,0.0,0.0,0.0,0.0,0.0,0.0,31.13,0.0,2026-09-28,2026-09-28,2026-09-28 14:23:46
IPK,İŞ PORTFÖY KOS SERBEST ÖZEL FON,Diğer / Belirsiz,VERIFY_ELIGIBILITY,Serbest fon; nitelikli yatırımcı / dağıtım kısıtı olabilir,True,2026-09-28,58.5674,0.6657,0.1446,0.5211,1.1475,5.526,-4.3785,12.3756,32.9853,36.3662,9.4864,-2.4279,-0.3572,3277419558.77,1.0,329,0.0,68.87,0.0,8.66,0.0,0.0,0.0,0.0,22.47,0.0,0.0,0.0,0.0,0.0,2026-09-28,2026-09-28,2026-09-28 14:23:46
IPO,İŞ PORTFÖY ONUR SERBEST ÖZEL FON,Diğer / Belirsiz,VERIFY_ELIGIBILITY,Serbest fon; nitelikli yatırımcı / dağıtım kısıtı olabilir,True,2026-09-28,48.9238,-0.0286,-1.0134,0.9848,-0.1055,6.727,-6.8325,3.0807,24.8408,45.6215,6.1619,-3.7349,-1.3113,490532388.24,1.0,329,7.55,17.65,0.0,5.79,0.0,0.0,38.39,0.0,0.71,0.0,0.0,0.0,3.26,0.0,2026-09-28,2026-09-28,2026-09-28 14:23:46
IPP,PERFORM PORTFÖY BIRINCI SERBEST FON,Diğer / Belirsiz,VERIFY_ELIGIBILITY,Serbest fon; nitelikli yatırımcı / dağıtım kısıtı olabilir,True,2026-09-28,0.187,0.7792,0.6404,0.1387,2.2592,4.1691,-1.9099,9.1961,16.2066,47.2059,1.7046,-0.4719,0.0,6651820954.43,150.0,329,0.0,0.0,0.0,0.0,0.0,0.0,0.0,0.0,43.01,0.0,0.0,0.0,27.72,0.0,2026-09-28,2026-09-28,2026-09-28 14:23:46
IPR,İŞ PORTFÖY ICARUS SERBEST ÖZEL FON,Diğer / Belirsiz,VERIFY_ELIGIBILITY,Serbest fon; nitelikli yatırımcı / dağıtım kısıtı olabilir,True,2026-09-28,33.1326,-0.9206,-0.7258,-0.1947,-2.7681,1.7107,-4.4788,0.0934,6.9717,15.7508,2.3636,-2.7681,-2.7681,20376554.32,1.0,329,0.0,0.0,0.0,0.0,0.0,0.0,0.0,0.0,40.62,0.0,0.0,0.0,0.0,0.0,2026-09-28,2026-09-28,2026-09-28 14:23:46
IPU,İŞ PORTFÖY AS SERBEST ÖZEL FON,Diğer / Belirsiz,VERIFY_ELIGIBILITY,Serbest fon; nitelikli yatırımcı / dağıtım kısıtı olabilir,True,2026-09-28,48.8512,0.3434,0.4113,-0.0679,-0.0119,3.2183,-3.2302,8.9851,27.6819,27.8896,10.3116,-5.0655,-1.7134,5699152405.25,1.0,329,0.0,61.27,0.0,11.41,0.0,0.0,0.0,0.0,27.32,0.0,0.0,0.0,0.0,0.0,2026-09-28,2026-09-28,2026-09-28 14:23:46
IRB,İSTANBUL PORTFÖY İSTATİSTİKSEL ARBİTRAJ HİSSE SENEDİ SERBEST FON (HİSSE SENEDİ YOĞUN FON),Hisse Senedi,VERIFY_ELIGIBILITY,Serbest fon; nitelikli yatırımcı / dağıtım kısıtı olabilir,True,2026-09-28,1.3639,0.7411,0.7919,-0.0508,1.9108,3.4934,-1.5826,8.6655,21.7254,,3.5683,-0.6661,0.0,650278086.8,482.0,196,59.86,0.0,0.0,0.0,0.0,0.0,0.0,0.0,0.0,0.0,0.0,0.0,0.0,0.0,2026-09-28,2026-09-28,2026-09-28 14:23:46
IRE,İŞ PORTFÖY KAR PAYI ÖDEYEN SERBEST (DÖVİZ) FON,Diğer / Belirsiz,VERIFY_ELIGIBILITY,Serbest fon; nitelikli yatırımcı / dağıtım kısıtı olabilir,True,2026-09-28,47.5408,0.0574,-0.1763,0.2337,0.4295,2.0135,-1.584,2.0591,7.9091,16.4275,1.7075,-1.7605,-0.1996,115817153.43,60.0,297,0.0,0.0,0.0,0.0,0.0,0.0,0.0,0.0,0.0,0.0,0.0,0.0,1.38,0.0,2026-09-28,2026-09-28,2026-09-28 14:23:46
IRL,İSTANBUL PORTFÖY KEY SERBEST FON,Diğer / Belirsiz,VERIFY_ELIGIBILITY,Serbest fon; nitelikli yatırımcı / dağıtım kısıtı olabilir,True,2026-09-28,18.2904,3.9929,-3.414,7.4069,0.8222,6.4188,-5.5966,8.807,20.0354,38.0469,23.0582,-5.416,-1.1179,236388090.15,15.0,329,40.33,0.0,0.0,0.0,0.0,0.0,0.0,0.0,19.79,0.0,0.0,0.0,0.0,0.0,2026-09-28,2026-09-28,2026-09-28 14:23:46
IRO,İSTANBUL PORTFÖY ROBOTİK TEKNOLOJİLERİ SERBEST FON,Teknoloji,VERIFY_ELIGIBILITY,Serbest fon; nitelikli yatırımcı / dağıtım kısıtı olabilir,True,2026-09-28,2.1655,4.5557,-0.7993,5.3551,3.2836,-0.0461,3.3296,-4.7593,32.4134,26.6193,18.0434,-11.9522,-5.7758,29272340.86,60.0,329,9.67,80.64,0.0,0.0,0.0,0.0,0.0,0.0,9.69,0.0,0.0,0.0,0.0,0.0,2026-09-28,2026-09-28,2026-09-28 14:23:46
IRV,İSTANBUL PORTFÖY İSTATİSTİKSEL ARBİTRAJ SERBEST FON,Diğer / Belirsiz,VERIFY_ELIGIBILITY,Serbest fon; nitelikli yatırımcı / dağıtım kısıtı olabilir,True,2026-09-28,7.2679,0.6677,0.8645,-0.1968,2.8248,3.8536,-1.0288,10.5082,20.1294,41.0131,1.8812,-0.201,0.0,407658357.79,72.0,329,60.7,0.0,0.0,0.0,0.0,0.0,0.0,0.0,0.2,0.0,0.0,0.0,0.0,0.0,2026-09-28,2026-09-28,2026-09-28 14:23:46
ISR,İŞ PORTFÖY BİRİNCİ SERBEST (DÖVİZ) ÖZEL FON,Diğer / Belirsiz,VERIFY_ELIGIBILITY,Serbest fon; nitelikli yatırımcı / dağıtım kısıtı olabilir,True,2026-09-28,19.3621,-0.1819,-0.3626,0.1806,-0.7005,4.3912,-5.0917,4.7635,11.3302,22.4857,3.4825,-0.9154,-0.8005,961514781.73,6.0,329,3.81,4.79,0.0,7.97,0.0,0.0,0.0,0.0,6.15,0.0,0.0,0.0,0.0,0.0,2026-09-28,2026-09-28,2026-09-28 14:23:46
ISS,İŞ PORTFÖY DEĞER SERBEST ÖZEL FON,Diğer / Belirsiz,VERIFY_ELIGIBILITY,Serbest fon; nitelikli yatırımcı / dağıtım kısıtı olabilir,True,2026-09-28,0.2583,-0.9597,-2.1556,1.1959,-5.8365,9.7405,-15.577,-1.2059,5.2054,15.2364,11.0544,-6.9266,-6.9266,200378701.74,7.0,329,0.0,26.5,0.0,18.7,0.0,0.0,0.0,0.0,54.8,0.0,0.0,0.0,0.0,0.0,2026-09-28,2026-09-28,2026-09-28 14:23:46
ITA,İŞ PORTFÖY ARSLAN SERBEST (DÖVİZ) ÖZEL FON,Diğer / Belirsiz,VERIFY_ELIGIBILITY,Serbest fon; nitelikli yatırımcı / dağıtım kısıtı olabilir,True,2026-09-28,73.0628,-0.0885,-0.2221,0.1336,-0.7116,3.2184,-3.9299,3.0264,12.2389,20.632,4.336,-1.1528,-1.0041,819862266.38,1.0,329,0.0,0.0,0.0,0.0,0.0,0.0,0.0,0.0,0.07,0.0,0.0,0.0,0.0,0.0,2026-09-28,2026-09-28,2026-09-28 14:23:46
ITD,İŞ PORTFÖY TE2 SERBEST (DÖVİZ) ÖZEL FON,Diğer / Belirsiz,VERIFY_ELIGIBILITY,Serbest fon; nitelikli yatırımcı / dağıtım kısıtı olabilir,True,2026-09-28,68.7994,-0.0328,-0.2682,0.2354,-0.7301,3.4735,-4.2037,3.3208,12.721,21.7075,4.9062,-1.2509,-1.0512,2545596154.69,1.0,329,0.0,0.0,0.0,13.37,0.0,0.0,0.0,0.0,0.96,0.0,0.0,0.0,0.0,0.0,2026-09-28,2026-09-28,2026-09-28 14:23:46
ITJ,İSTANBUL PORTFÖY SEKİZİNCİ SERBEST FON,Diğer / Belirsiz,VERIFY_ELIGIBILITY,Serbest fon; nitelikli yatırımcı / dağıtım kısıtı olabilir,True,2026-09-28,10.4375,0.2913,-0.2666,0.558,0.1853,2.6724,-2.4871,5.6116,11.7179,26.4066,2.9721,-0.4782,0.0,224586434.01,11.0,329,4.98,0.0,0.0,0.0,0.0,0.0,0.0,0.0,29.9,0.0,0.0,0.0,0.0,0.0,2026-09-28,2026-09-28,2026-09-28 14:23:46
ITL,İŞ PORTFÖY ÖPY DELTA SERBEST (TL) ÖZEL FON,Diğer / Belirsiz,VERIFY_ELIGIBILITY,Serbest fon; nitelikli yatırımcı / dağıtım kısıtı olabilir,True,2026-09-28,4.7238,0.6035,0.6308,-0.0272,2.3338,3.1758,-0.842,9.3974,23.2334,52.1014,1.1778,-0.0112,0.0,4847846077.0,1.0,329,3.29,0.0,0.0,0.0,0.0,0.0,0.0,0.0,27.65,1.36,0.0,0.0,61.33,0.0,2026-09-28,2026-09-28,2026-09-28 14:23:46
ITR,İŞ PORTFÖY TE1 SERBEST ÖZEL FON,Diğer / Belirsiz,VERIFY_ELIGIBILITY,Serbest fon; nitelikli yatırımcı / dağıtım kısıtı olabilir,True,2026-09-28,4.5694,0.601,0.4289,0.1722,2.1901,3.1568,-0.9666,8.641,20.7099,42.946,1.7012,-0.0723,0.0,1122092937.01,1.0,329,0.0,0.0,0.0,15.02,0.0,0.0,0.0,0.0,10.83,0.0,0.0,0.0,0.0,0.0,2026-09-28,2026-09-28,2026-09-28 14:23:46
ITV,İŞ PORTFÖY ALTINCI SERBEST (DÖVİZ) FON,Altın,VERIFY_ELIGIBILITY,Serbest fon; nitelikli yatırımcı / dağıtım kısıtı olabilir,True,2026-09-28,48.8695,0.2243,0.2842,-0.0599,1.0529,2.0789,-1.026,4.9462,10.9908,10.9404,1.4712,-0.1433,-0.1015,859914102.82,30.0,327,0.0,0.0,0.0,0.0,0.0,0.0,0.0,0.0,0.55,0.0,0.0,0.0,0.55,0.0,2026-09-28,2026-09-28,2026-09-28 14:23:46
ITZ,İŞ PORTFÖY ATLAS SERBEST (DÖVİZ) ÖZEL FON,Diğer / Belirsiz,VERIFY_ELIGIBILITY,Serbest fon; nitelikli yatırımcı / dağıtım kısıtı olabilir,True,2026-09-28,62.1222,0.1732,-0.0072,0.1804,0.9549,2.586,-1.6311,5.5967,14.8042,27.0683,1.5687,-0.1991,-0.1331,2064613489.35,3.0,329,0.0,0.0,0.0,0.0,0.0,0.0,0.0,0.0,0.19,0.0,0.0,0.0,20.14,0.0,2026-09-28,2026-09-28,2026-09-28 14:23:46
IUA,İSTANBUL PORTFÖY KARYA SERBEST (DÖVİZ) FON,Diğer / Belirsiz,VERIFY_ELIGIBILITY,Serbest fon; nitelikli yatırımcı / dağıtım kısıtı olabilir,True,2026-09-28,67.644,-0.3361,-0.4431,0.107,-0.6447,2.1977,-2.8425,2.6206,10.3034,19.2133,2.2373,-1.0552,-1.0552,411884608.26,49.0,329,0.0,0.0,0.0,0.0,0.0,0.0,0.0,0.0,1.22,0.0,0.0,0.0,0.0,0.0,2026-09-28,2026-09-28,2026-09-28 14:23:46
IUB,İŞ PORTFÖY EVREN SERBEST (DÖVİZ) ÖZEL FON,Diğer / Belirsiz,VERIFY_ELIGIBILITY,Serbest fon; nitelikli yatırımcı / dağıtım kısıtı olabilir,True,2026-09-28,72.3923,0.0739,0.0184,0.0555,0.2999,2.6189,-2.3191,4.2084,12.1964,21.163,2.6054,-0.4924,-0.4924,348547841.6,3.0,329,0.0,0.0,0.0,0.0,0.0,0.0,0.0,0.0,34.4,0.0,0.0,0.0,0.0,0.0,2026-09-28,2026-09-28,2026-09-28 14:23:46
IUC,INVEO PORTFÖY GEDİK YATIRIM SERBEST (TL) ÖZEL FON,Diğer / Belirsiz,VERIFY_ELIGIBILITY,Serbest fon; nitelikli yatırımcı / dağıtım kısıtı olabilir,True,2026-09-28,1.7311,-1.5759,-6.7492,5.1733,-14.5202,3.6721,-18.1923,-24.0143,-3.5895,-3.8363,28.4381,-25.5498,-24.0143,840184752.08,1.0,329,67.53,0.0,0.0,0.0,0.0,0.0,0.0,0.0,14.32,0.0,0.0,0.0,18.15,0.0,2026-09-28,2026-09-28,2026-09-28 14:23:46
IUF,İŞ PORTFÖY YEDİNCİ SERBEST (DÖVİZ-AVRO) FON,Diğer / Belirsiz,VERIFY_ELIGIBILITY,Serbest fon; nitelikli yatırımcı / dağıtım kısıtı olabilir,True,2026-09-28,68.0199,-0.5435,-1.1104,0.5669,-1.9769,3.7519,-5.7288,3.9231,11.3562,18.5166,4.8744,-2.3477,-2.2006,21014871176.87,7295.0,329,0.0,0.0,0.0,0.0,0.0,0.0,0.0,0.0,2.83,0.0,0.0,0.0,3.12,0.0,2026-09-28,2026-09-28,2026-09-28 14:23:46
IUM,İŞ PORTFÖY HK SERBEST (DÖVİZ) ÖZEL FON,Diğer / Belirsiz,VERIFY_ELIGIBILITY,Serbest fon; nitelikli yatırımcı / dağıtım kısıtı olabilir,True,2026-09-28,67.9874,0.058,-0.1691,0.2272,0.5654,2.1644,-1.5989,4.4261,12.8112,22.7432,1.9126,-0.3033,-0.23,413061333.58,1.0,329,0.0,0.0,0.0,0.0,0.0,0.0,0.0,0.0,1.19,0.0,0.0,0.0,0.0,0.0,2026-09-28,2026-09-28,2026-09-28 14:23:46
IUN,İŞ PORTFÖY YELKEN SERBEST (DÖVİZ) ÖZEL FON,Diğer / Belirsiz,VERIFY_ELIGIBILITY,Serbest fon; nitelikli yatırımcı / dağıtım kısıtı olabilir,True,2026-09-28,77.1753,-0.0022,-0.2088,0.2066,0.0868,2.6783,-2.5916,4.0787,12.6417,21.789,2.5776,-0.5509,-0.5146,302675082.87,4.0,329,0.0,0.0,0.0,0.0,0.0,0.0,0.0,0.0,1.29,0.0,0.0,0.0,0.0,0.0,2026-09-28,2026-09-28,2026-09-28 14:23:46
IUV,İŞ PORTFÖY BEŞİNCİ SERBEST (DÖVİZ)  FON,Diğer / Belirsiz,VERIFY_ELIGIBILITY,Serbest fon; nitelikli yatırımcı / dağıtım kısıtı olabilir,True,2026-09-28,67.2973,-0.5482,-0.4563,-0.0919,-0.7215,2.6351,-3.3566,3.6236,12.94,22.3027,2.4528,-1.2014,-1.2014,20045457936.28,6022.0,329,0.0,0.0,0.0,0.0,0.0,0.0,0.0,0.0,1.62,0.0,0.0,-12.35,0.22,0.0,2026-09-28,2026-09-28,2026-09-28 14:23:46
IV2,PHİLLİP PORTFÖY ARİSTA SERBEST FON,Diğer / Belirsiz,VERIFY_ELIGIBILITY,Serbest fon; nitelikli yatırımcı / dağıtım kısıtı olabilir,True,2026-09-28,9.6352,-20.5465,-23.661,3.1145,-57.7982,-18.8707,-38.9275,-60.1946,-38.1679,18.1557,46.5672,-71.7536,-71.5801,590052316.36,14.0,324,59.56,0.0,0.0,0.0,0.0,0.0,6.39,0.0,33.49,0.0,0.0,0.0,0.0,0.0,2026-09-28,2026-09-28,2026-09-28 14:23:46
IV6,INVEO PORTFÖY TE3 SERBEST (DÖVİZ) ÖZEL FON,Diğer / Belirsiz,VERIFY_ELIGIBILITY,Serbest fon; nitelikli yatırımcı / dağıtım kısıtı olabilir,True,2026-09-28,66.2315,0.1469,-0.2573,0.4043,0.1832,2.9135,-2.7302,4.8226,14.1682,23.9994,2.8419,-0.5081,-0.4319,1656985947.53,1.0,329,0.0,19.53,0.0,0.0,0.0,0.0,0.0,0.0,0.0,0.0,0.0,0.0,0.0,0.0,2026-09-28,2026-09-28,2026-09-28 14:23:46
IV7,INVEO PORTFÖY BEŞER SERBEST (TL) ÖZEL FON,Diğer / Belirsiz,VERIFY_ELIGIBILITY,Serbest fon; nitelikli yatırımcı / dağıtım kısıtı olabilir,True,2026-09-28,5.204,0.3691,0.8817,-0.5126,2.8093,3.029,-0.2197,8.6232,19.9901,44.5091,1.7066,-0.4576,-0.2175,568825660.63,1.0,329,0.0,0.0,0.0,0.0,0.0,0.0,0.0,0.0,0.0,94.45,0.0,0.0,0.0,0.0,2026-09-28,2026-09-28,2026-09-28 14:23:46
IVS,İSTANBUL PORTFÖY İKİNCİ İSTATİSTİKSEL ARBİTRAJ SERBEST FON,Diğer / Belirsiz,VERIFY_ELIGIBILITY,Serbest fon; nitelikli yatırımcı / dağıtım kısıtı olabilir,True,2026-09-28,6.1146,7.1357,-5.1524,12.2881,0.8978,6.1822,-5.2844,8.806,19.3953,27.8021,33.5713,-9.6719,-1.5128,205967683.94,25.0,329,57.75,0.0,0.0,0.0,0.0,0.0,0.0,0.0,14.36,0.0,0.0,0.0,0.0,0.0,2026-09-28,2026-09-28,2026-09-28 14:23:46
IYP,İSTANBUL PORTFÖY YILDIZ SERBEST ÖZEL FON,Diğer / Belirsiz,VERIFY_ELIGIBILITY,Serbest fon; nitelikli yatırımcı / dağıtım kısıtı olabilir,True,2026-09-28,2.6938,-4.0679,-9.2536,5.1857,-11.8984,10.2957,-22.1941,-7.0939,-12.6407,-16.9617,25.0363,-13.3637,-12.945,2070187097.76,1.0,329,100.0,0.0,0.0,0.0,0.0,0.0,0.0,0.0,0.0,0.0,0.0,0.0,0.0,0.0,2026-09-28,2026-09-28,2026-09-28 14:23:46
IYR,İŞ PORTFÖY HEDEF SERBEST FON,Diğer / Belirsiz,VERIFY_ELIGIBILITY,Serbest fon; nitelikli yatırımcı / dağıtım kısıtı olabilir,True,2026-09-28,0.1455,0.6975,0.6961,0.0014,2.8367,2.3604,0.4763,7.8272,14.7557,34.6734,1.1863,0.0,0.0,388756401.67,23.0,329,0.0,0.0,0.0,0.0,0.0,0.0,0.0,0.0,0.0,0.0,0.0,0.0,100.0,0.0,2026-09-28,2026-09-28,2026-09-28 14:23:46
IYS,İŞ PORTFÖY SÜTAŞ SERBEST ÖZEL FON,Diğer / Belirsiz,VERIFY_ELIGIBILITY,Serbest fon; nitelikli yatırımcı / dağıtım kısıtı olabilir,True,2026-09-28,1.3209,-0.7923,-1.7715,0.9791,-3.0192,3.8813,-6.9005,1.0223,8.9369,25.7027,7.4761,-3.034,-3.0192,5773659687.46,16.0,329,16.95,1.91,0.0,7.84,0.23,0.0,4.28,0.11,11.91,0.0,0.0,0.0,34.04,0.0,2026-09-28,2026-09-28,2026-09-28 14:23:46
IYV,İSTANBUL PORTFÖY AŞİYAN SERBEST FON,Diğer / Belirsiz,VERIFY_ELIGIBILITY,Serbest fon; nitelikli yatırımcı / dağıtım kısıtı olabilir,True,2026-09-28,1.1116,0.337,-4.7523,5.0893,-2.1196,5.2141,-7.3337,-4.3147,5.1021,,31.0644,-8.5834,-4.4826,176730622.27,61.0,213,75.27,0.0,0.0,0.0,0.0,0.0,3.67,0.0,14.26,0.0,0.0,0.0,0.0,0.0,2026-09-28,2026-09-28,2026-09-28 14:23:46
IZA,AZİMUT PORTFÖY İNAN2 SERBEST ÖZEL FON,Diğer / Belirsiz,VERIFY_ELIGIBILITY,Serbest fon; nitelikli yatırımcı / dağıtım kısıtı olabilir,True,2026-09-28,1.9421,0.085,-4.212,4.297,-4.4318,2.2658,-6.6975,-0.1142,5.2201,11.0192,21.3772,-6.9339,-4.4318,390821168.42,1.0,329,74.32,0.0,0.0,0.0,0.0,0.0,0.0,0.0,21.78,0.0,0.0,0.0,0.0,0.0,2026-09-28,2026-09-28,2026-09-28 14:23:46
IZB,İSTANBUL PORTFÖY BİRİNCİ FON SEPETİ SERBEST FON,Fon Sepeti,VERIFY_ELIGIBILITY,Serbest fon; nitelikli yatırımcı / dağıtım kısıtı olabilir,True,2026-09-28,9.8521,-7.4022,-4.7208,-2.6815,-10.8688,4.0015,-14.8702,-4.1206,18.0597,32.6743,17.1936,-11.949,-11.7998,134002269.85,45.0,329,0.0,0.0,0.0,0.0,0.0,0.0,0.0,0.0,86.53,0.0,0.0,0.0,0.0,0.0,2026-09-28,2026-09-28,2026-09-28 14:23:46
IZE,İŞ PORTFÖY ÜÇÜNCÜ SERBEST (DÖVİZ) ÖZEL FON,Diğer / Belirsiz,VERIFY_ELIGIBILITY,Serbest fon; nitelikli yatırımcı / dağıtım kısıtı olabilir,True,2026-09-28,65.1923,0.0269,-0.2077,0.2346,-0.3734,2.8528,-3.2262,3.4036,11.7236,20.2667,3.4462,-0.8876,-0.7291,266553388.63,1.0,329,0.0,0.0,0.0,0.0,0.0,0.0,0.0,0.0,0.0,0.0,0.0,0.0,0.0,0.0,2026-09-28,2026-09-28,2026-09-28 14:23:46
IZL,İŞ PORTFÖY EYLÜL 2027 SERBEST (DÖVİZ) FON,Diğer / Belirsiz,VERIFY_ELIGIBILITY,Serbest fon; nitelikli yatırımcı / dağıtım kısıtı olabilir,True,2026-09-28,53.0124,0.2231,0.2515,-0.0284,0.9775,1.9793,-1.0018,4.6823,11.6311,20.7523,1.3384,-0.2044,-0.0583,108591342.28,19.0,329,0.0,0.0,0.0,0.0,0.0,0.0,0.0,0.0,4.82,0.0,0.0,0.0,2.21,0.0,2026-09-28,2026-09-28,2026-09-28 14:23:46
IZS,İSTANBUL PORTFÖY ALTINCI SERBEST FON,Altın,VERIFY_ELIGIBILITY,Serbest fon; nitelikli yatırımcı / dağıtım kısıtı olabilir,True,2026-09-28,10.8099,0.1274,1.5742,-1.4469,7.0971,7.0676,0.0295,18.9312,30.1404,16.9906,10.5333,-1.6256,0.0,73974023.01,76.0,329,,,,,,,,,,,,,,,2026-09-28,2026-09-28,2026-09-28 14:23:46
IZV,İSTANBUL PORTFÖY ATLANTİK SERBEST (TL) ÖZEL FON,Diğer / Belirsiz,VERIFY_ELIGIBILITY,Serbest fon; nitelikli yatırımcı / dağıtım kısıtı olabilir,True,2026-09-28,0.0,-100.0,0.6764,-100.6764,-100.0,3.0341,-103.0341,-100.0,-100.0,-100.0,355.409,-100.0,-100.0,0.0,2.0,329,,,,,,,,,,,,,,,2026-09-28,2026-09-28,2026-09-28 14:23:46
IZY,İŞ PORTFÖY ONYEDİNCİ SERBEST (DÖVİZ) FON,Diğer / Belirsiz,VERIFY_ELIGIBILITY,Serbest fon; nitelikli yatırımcı / dağıtım kısıtı olabilir,True,2026-09-28,48.9361,0.2198,0.2869,-0.0671,0.8578,1.9592,-1.1015,4.5543,11.2058,9.6888,1.5125,-0.1488,-0.1067,50588525.68,27.0,295,0.0,0.0,0.0,0.0,0.0,0.0,0.0,0.0,1.6,0.0,0.0,0.0,1.08,0.0,2026-09-28,2026-09-28,2026-09-28 14:23:46
JOT,İŞ PORTFÖY JOTANTA SERBEST (DÖVİZ) ÖZEL FON,Diğer / Belirsiz,VERIFY_ELIGIBILITY,Serbest fon; nitelikli yatırımcı / dağıtım kısıtı olabilir,True,2026-09-28,59.0624,0.105,-0.1306,0.2356,0.3727,2.5739,-2.2012,4.5288,12.9786,22.3529,2.0026,-0.3833,-0.2836,1164096323.13,1.0,329,0.0,0.0,0.0,0.0,0.0,0.0,0.0,0.0,2.04,0.0,0.0,0.0,0.0,0.0,2026-09-28,2026-09-28,2026-09-28 14:23:46
JUP,AURA PORTFÖY JÜPİTER SERBEST (DÖVİZ) FON,Diğer / Belirsiz,VERIFY_ELIGIBILITY,Serbest fon; nitelikli yatırımcı / dağıtım kısıtı olabilir,True,2026-09-28,0.544,0.0837,0.0582,0.0255,0.6999,1.9978,-1.2979,4.2019,11.3163,10.1305,1.3177,-0.1341,-0.1124,55002823.52,40.0,329,0.0,0.0,0.0,0.0,0.0,0.0,0.0,0.0,0.0,0.0,0.0,0.0,0.0,0.0,2026-09-28,2026-09-28,2026-09-28 14:23:46
KAC,EMLAK KATILIM PORTFÖY KISA VADELİ KATILIM SERBEST (TL) FON,Katılım,VERIFY_ELIGIBILITY,Serbest fon; nitelikli yatırımcı / dağıtım kısıtı olabilir,True,2026-09-28,4.0519,0.6701,0.6745,-0.0043,2.7357,2.8676,-0.1319,9.1039,20.9144,44.5468,1.2519,0.0,0.0,22019244982.71,1791.0,329,0.0,0.0,0.0,0.0,0.0,0.0,0.0,0.0,0.0,0.0,0.0,0.0,0.0,0.0,2026-09-28,2026-09-28,2026-09-28 14:23:46
KAN,KUVEYT TÜRK PORTFÖY ALTIN KATILIM SERBEST FON,Altın,VERIFY_ELIGIBILITY,Serbest fon; nitelikli yatırımcı / dağıtım kısıtı olabilir,True,2026-09-28,6855.8813,-1.7401,1.3888,-3.1289,-5.0249,14.9255,-19.9504,10.5034,4.0264,33.1403,21.6293,-6.7891,-5.7711,3572222664.04,24.0,326,0.0,0.0,0.0,0.0,100.0,0.0,0.0,0.0,0.0,0.0,0.0,0.0,0.0,0.0,2026-09-28,2026-09-28,2026-09-28 14:23:46
KAV,KUVEYT TÜRK PORTFÖY ALTINCI KATILIM SERBEST (DÖVİZ-AVRO) FON,Altın,VERIFY_ELIGIBILITY,Serbest fon; nitelikli yatırımcı / dağıtım kısıtı olabilir,True,2026-09-28,57.7445,-0.3565,-0.6507,0.2942,-0.6289,2.8294,-3.4584,4.7947,8.8667,15.3196,3.6772,-1.4088,-1.2354,17426830009.87,5609.0,329,0.0,0.0,0.0,0.0,0.0,0.0,0.0,0.0,0.21,0.0,0.0,0.0,0.0,0.0,2026-09-28,2026-09-28,2026-09-28 14:23:46
KBJ,STRATEJİ PORTFÖY KİBELE KAR PAYI ÖDEYEN HİSSE SENEDİ SERBEST FON (HİSSE SENEDİ YOĞUN FON),Hisse Senedi,VERIFY_ELIGIBILITY,Serbest fon; nitelikli yatırımcı / dağıtım kısıtı olabilir,True,2026-09-28,4.0902,1.533,-4.6567,6.1896,-5.0859,6.1255,-11.2113,0.7069,8.4773,60.9479,26.267,-8.1647,-5.0859,557202918.43,95.0,329,86.17,3.84,0.0,0.0,0.0,0.0,1.27,0.44,0.0,0.0,0.0,0.0,0.9,0.0,2026-09-28,2026-09-28,2026-09-28 14:23:46
KBP,KUVEYT TÜRK PORTFÖY PY KATILIM HİSSE SENEDİ SERBEST ÖZEL FON (HİSSE SENEDİ YOĞUN FON),Hisse Senedi,VERIFY_ELIGIBILITY,Serbest fon; nitelikli yatırımcı / dağıtım kısıtı olabilir,True,2026-09-28,1.6738,-1.1239,-5.3875,4.2636,-7.3501,10.4887,-17.8388,2.6061,17.6638,37.2882,26.4207,-8.5625,-7.3501,316880257.06,5.0,329,72.17,0.0,0.0,0.0,0.0,0.0,0.0,0.0,0.32,14.66,0.0,0.0,0.0,0.0,2026-09-28,2026-09-28,2026-09-28 14:23:46
KBZ,KUVEYT TÜRK PORTFÖY SBZ KATILIM SERBEST (DÖVİZ) ÖZEL FON,Katılım,VERIFY_ELIGIBILITY,Serbest fon; nitelikli yatırımcı / dağıtım kısıtı olabilir,True,2026-09-28,52.3248,-0.1455,-0.2199,0.0744,0.0025,2.3011,-2.2986,3.6926,12.053,19.9668,2.0537,-0.5092,-0.5092,161918604.46,1.0,329,0.0,0.0,0.0,0.0,0.0,0.0,0.0,0.0,4.23,0.0,0.0,0.0,0.0,0.0,2026-09-28,2026-09-28,2026-09-28 14:23:46
KDI,KARE PORTFÖY İKİNCİ SERBEST (DÖVİZ) FON,Diğer / Belirsiz,VERIFY_ELIGIBILITY,Serbest fon; nitelikli yatırımcı / dağıtım kısıtı olabilir,True,2026-09-28,59.0688,0.3852,3.5173,-3.1321,1.3785,3.7343,-2.3558,6.4958,17.3175,27.015,16.4899,-3.2602,-0.0246,14707424.59,12.0,329,0.0,0.0,0.0,0.0,0.0,0.0,0.0,0.0,0.39,0.0,0.0,0.0,0.0,0.0,2026-09-28,2026-09-28,2026-09-28 14:23:46
KDK,KUVEYT TÜRK PORTFÖY BİRİNCİ KATILIM SERBEST (DÖVİZ-ABD DOLARI) ÖZEL FON,Katılım,VERIFY_ELIGIBILITY,Serbest fon; nitelikli yatırımcı / dağıtım kısıtı olabilir,True,2026-09-28,15.8841,0.4144,0.4249,-0.0105,1.695,1.7408,-0.0458,5.3233,4.4355,-18.7208,1.1665,0.0,0.0,49999772.22,1.0,329,0.0,0.0,0.0,0.0,0.0,0.0,0.0,0.0,1.6,0.0,0.0,0.0,0.0,0.0,2026-09-28,2026-09-28,2026-09-28 14:23:46
KDL,KUVEYT TÜRK PORTFÖY BEŞİNCİ KATILIM SERBEST (DÖVİZ) FON,Katılım,VERIFY_ELIGIBILITY,Serbest fon; nitelikli yatırımcı / dağıtım kısıtı olabilir,True,2026-09-28,53.7179,0.4044,0.4107,-0.0063,1.6414,1.6919,-0.0505,5.1713,11.3242,20.2014,1.1674,0.0,0.0,24962640323.36,6964.0,329,0.0,0.0,0.0,0.0,0.0,0.0,0.0,0.0,0.09,0.0,0.0,0.0,0.0,0.0,2026-09-28,2026-09-28,2026-09-28 14:23:46
KDO,İŞ PORTFÖY KATILIM SERBEST (DÖVİZ-AVRO) FON,Katılım,VERIFY_ELIGIBILITY,Serbest fon; nitelikli yatırımcı / dağıtım kısıtı olabilir,True,2026-09-28,56.8393,-0.2929,-0.5752,0.2822,-0.45,2.75,-3.2,4.9819,9.7429,,3.5548,-1.2699,-1.0896,1130968002.65,488.0,214,0.0,0.0,0.0,0.0,0.0,0.0,0.0,0.0,4.36,0.0,0.0,0.0,0.0,0.0,2026-09-28,2026-09-28,2026-09-28 14:23:46
KDS,KUVEYT TÜRK PORTFÖY YEDİNCİ KATILIM SERBEST (DÖVİZ) FON,Katılım,VERIFY_ELIGIBILITY,Serbest fon; nitelikli yatırımcı / dağıtım kısıtı olabilir,True,2026-09-28,55.876,0.4328,0.4393,-0.0065,1.7559,1.8035,-0.0476,5.5324,12.1654,22.0801,1.1599,0.0,0.0,26960485571.58,1372.0,329,0.0,0.0,0.0,0.0,0.0,0.0,0.0,0.0,0.28,0.0,0.0,0.0,0.0,0.0,2026-09-28,2026-09-28,2026-09-28 14:23:46
KDT,GARANTİ PORTFÖY KATILIM SERBEST (DÖVİZ) FON,Katılım,VERIFY_ELIGIBILITY,Serbest fon; nitelikli yatırımcı / dağıtım kısıtı olabilir,True,2026-09-28,55.6469,0.2385,0.1925,0.0459,1.1875,2.0539,-0.8664,5.2453,13.0466,22.7945,1.5512,-0.1463,-0.0846,3221303414.01,1138.0,329,0.0,0.0,0.0,0.0,0.0,0.0,0.0,0.0,2.9,0.0,0.0,0.0,0.0,0.0,2026-09-28,2026-09-28,2026-09-28 14:23:46
KDV,KUVEYT TÜRK PORTFÖY DOKUZUNCU KATILIM SERBEST (DÖVİZ) FON,Katılım,VERIFY_ELIGIBILITY,Serbest fon; nitelikli yatırımcı / dağıtım kısıtı olabilir,True,2026-09-28,49.9754,0.4457,0.4524,-0.0067,1.8088,1.8551,-0.0463,5.7032,12.5081,22.7435,1.1558,0.0,0.0,20655814812.38,226.0,329,0.0,0.0,0.0,0.0,0.0,0.0,0.0,0.0,0.08,0.0,0.0,0.0,0.0,0.0,2026-09-28,2026-09-28,2026-09-28 14:23:46
KDZ,KUVEYT TÜRK PORTFÖY SEKİZINCİ KATILIM SERBEST (DÖVİZ) FON,Katılım,VERIFY_ELIGIBILITY,Serbest fon; nitelikli yatırımcı / dağıtım kısıtı olabilir,True,2026-09-28,49.995,0.3853,0.3921,-0.0068,1.5645,1.6107,-0.0462,4.9149,10.756,19.05,1.1729,0.0,0.0,3666262026.52,793.0,329,0.0,0.0,0.0,0.0,0.0,0.0,0.0,0.0,0.0,0.0,0.0,0.0,0.0,0.0,2026-09-28,2026-09-28,2026-09-28 14:23:46
KEI,KUVEYT TÜRK PORTFÖY KATILIM EMEKLİLİK İKİNCİ KATILIM SERBEST ÖZEL FON,Katılım,VERIFY_ELIGIBILITY,Serbest fon; nitelikli yatırımcı / dağıtım kısıtı olabilir,True,2026-09-28,1.8346,-0.5821,-4.4285,3.8465,-5.6656,10.6887,-16.3543,4.4654,18.4009,36.9756,21.1146,-6.805,-5.6656,329522731.49,1.0,329,61.19,0.0,0.0,0.0,0.0,0.0,0.0,0.0,13.12,13.13,0.0,0.0,0.0,0.0,2026-09-28,2026-09-28,2026-09-28 14:23:46
KEO,KUVEYT TÜRK PORTFÖY KATILIM EMEKLİLİK BİRİNCİ KATILIM SERBEST ÖZEL FON,Katılım,VERIFY_ELIGIBILITY,Serbest fon; nitelikli yatırımcı / dağıtım kısıtı olabilir,True,2026-09-28,1.8713,0.4417,0.621,-0.1793,2.4402,3.1084,-0.6682,8.8236,21.3238,44.9633,1.1531,-0.0535,-0.0535,73809143.69,1.0,329,0.0,0.0,0.0,0.0,0.0,0.0,0.0,0.0,26.47,0.0,0.0,0.0,0.0,0.0,2026-09-28,2026-09-28,2026-09-28 14:23:46
KEU,KUVEYT TÜRK PORTFÖY ONUNCU KATILIM SERBEST (DÖVİZ-AVRO) FON,Katılım,VERIFY_ELIGIBILITY,Serbest fon; nitelikli yatırımcı / dağıtım kısıtı olabilir,True,2026-09-28,53.4324,-0.3235,-0.6183,0.2948,-0.4956,2.9718,-3.4674,5.2116,9.7262,16.0303,3.6956,-1.3446,-1.1561,4857612191.52,65.0,329,0.0,0.0,0.0,0.0,0.0,0.0,0.0,0.0,0.26,0.0,0.0,0.0,0.0,0.0,2026-09-28,2026-09-28,2026-09-28 14:23:46
KFZ,KUVEYT TÜRK PORTFÖY KFZ KATILIM SERBEST ÖZEL FON,Katılım,VERIFY_ELIGIBILITY,Serbest fon; nitelikli yatırımcı / dağıtım kısıtı olabilir,True,2026-09-28,4.6417,0.6708,0.6745,-0.0037,2.7505,2.9465,-0.196,9.2572,20.9159,44.8355,1.2565,0.0,0.0,383789871.99,1.0,329,0.0,0.0,0.0,0.0,0.0,0.0,0.0,0.0,0.01,0.0,0.0,0.0,0.0,0.0,2026-09-28,2026-09-28,2026-09-28 14:23:46
KHD,ATLAS PORTFÖY İKİNCİ KATILIM HİSSE SENEDİ SERBEST FON (HİSSE SENEDİ YOĞUN FON),Hisse Senedi,VERIFY_ELIGIBILITY,Serbest fon; nitelikli yatırımcı / dağıtım kısıtı olabilir,True,2026-09-28,1.3546,-0.2394,-8.3392,8.0997,-7.9284,12.8472,-20.7757,1.0467,15.4088,,33.8026,-11.8486,-10.4738,706636154.75,12.0,252,99.51,0.0,0.0,0.0,0.0,0.0,0.0,0.0,0.49,0.0,0.0,0.0,0.0,0.0,2026-09-28,2026-09-28,2026-09-28 14:23:46
KHF,ALLBATROSS PORTFÖY KATILIM HİSSE SENEDİ SERBEST FON (HİSSE SENEDİ YOĞUN FON),Hisse Senedi,VERIFY_ELIGIBILITY,Serbest fon; nitelikli yatırımcı / dağıtım kısıtı olabilir,True,2026-09-28,0.1135,0.6847,-6.3149,6.9996,-6.7105,3.4577,-10.1682,-22.0293,-16.5714,-90.2517,31.2024,-25.1584,-22.6503,851343.89,16.0,329,80.66,0.0,0.0,0.0,0.0,0.0,0.0,0.0,8.98,2.66,0.0,0.0,0.0,0.0,2026-09-28,2026-09-28,2026-09-28 14:23:46
KHT,ALLBATROSS PORTFÖY KARTAL HİSSE SENEDİ SERBEST (TL) FON (HİSSE SENEDİ YOĞUN FON),Hisse Senedi,VERIFY_ELIGIBILITY,Serbest fon; nitelikli yatırımcı / dağıtım kısıtı olabilir,True,2026-09-28,1.5303,-15.7526,-15.9673,0.2147,-38.8736,0.9332,-39.8067,-40.9122,-37.6457,-56.9196,38.5767,-43.1181,-43.1181,3742401.34,166.0,329,88.03,0.0,0.0,0.0,0.0,0.0,0.0,0.0,11.97,0.0,0.0,0.0,0.0,0.0,2026-09-28,2026-09-28,2026-09-28 14:23:46
KHU,KUVEYT TÜRK PORTFÖY BİRİNCİ KATILIM SERBEST (DÖVİZ-AVRO) ÖZEL FON,Katılım,VERIFY_ELIGIBILITY,Serbest fon; nitelikli yatırımcı / dağıtım kısıtı olabilir,True,2026-09-28,36.5497,-0.5246,-0.7714,0.2468,-1.0907,2.4934,-3.5841,3.3788,4.3278,1.0718,3.7242,-1.6323,-1.5685,3491154.91,1.0,329,0.0,0.0,0.0,0.0,0.0,0.0,0.0,0.0,100.0,0.0,0.0,0.0,0.0,0.0,2026-09-28,2026-09-28,2026-09-28 14:23:46
KIH,KARE PORTFÖY İSTATİSTİKSEL ARBİTRAJ SERBEST FON,Diğer / Belirsiz,VERIFY_ELIGIBILITY,Serbest fon; nitelikli yatırımcı / dağıtım kısıtı olabilir,True,2026-09-28,1.5902,0.6052,0.6086,-0.0034,2.4377,2.6225,-0.1848,8.2127,19.1617,34.4958,0.8873,0.0,0.0,61501459.26,21.0,329,0.0,0.0,0.0,0.0,0.0,0.0,0.0,0.0,0.0,0.0,0.0,0.0,81.16,0.0,2026-09-28,2026-09-28,2026-09-28 14:23:46
KJK,KUVEYT TÜRK PORTFÖY KUVEYT TÜRK YABANCI KATILIM SERBEST ÖZEL FON,Yabancı Varlıklar,VERIFY_ELIGIBILITY,Serbest fon; nitelikli yatırımcı / dağıtım kısıtı olabilir,True,2026-09-28,0.0023,0.3903,0.4355,-0.0453,1.6242,1.7418,-0.1176,5.1317,-6.0089,-46.8061,1.5146,-0.1313,0.0,49564162.45,1.0,329,0.0,0.0,0.0,0.0,0.0,0.0,0.0,0.0,10.08,0.0,0.0,0.0,0.0,0.0,2026-09-28,2026-09-28,2026-09-28 14:23:46
KKB,KUVEYT TÜRK PORTFÖY EKAS KATILIM SERBEST (DÖVİZ) ÖZEL FON,Katılım,VERIFY_ELIGIBILITY,Serbest fon; nitelikli yatırımcı / dağıtım kısıtı olabilir,True,2026-09-28,62.9267,0.2576,0.3359,-0.0783,0.7347,0.8121,-0.0774,1.7272,7.3135,15.8369,2.52,-0.7544,-0.0854,2639144.1,1.0,329,0.0,0.0,0.0,0.0,0.0,0.0,0.0,0.0,100.0,0.0,0.0,0.0,0.0,0.0,2026-09-28,2026-09-28,2026-09-28 14:23:46
KKC,KARE PORTFÖY KATILIM SERBEST (DÖVİZ-AVRO) FON,Katılım,VERIFY_ELIGIBILITY,Serbest fon; nitelikli yatırımcı / dağıtım kısıtı olabilir,True,2026-09-28,57.6888,-0.3523,-0.6678,0.3155,-0.701,2.917,-3.618,4.8513,9.2607,16.7363,3.6574,-1.4109,-1.2466,45251128.39,38.0,329,0.0,0.0,0.0,0.0,0.0,0.0,0.0,0.0,0.0,0.0,0.0,0.0,0.0,0.0,2026-09-28,2026-09-28,2026-09-28 14:23:46
KKE,KUVEYT TÜRK PORTFÖY USTA KATILIM SERBEST (DÖVİZ) ÖZEL FON,Katılım,VERIFY_ELIGIBILITY,Serbest fon; nitelikli yatırımcı / dağıtım kısıtı olabilir,True,2026-09-28,53.2059,0.4383,0.4469,-0.0086,1.7699,1.8188,-0.0489,5.5095,11.932,21.0213,1.3377,0.0,0.0,91874841.27,2.0,329,0.0,0.0,0.0,0.0,0.0,0.0,0.0,0.0,100.0,0.0,0.0,0.0,0.0,0.0,2026-09-28,2026-09-28,2026-09-28 14:23:46
KKL,ALLBATROSS PORTFÖY KISA VADELİ KATILIM SERBEST (TL) FON,Katılım,VERIFY_ELIGIBILITY,Serbest fon; nitelikli yatırımcı / dağıtım kısıtı olabilir,True,2026-09-28,2.6057,0.832,0.8715,-0.0395,3.4043,3.3718,0.0326,10.9493,25.2852,55.6643,1.5241,0.0,0.0,3190959159.5,1206.0,329,0.0,0.0,0.0,0.0,0.0,0.0,0.0,0.0,0.0,0.0,0.0,0.0,0.0,0.0,2026-09-28,2026-09-28,2026-09-28 14:23:46
KKO,YAPI KREDİ PORTFÖY KASIM 2026 KAR PAYI ÖDEYEN SERBEST (DÖVİZ) FON,Diğer / Belirsiz,VERIFY_ELIGIBILITY,Serbest fon; nitelikli yatırımcı / dağıtım kısıtı olabilir,True,2026-09-28,49.7803,0.3646,0.3704,-0.0058,1.4776,1.2155,0.2621,4.6183,10.8516,18.1794,1.1862,-0.3491,0.0,2300005926.43,257.0,329,0.0,0.0,0.0,0.0,0.0,0.0,0.0,0.0,1.29,0.0,0.0,0.0,0.0,0.0,2026-09-28,2026-09-28,2026-09-28 14:23:46
KKP,İŞ PORTFÖY 2028 KAPİTAL KAR PAYI ÖDEYEN SERBEST (DÖVİZ) FON,Diğer / Belirsiz,VERIFY_ELIGIBILITY,Serbest fon; nitelikli yatırımcı / dağıtım kısıtı olabilir,True,2026-09-28,49.4799,0.1515,-0.0876,0.2391,0.4845,1.9361,-1.4516,2.6247,8.3554,14.5198,1.7397,-1.2366,-0.1585,4388976216.4,331.0,329,0.0,0.0,0.0,0.0,0.0,0.0,0.0,0.0,0.0,0.0,0.0,0.0,0.03,0.0,2026-09-28,2026-09-28,2026-09-28 14:23:46
KKT,KUVEYT TÜRK PORTFÖY İKİNCİ KISA VADELİ KATILIM SERBEST (TL) FON,Katılım,VERIFY_ELIGIBILITY,Serbest fon; nitelikli yatırımcı / dağıtım kısıtı olabilir,True,2026-09-28,3.2457,0.6782,0.6842,-0.006,2.8145,2.9767,-0.1622,9.458,21.7796,45.6411,1.2875,0.0,0.0,43290150287.89,604.0,329,0.0,0.0,0.0,0.0,0.0,0.0,0.0,0.0,0.0,0.0,0.0,0.0,0.0,0.0,2026-09-28,2026-09-28,2026-09-28 14:23:46
KLH,ATLAS PORTFÖY KATILIM HİSSE SENEDİ SERBEST FON (HİSSE SENEDİ YOĞUN FON),Hisse Senedi,VERIFY_ELIGIBILITY,Serbest fon; nitelikli yatırımcı / dağıtım kısıtı olabilir,True,2026-09-28,2.3097,1.3892,-11.6547,13.0439,-17.6321,2.1897,-19.8218,-23.6735,3.7392,-16.6202,34.5412,-25.6756,-23.6735,88024581.56,1782.0,329,96.66,0.0,0.0,0.0,0.0,0.0,0.0,0.0,3.34,0.0,0.0,0.0,0.0,0.0,2026-09-28,2026-09-28,2026-09-28 14:23:46
KLL,KUVEYT TÜRK PORTFÖY TLL KATILIM SERBEST (DÖVİZ) ÖZEL FON,Katılım,VERIFY_ELIGIBILITY,Serbest fon; nitelikli yatırımcı / dağıtım kısıtı olabilir,True,2026-09-28,58.9293,0.35,0.4031,-0.0532,1.2576,1.5939,-0.3363,4.3954,9.7574,15.8436,2.0046,-0.2822,0.0,11571948.0,1.0,329,0.0,0.0,0.0,0.0,0.0,0.0,0.0,0.0,13.39,0.0,0.0,0.0,0.0,0.0,2026-09-28,2026-09-28,2026-09-28 14:23:46
KLM,İŞ PORTFÖY KALAMIŞ SERBEST (DÖVİZ) ÖZEL FON,Diğer / Belirsiz,VERIFY_ELIGIBILITY,Serbest fon; nitelikli yatırımcı / dağıtım kısıtı olabilir,True,2026-09-28,68.617,0.0467,-0.1655,0.2122,0.4933,2.6632,-2.17,5.0619,14.5382,26.198,1.6305,-0.2927,-0.1816,1020820785.23,1.0,329,0.0,0.0,0.0,0.0,0.0,0.0,0.0,0.0,1.26,0.0,0.0,0.0,0.0,0.0,2026-09-28,2026-09-28,2026-09-28 14:23:46
KLS,ALLBATROSS PORTFÖY KATILIM SERBEST (DÖVİZ) FON,Katılım,VERIFY_ELIGIBILITY,Serbest fon; nitelikli yatırımcı / dağıtım kısıtı olabilir,True,2026-09-28,40.853,-0.6355,-0.5984,-0.037,-1.806,0.749,-2.555,-0.2937,-1.0934,1.5415,3.1499,-1.9922,-1.9922,211659.63,1.0,329,0.0,0.0,0.0,0.0,0.0,0.0,0.0,0.0,100.0,0.0,0.0,0.0,0.0,0.0,2026-09-28,2026-09-28,2026-09-28 14:23:46
KMA,KUVEYT TÜRK PORTFÖY KMA KATILIM SERBEST (DÖVİZ) ÖZEL FON,Katılım,VERIFY_ELIGIBILITY,Serbest fon; nitelikli yatırımcı / dağıtım kısıtı olabilir,True,2026-09-28,172.3216,0.401,0.4003,0.0008,1.5002,1.5688,-0.0686,4.6371,9.7716,15.6897,1.5657,-0.1148,0.0,12892760.95,1.0,329,0.0,0.0,0.0,0.0,0.0,0.0,0.0,0.0,23.23,0.0,0.0,0.0,0.0,0.0,2026-09-28,2026-09-28,2026-09-28 14:23:46
KMT,KUVEYT TÜRK PORTFÖY KAM KATILIM SERBEST (TL) ÖZEL FON,Katılım,VERIFY_ELIGIBILITY,Serbest fon; nitelikli yatırımcı / dağıtım kısıtı olabilir,True,2026-09-28,2.3441,-6.3098,-12.7244,6.4146,-15.8132,1.3547,-17.1679,-27.9253,-32.2372,-48.4779,37.8599,-28.9695,-28.9695,58100580.11,1.0,329,88.8,0.0,0.0,0.0,0.0,0.0,0.0,0.0,11.2,0.0,0.0,0.0,0.0,0.0,2026-09-28,2026-09-28,2026-09-28 14:23:46
KNC,AK PORTFÖY ÖPY ÜÇÜNCÜ SERBEST (DÖVİZ) ÖZEL FON,Diğer / Belirsiz,VERIFY_ELIGIBILITY,Serbest fon; nitelikli yatırımcı / dağıtım kısıtı olabilir,True,2026-09-28,68.4004,0.1388,-0.0924,0.2312,0.661,2.0815,-1.4206,4.5743,12.8921,22.7167,1.5231,-0.1637,-0.135,366768027.74,16.0,329,0.0,0.0,0.0,0.0,0.0,0.0,0.0,0.0,0.0,0.0,0.0,0.0,0.0,0.0,2026-09-28,2026-09-28,2026-09-28 14:23:46
KNN,İŞ PORTFÖY KANTİTATİF SERBEST (TL) FON,Diğer / Belirsiz,VERIFY_ELIGIBILITY,Serbest fon; nitelikli yatırımcı / dağıtım kısıtı olabilir,True,2026-09-28,1.5247,0.7254,0.3874,0.338,1.1575,1.4275,-0.27,5.3038,17.6091,47.7939,2.4502,-1.2423,0.0,451654622.57,16.0,291,0.75,0.0,0.0,0.0,0.0,0.0,0.0,0.0,1.96,0.0,0.0,0.0,82.1,0.0,2026-09-28,2026-09-28,2026-09-28 14:23:46
KNP,AK PORTFÖY KOR SERBEST (DÖVİZ) ÖZEL FON,Diğer / Belirsiz,VERIFY_ELIGIBILITY,Serbest fon; nitelikli yatırımcı / dağıtım kısıtı olabilir,True,2026-09-28,82.3057,-0.1285,-0.4203,0.2918,-1.2928,3.2114,-4.5042,2.7544,13.0033,20.0252,5.3942,-1.449,-1.382,182786634.83,2.0,329,0.0,0.0,0.0,0.0,0.0,0.0,0.0,0.0,0.0,0.0,0.0,0.0,0.0,0.0,2026-09-28,2026-09-28,2026-09-28 14:23:46
KNS,KUVEYT TÜRK PORTFÖY NKS KATILIM SERBEST (TL) ÖZEL FON,Katılım,VERIFY_ELIGIBILITY,Serbest fon; nitelikli yatırımcı / dağıtım kısıtı olabilir,True,2026-09-28,4.6524,0.7208,0.7287,-0.0079,2.7955,2.9022,-0.1067,9.4785,22.0964,48.7305,1.2001,0.0,0.0,5244131176.75,1.0,329,0.0,0.0,0.0,0.0,0.0,0.0,0.0,0.0,0.47,0.0,0.0,0.0,0.0,0.0,2026-09-28,2026-09-28,2026-09-28 14:23:46
KNT,AK PORTFÖY VİRA SERBEST (DÖVİZ) ÖZEL FON,Diğer / Belirsiz,VERIFY_ELIGIBILITY,Serbest fon; nitelikli yatırımcı / dağıtım kısıtı olabilir,True,2026-09-28,61.6602,0.3162,-0.0355,0.3517,0.7263,2.6393,-1.913,4.8129,14.3135,22.422,2.0468,-0.2615,-0.212,176716423.95,3.0,329,0.0,0.0,0.0,13.04,0.0,0.0,0.0,0.0,4.15,0.0,0.0,0.0,0.0,0.0,2026-09-28,2026-09-28,2026-09-28 14:23:46
KNV,AK PORTFÖY OPERA SERBEST (DÖVİZ) ÖZEL FON,Diğer / Belirsiz,VERIFY_ELIGIBILITY,Serbest fon; nitelikli yatırımcı / dağıtım kısıtı olabilir,True,2026-09-28,72.4471,0.7005,-0.1013,0.8019,1.0462,3.8522,-2.806,3.8275,16.3108,23.9211,6.7969,-2.369,-0.7292,325312056.03,5.0,329,0.0,9.38,0.0,4.35,0.0,0.0,0.0,0.0,0.46,0.0,0.0,0.0,0.0,0.0,2026-09-28,2026-09-28,2026-09-28 14:23:46
KNZ,AK PORTFÖY MNM SERBEST (DÖVİZ) ÖZEL FON,Diğer / Belirsiz,VERIFY_ELIGIBILITY,Serbest fon; nitelikli yatırımcı / dağıtım kısıtı olabilir,True,2026-09-28,70.2025,0.1838,-0.3208,0.5045,0.5504,2.1954,-1.645,1.9417,9.9663,18.063,1.9356,-1.7395,-0.2111,1034561647.78,1.0,329,0.0,0.0,0.0,0.0,0.0,0.0,0.0,0.0,1.72,0.0,0.0,0.0,0.0,0.0,2026-09-28,2026-09-28,2026-09-28 14:23:46
KO4,QNB PORTFÖY KAR PAYI ÖDEYEN ONDÖRDÜNCÜ SERBEST (DÖVİZ-AVRO) FON,Diğer / Belirsiz,VERIFY_ELIGIBILITY,Serbest fon; nitelikli yatırımcı / dağıtım kısıtı olabilir,True,2026-09-28,55.7953,-0.3343,-0.8015,0.4672,-0.7124,2.7571,-3.4695,4.574,8.4566,14.4653,3.6771,-1.5376,-1.3545,4571866243.37,852.0,265,0.0,0.0,0.0,0.0,0.0,0.0,0.0,0.0,0.0,0.0,0.0,0.0,0.0,0.0,2026-09-28,2026-09-28,2026-09-28 14:23:46
KOB,KUVEYT TÜRK PORTFÖY KUVEYT TÜRK KATILIM BANKASI ÖZEL BANKACILIK KATILIM SERBEST ÖZEL FON,Bankacılık / Finans,VERIFY_ELIGIBILITY,Serbest fon; nitelikli yatırımcı / dağıtım kısıtı olabilir,True,2026-09-28,1.476,0.7301,0.7272,0.0029,2.9462,3.0296,-0.0834,9.6351,22.3298,46.3788,1.3541,0.0,0.0,2688804553.89,86.0,259,0.0,0.0,0.0,0.0,98.4,0.0,0.0,0.0,0.02,0.0,0.0,0.0,0.0,0.0,2026-09-28,2026-09-28,2026-09-28 14:23:46
KOP,ASTRA PORTFÖY İKİNCİ SERBEST (DÖVİZ) FON,Diğer / Belirsiz,VERIFY_ELIGIBILITY,Serbest fon; nitelikli yatırımcı / dağıtım kısıtı olabilir,True,2026-09-28,7.7033,0.0761,0.5063,-0.4302,-1.5879,1.2748,-2.8627,0.1905,4.7956,11.3866,7.5728,-2.6128,-1.9845,15799560.42,14.0,329,0.0,0.0,0.0,0.0,0.0,0.0,0.0,0.0,8.88,0.0,0.0,0.0,0.0,0.0,2026-09-28,2026-09-28,2026-09-28 14:23:46
KOZ,İŞ PORTFÖY KOZA SERBEST (DÖVİZ) ÖZEL FON,Diğer / Belirsiz,VERIFY_ELIGIBILITY,Serbest fon; nitelikli yatırımcı / dağıtım kısıtı olabilir,True,2026-09-28,65.3137,0.1174,-0.2949,0.4124,0.2678,2.5267,-2.2589,4.4324,12.1401,21.1552,1.9313,-0.5769,-0.3962,73049291.86,4.0,329,0.0,0.0,0.0,0.0,0.0,0.0,0.0,0.0,3.74,0.0,0.0,0.0,0.0,0.0,2026-09-28,2026-09-28,2026-09-28 14:23:46
KP3,KARE PORTFÖY ÜÇÜNCÜ SERBEST (DÖVİZ) FON,Diğer / Belirsiz,VERIFY_ELIGIBILITY,Serbest fon; nitelikli yatırımcı / dağıtım kısıtı olabilir,True,2026-09-28,53.0954,-0.3307,-0.7252,0.3946,-0.9694,2.6045,-3.5739,3.9263,7.0138,10.5988,3.6731,-1.4726,-1.3111,13917302.11,6.0,329,0.0,0.0,0.0,0.0,0.0,0.0,0.0,0.0,59.53,0.0,0.0,0.0,0.0,0.0,2026-09-28,2026-09-28,2026-09-28 14:23:46
KPB,ROTA PORTFÖY ÖPY BİRİNCİ SERBEST ÖZEL FON,Diğer / Belirsiz,VERIFY_ELIGIBILITY,Serbest fon; nitelikli yatırımcı / dağıtım kısıtı olabilir,True,2026-09-28,6.5475,-0.7424,-2.5918,1.8494,-3.3595,4.9404,-8.3,-3.9758,11.3332,5.797,42.4857,-10.2814,-4.3944,5247373.1,1.0,329,99.66,0.0,0.0,0.0,0.0,0.0,0.0,0.0,0.34,0.0,0.0,0.0,0.0,0.0,2026-09-28,2026-09-28,2026-09-28 14:23:46
KPD,KUVEYT TÜRK PORTFÖY KAR PAYI ÖDEYEN KATILIM SERBEST (DÖVİZ) FON,Katılım,VERIFY_ELIGIBILITY,Serbest fon; nitelikli yatırımcı / dağıtım kısıtı olabilir,True,2026-09-28,48.9408,-0.1244,-0.188,0.0636,-0.2226,2.148,-2.3706,2.9901,9.5141,15.1683,2.0664,-0.4505,-0.4505,304617595.54,523.0,329,0.0,0.0,0.0,0.0,0.0,0.0,0.0,0.0,18.27,0.0,0.0,0.0,0.0,0.0,2026-09-28,2026-09-28,2026-09-28 14:23:46
KPF,NEO PORTFÖY MUTLAK GETİRİ HEDEFLİ HİSSE SENEDİ SERBEST FON (HİSSE SENEDİ YOĞUN FON),Hisse Senedi,VERIFY_ELIGIBILITY,Serbest fon; nitelikli yatırımcı / dağıtım kısıtı olabilir,True,2026-09-28,1.8359,0.6334,0.7354,-0.102,2.7962,2.3667,0.4294,8.3327,20.6915,52.8964,3.2315,-0.3935,0.0,194370123.26,195.0,329,91.0,0.0,0.0,0.0,0.0,0.0,0.0,0.0,0.0,0.02,0.0,0.0,0.0,0.0,2026-09-28,2026-09-28,2026-09-28 14:23:46
KPK,İŞ PORTFÖY DURUSU SERBEST (DÖVİZ) ÖZEL FON,Diğer / Belirsiz,VERIFY_ELIGIBILITY,Serbest fon; nitelikli yatırımcı / dağıtım kısıtı olabilir,True,2026-09-28,10.3034,0.0545,-0.1193,0.1738,0.0806,2.9067,-2.8261,3.5243,13.7767,23.0073,3.1126,-0.685,-0.608,476560941.76,1.0,329,0.0,0.0,0.0,0.0,0.0,0.0,0.0,0.0,0.0,0.0,0.0,0.0,0.0,0.0,2026-09-28,2026-09-28,2026-09-28 14:23:46
KPM,KARE PORTFÖY SEKİZİNCİ HİSSE SENEDİ SERBEST FON (HİSSE SENEDİ YOĞUN FON),Hisse Senedi,VERIFY_ELIGIBILITY,Serbest fon; nitelikli yatırımcı / dağıtım kısıtı olabilir,True,2026-09-28,1.0019,-0.3918,-3.7586,3.3668,-5.9093,6.9208,-12.83,,,,31.2274,-11.0676,-7.6441,1511334.62,16.0,47,93.4,0.0,0.0,0.0,0.0,0.0,0.0,0.0,0.0,0.0,0.0,0.0,0.0,0.0,2026-09-28,2026-09-28,2026-09-28 14:23:46
KPS,QNB PORTFÖY KAR PAYI ÖDEYEN ONİKİNCİ SERBEST (DÖVİZ) FON,Diğer / Belirsiz,VERIFY_ELIGIBILITY,Serbest fon; nitelikli yatırımcı / dağıtım kısıtı olabilir,True,2026-09-28,48.8884,0.4595,0.1107,0.3488,1.5,11.9564,-10.4564,14.9258,18.9142,,1.8054,-100.0,0.0,23669310592.33,3262.0,185,0.0,0.0,0.0,0.0,0.0,0.0,0.0,0.0,0.0,0.0,0.0,0.0,0.0,0.0,2026-09-28,2026-09-28,2026-09-28 14:23:46
KRH,PARDUS PORTFÖY KARTAL HİSSE SENEDİ SERBEST FON (HİSSE SENEDİ YOĞUN FON),Hisse Senedi,VERIFY_ELIGIBILITY,Serbest fon; nitelikli yatırımcı / dağıtım kısıtı olabilir,True,2026-09-28,1.4814,-5.5084,-13.9927,8.4843,-16.9873,15.9743,-32.9616,-3.8664,16.6173,,34.1615,-20.4924,-20.4924,1930439866.15,41.0,236,85.12,0.0,0.0,0.0,0.0,0.0,0.0,0.0,0.0,0.0,0.0,0.0,0.0,0.0,2026-09-28,2026-09-28,2026-09-28 14:23:46
KRO,DENİZ PORTFÖY KAR PAYI ÖDEYEN ONUNCU SERBEST (DÖVİZ) FON,Diğer / Belirsiz,VERIFY_ELIGIBILITY,Serbest fon; nitelikli yatırımcı / dağıtım kısıtı olabilir,True,2026-09-28,49.042,0.4488,0.4461,0.0026,1.4392,1.8935,-0.4543,4.9636,10.5483,18.2253,1.3072,-0.7032,0.0,308475762.86,58.0,291,0.0,0.0,0.0,0.0,0.0,0.0,0.0,0.0,0.0,0.0,0.0,0.0,0.0,0.0,2026-09-28,2026-09-28,2026-09-28 14:23:46
KRS,KARE PORTFÖY SERBEST (DÖVİZ) FON,Diğer / Belirsiz,VERIFY_ELIGIBILITY,Serbest fon; nitelikli yatırımcı / dağıtım kısıtı olabilir,True,2026-09-28,0.5323,0.6836,-0.3187,1.0023,0.4814,5.0626,-4.5812,5.6155,15.1717,22.9756,5.1753,-1.5869,-0.2188,1251405292.45,898.0,329,0.0,55.23,0.0,0.0,0.0,0.0,0.0,0.0,9.74,0.0,0.0,0.0,0.0,0.0,2026-09-28,2026-09-28,2026-09-28 14:23:46
KRT,KARE PORTFÖY TÜRKİYE ODAKLI SERBEST (DÖVİZ ) FON,Diğer / Belirsiz,VERIFY_ELIGIBILITY,Serbest fon; nitelikli yatırımcı / dağıtım kısıtı olabilir,True,2026-09-28,75.9832,0.1413,0.1199,0.0214,0.9421,2.1123,-1.1702,4.9367,12.6987,21.9239,1.3903,-0.1382,-0.1382,744499327.27,139.0,329,0.0,0.0,0.0,0.0,0.0,0.0,0.0,0.0,0.0,0.0,0.0,0.0,0.0,0.0,2026-09-28,2026-09-28,2026-09-28 14:23:46
KRV,QNB PORTFÖY KAR PAYI ÖDEYEN ALTINCI SERBEST (DÖVİZ) FON,Altın,VERIFY_ELIGIBILITY,Serbest fon; nitelikli yatırımcı / dağıtım kısıtı olabilir,True,2026-09-28,49.0147,0.4278,0.1816,0.2462,1.4832,1.5169,-0.0337,4.6631,10.3226,17.9915,1.5462,-0.2021,0.0,5671495072.63,1020.0,324,0.0,0.0,0.0,0.0,0.0,0.0,0.0,0.0,0.08,0.0,0.0,0.0,0.0,0.0,2026-09-28,2026-09-28,2026-09-28 14:23:46
KSA,HEDEF PORTFÖY KISA VADELİ SERBEST (TL) FON,Diğer / Belirsiz,VERIFY_ELIGIBILITY,Serbest fon; nitelikli yatırımcı / dağıtım kısıtı olabilir,True,2026-09-28,4.269,0.3941,0.6017,-0.2076,2.6073,3.2841,-0.6768,9.7939,22.8963,50.8094,1.2113,0.0,0.0,12621896481.52,3896.0,329,0.0,0.0,0.0,0.0,0.0,0.0,0.0,30.25,0.0,0.0,0.0,0.0,0.15,0.0,2026-09-28,2026-09-28,2026-09-28 14:23:46
KSC,KUVEYT TÜRK PORTFÖY ASC KATILIM SERBEST (DÖVİZ) ÖZEL FON,Katılım,VERIFY_ELIGIBILITY,Serbest fon; nitelikli yatırımcı / dağıtım kısıtı olabilir,True,2026-09-28,50.6239,0.4139,0.428,-0.0141,1.7038,1.7527,-0.0489,5.329,11.8178,22.0569,1.3334,0.0,0.0,25082599.33,1.0,271,0.0,0.0,0.0,0.0,0.0,0.0,0.0,0.0,100.0,0.0,0.0,0.0,0.0,0.0,2026-09-28,2026-09-28,2026-09-28 14:23:46
KSL,ALBARAKA PORTFÖY İKİNCİ KATILIM SERBEST (DÖVİZ-AVRO) FON,Katılım,VERIFY_ELIGIBILITY,Serbest fon; nitelikli yatırımcı / dağıtım kısıtı olabilir,True,2026-09-28,56.5248,-0.3675,-0.6623,0.2948,-0.6702,2.7964,-3.4666,4.6806,8.606,14.7707,3.6841,-1.4322,-1.2622,255049433.25,118.0,329,0.0,0.0,0.0,0.0,0.0,0.0,0.0,0.0,0.0,0.0,0.0,0.0,0.0,0.0,2026-09-28,2026-09-28,2026-09-28 14:23:46
KSM,ALBARAKA PORTFÖY İKİNCİ KATILIM SERBEST (DÖVİZ-ABD DOLARI) FON,Katılım,VERIFY_ELIGIBILITY,Serbest fon; nitelikli yatırımcı / dağıtım kısıtı olabilir,True,2026-09-28,52.7641,0.4144,0.4217,-0.0073,1.6773,1.7696,-0.0923,5.3993,11.9379,21.6563,1.1617,0.0,0.0,16064884609.47,736.0,329,0.0,0.0,0.0,0.0,0.0,0.0,0.0,0.0,9.42,0.0,0.0,0.0,0.0,0.0,2026-09-28,2026-09-28,2026-09-28 14:23:46
KSP,QNB PORTFÖY KAR PAYI ÖDEYEN SERBEST (DÖVİZ-POUND) FON,Diğer / Belirsiz,VERIFY_ELIGIBILITY,Serbest fon; nitelikli yatırımcı / dağıtım kısıtı olabilir,True,2026-09-28,64.5601,-0.5044,-0.9377,0.4333,-1.1335,2.6365,-3.77,5.395,10.1699,15.0688,4.0092,-100.0,-1.626,1626592012.96,358.0,314,0.0,0.0,0.0,0.0,0.0,0.0,0.0,0.0,0.0,0.0,0.0,0.0,0.0,0.0,2026-09-28,2026-09-28,2026-09-28 14:23:46
KSV,KUVEYT TÜRK PORTFÖY KISA VADELİ KATILIM SERBEST (TL) FON,Katılım,VERIFY_ELIGIBILITY,Serbest fon; nitelikli yatırımcı / dağıtım kısıtı olabilir,True,2026-09-28,5.9428,0.6619,0.666,-0.0041,2.6813,2.7197,-0.0384,8.6534,19.9761,42.0371,1.248,0.0,0.0,40609620437.48,9788.0,329,0.0,0.0,0.0,0.0,0.0,0.0,0.0,0.0,0.0,0.0,0.0,0.0,0.0,0.0,2026-09-28,2026-09-28,2026-09-28 14:23:46
KSY,YAPI KREDİ PORTFÖY PY KANDİLLİ SERBEST ÖZEL FON,Diğer / Belirsiz,VERIFY_ELIGIBILITY,Serbest fon; nitelikli yatırımcı / dağıtım kısıtı olabilir,True,2026-09-28,11.4762,0.6502,0.6735,-0.0233,2.7868,3.0763,-0.2895,9.5443,22.192,48.7234,1.2184,0.0,0.0,13040849162.69,84.0,329,0.0,0.0,0.0,0.0,0.0,0.0,6.53,0.29,14.3,0.0,0.0,0.0,19.51,0.0,2026-09-28,2026-09-28,2026-09-28 14:23:46
KTE,KUVEYT TÜRK PORTFÖY CEYLAN KİRA SERTİFİKALARI KATILIM SERBEST (DÖVİZ) ÖZEL FON,Katılım,VERIFY_ELIGIBILITY,Serbest fon; nitelikli yatırımcı / dağıtım kısıtı olabilir,True,2026-09-28,46.9385,0.5512,0.5601,-0.0088,2.2218,2.2967,-0.0749,6.98,15.2949,28.7359,1.1654,0.0,0.0,108455527.91,1.0,329,0.0,0.0,0.0,0.0,0.0,0.0,0.0,0.0,0.0,0.0,0.0,0.0,0.0,0.0,2026-09-28,2026-09-28,2026-09-28 14:23:46
KTR,KUVEYT TÜRK PORTFÖY BİRİNCİ KATILIM SERBEST (TL) FON,Katılım,VERIFY_ELIGIBILITY,Serbest fon; nitelikli yatırımcı / dağıtım kısıtı olabilir,True,2026-09-28,10.9952,0.6601,0.7753,-0.1152,2.8293,2.6142,0.2152,8.7017,20.0745,43.4096,1.1182,0.0,0.0,25360348687.05,605.0,329,0.0,0.0,0.0,0.0,0.0,0.0,0.0,0.0,38.13,0.0,0.0,0.0,0.0,0.0,2026-09-28,2026-09-28,2026-09-28 14:23:46
KTS,KUVEYT TÜRK PORTFÖY KATILIM HİSSE SENEDİ SERBEST FON (HİSSE SENEDİ YOĞUN FON),Hisse Senedi,VERIFY_ELIGIBILITY,Serbest fon; nitelikli yatırımcı / dağıtım kısıtı olabilir,True,2026-09-28,14.9772,0.0284,-4.8114,4.8398,-4.8473,10.7158,-15.5631,3.5628,22.2899,44.9517,25.3903,-7.8526,-4.8473,141647286.45,777.0,329,82.81,0.0,0.0,0.0,0.0,0.0,0.0,0.0,8.82,2.6,0.0,0.0,0.0,0.0,2026-09-28,2026-09-28,2026-09-28 14:23:46
KTT,KUVEYT TÜRK PORTFÖY DÖRDÜNCÜ KATILIM SERBEST (DÖVİZ) FON,Katılım,VERIFY_ELIGIBILITY,Serbest fon; nitelikli yatırımcı / dağıtım kısıtı olabilir,True,2026-09-28,71.602,0.0609,0.0321,0.0288,0.6927,2.201,-1.5083,4.6121,12.3761,21.9462,1.6662,-0.2525,-0.2307,5086146842.08,1369.0,329,0.0,0.0,0.0,0.0,0.0,0.0,0.0,0.0,11.65,0.0,0.0,0.0,0.0,0.0,2026-09-28,2026-09-28,2026-09-28 14:23:46
KTU,KUVEYT TÜRK PORTFÖY NEOVA KATILIM SERBEST (TL) ÖZEL FON,Katılım,VERIFY_ELIGIBILITY,Serbest fon; nitelikli yatırımcı / dağıtım kısıtı olabilir,True,2026-09-28,29.5118,-0.0997,-3.5362,3.4365,-3.5395,8.2185,-11.758,5.6875,21.3099,39.4359,18.0985,-5.2337,-3.6924,959586136.47,1.0,329,56.68,0.0,0.0,0.0,0.0,0.0,0.0,0.0,2.02,4.05,0.0,0.0,0.0,0.0,2026-09-28,2026-09-28,2026-09-28 14:23:46
KUP,AK PORTFÖY KAR PAYI ÖDEYEN SERBEST (DÖVİZ) FON,Diğer / Belirsiz,VERIFY_ELIGIBILITY,Serbest fon; nitelikli yatırımcı / dağıtım kısıtı olabilir,True,2026-09-28,48.6642,-0.0919,-0.9162,0.8242,-1.6454,2.4951,-4.1405,0.7398,8.8978,12.6093,5.7535,-2.0082,-1.8754,2011543539.46,128.0,329,0.0,0.0,0.0,0.0,0.0,0.0,0.0,0.0,0.0,0.0,0.0,0.0,0.0,0.0,2026-09-28,2026-09-28,2026-09-28 14:23:46
KVA,KUVEYT TÜRK PORTFÖY KTYMD KISA VADELİ KATILIM SERBEST ÖZEL FON,Katılım,VERIFY_ELIGIBILITY,Serbest fon; nitelikli yatırımcı / dağıtım kısıtı olabilir,True,2026-09-28,1.8487,0.737,0.7425,-0.0055,3.0103,3.0897,-0.0794,9.9186,22.5688,47.5766,1.3816,0.0,0.0,725753754.9,1.0,329,0.0,0.0,0.0,0.0,0.0,0.0,0.0,0.0,0.0,0.0,0.0,0.0,0.0,0.0,2026-09-28,2026-09-28,2026-09-28 14:23:46
KVK,HEDEF PORTFÖY KATILIM İSTATİSTİKSEL ARBİTRAJ SERBEST FON,Katılım,VERIFY_ELIGIBILITY,Serbest fon; nitelikli yatırımcı / dağıtım kısıtı olabilir,True,2026-09-28,1.3129,0.4669,0.6204,-0.1535,2.1611,2.4704,-0.3093,7.2786,17.5533,,1.5204,-0.1278,0.0,870117593.76,127.0,215,51.25,0.0,0.0,0.0,0.0,0.0,0.0,0.0,0.0,0.0,0.0,0.0,0.0,0.0,2026-09-28,2026-09-28,2026-09-28 14:23:46
KVR,ATLAS PORTFÖY KISA VADELİ KATILIM SERBEST FON,Katılım,VERIFY_ELIGIBILITY,Serbest fon; nitelikli yatırımcı / dağıtım kısıtı olabilir,True,2026-09-28,1.3451,0.6642,0.7097,-0.0455,2.8823,2.9768,-0.0945,9.4748,21.5479,,1.2674,0.0,0.0,107378499.01,42.0,202,0.0,0.0,0.0,0.0,0.0,0.0,0.0,0.0,0.0,0.0,0.0,0.0,0.0,0.0,2026-09-28,2026-09-28,2026-09-28 14:23:46
KVS,AZİMUT PORTFÖY KISA VADELİ SERBEST (TL) FON,Diğer / Belirsiz,VERIFY_ELIGIBILITY,Serbest fon; nitelikli yatırımcı / dağıtım kısıtı olabilir,True,2026-09-28,3.9655,0.6117,0.7437,-0.132,2.8688,3.1389,-0.2701,9.86,22.8292,49.2012,1.2917,0.0,0.0,16129031887.7,2007.0,329,0.0,0.0,0.0,0.0,0.0,0.0,0.0,14.28,0.0,0.0,0.0,0.0,9.72,0.0,2026-09-28,2026-09-28,2026-09-28 14:23:46
KYR,BV PORTFÖY ÜÇÜNCÜ HİSSE SENEDİ SERBEST FON (HİSSE SENEDİ YOĞUN FON),Hisse Senedi,VERIFY_ELIGIBILITY,Serbest fon; nitelikli yatırımcı / dağıtım kısıtı olabilir,True,2026-09-28,0.3796,-20.9605,-10.3065,-10.654,-36.6019,-4.3072,-32.2948,-49.3441,-57.3426,-55.6538,60.5132,-52.0573,-52.0573,188871208.86,11.0,329,86.63,0.0,0.0,0.0,0.0,0.0,0.0,0.0,13.37,0.0,0.0,0.0,0.0,0.0,2026-09-28,2026-09-28,2026-09-28 14:23:46
KYS,KARE PORTFÖY YEDİNCİ SERBEST (DÖVİZ) FON,Diğer / Belirsiz,VERIFY_ELIGIBILITY,Serbest fon; nitelikli yatırımcı / dağıtım kısıtı olabilir,True,2026-09-28,54.2148,0.1559,-0.0781,0.234,-0.003,1.2004,-1.2034,2.4692,16.7728,24.7772,2.6677,-0.4811,-0.326,11227877.4,18.0,321,0.0,0.0,0.0,0.0,0.0,0.0,0.0,0.0,0.0,0.0,0.0,0.0,0.0,0.0,2026-09-28,2026-09-28,2026-09-28 14:23:46
KZO,AZİMUT PORTFÖY KOİ HİSSE SENEDİ SERBEST ÖZEL FON (HİSSE SENEDİ YOĞUN FON),Hisse Senedi,VERIFY_ELIGIBILITY,Serbest fon; nitelikli yatırımcı / dağıtım kısıtı olabilir,True,2026-09-28,1.8248,-1.76,-14.3933,12.6333,-20.0663,16.9904,-37.0566,-12.5393,-2.8518,,40.3879,-21.6401,-20.8287,945199524.64,3.0,217,86.67,0.0,0.0,0.0,0.0,0.0,0.0,0.0,13.33,0.0,0.0,0.0,0.0,0.0,2026-09-28,2026-09-28,2026-09-28 14:23:46
LAI,ATLAS PORTFÖY İKİNCİ HİSSE SENEDİ SERBEST FON (HİSSE SENEDİ YOĞUN FON),Hisse Senedi,VERIFY_ELIGIBILITY,Serbest fon; nitelikli yatırımcı / dağıtım kısıtı olabilir,True,2026-09-28,0.6224,-26.4412,-30.8859,4.4447,-50.409,33.765,-84.174,-31.1704,-66.7311,-78.0569,98.2193,-56.7169,-52.9814,93203223.08,12.0,329,99.34,0.0,0.0,0.0,0.0,0.0,0.0,0.0,0.66,0.0,0.0,0.0,0.0,0.0,2026-09-28,2026-09-28,2026-09-28 14:23:46
LET,QNB PORTFÖY LETO SERBEST (DÖVİZ) ÖZEL FON,Diğer / Belirsiz,VERIFY_ELIGIBILITY,Serbest fon; nitelikli yatırımcı / dağıtım kısıtı olabilir,True,2026-09-28,55.2893,-0.1459,-0.3328,0.1869,0.2866,2.1819,-1.8952,1.9829,10.1455,17.6446,2.1364,-1.3859,-0.4849,703407910.92,2.0,329,0.0,0.0,0.0,0.0,0.0,0.0,0.0,0.0,1.47,0.0,0.0,0.0,0.0,0.0,2026-09-28,2026-09-28,2026-09-28 14:23:46
LGK,AZİMUT PORTFÖY İKİNCİ ÖPY SERBEST ÖZEL FON,Diğer / Belirsiz,VERIFY_ELIGIBILITY,Serbest fon; nitelikli yatırımcı / dağıtım kısıtı olabilir,True,2026-09-28,1.5049,3.6692,0.4806,3.1886,5.3836,2.8069,2.5767,11.4065,22.3179,45.6496,11.2221,-0.1749,0.0,10373976.28,1.0,274,0.0,0.0,0.0,0.0,0.0,0.0,0.0,0.0,0.0,0.0,0.0,0.0,0.0,0.0,2026-09-28,2026-09-28,2026-09-28 14:23:46
LGO,ATLAS PORTFÖY ALGO TOROS HİSSE SENEDİ SERBEST (TL) FON (HİSSE SENEDİ YOĞUN FON),Hisse Senedi,VERIFY_ELIGIBILITY,Serbest fon; nitelikli yatırımcı / dağıtım kısıtı olabilir,True,2026-09-28,3.672,-25.6425,-25.2038,-0.4388,-55.7218,24.4981,-80.2199,-45.0819,-32.7781,-50.6919,65.4799,-56.6251,-55.7218,55309431.68,11.0,329,90.04,0.0,0.0,0.0,0.0,0.0,0.0,0.0,9.96,0.0,0.0,0.0,0.0,0.0,2026-09-28,2026-09-28,2026-09-28 14:23:46
LHM,AK PORTFÖY NETA SERBEST (DÖVİZ) ÖZEL FON,Diğer / Belirsiz,VERIFY_ELIGIBILITY,Serbest fon; nitelikli yatırımcı / dağıtım kısıtı olabilir,True,2026-09-28,83.9201,0.4711,-0.8597,1.3308,0.2648,2.613,-2.3482,4.7175,13.0945,24.7577,3.0869,-1.0233,-0.557,802078139.99,4.0,329,0.0,0.0,0.0,0.0,0.0,0.0,0.0,0.0,20.02,0.0,0.0,0.0,0.0,0.0,2026-09-28,2026-09-28,2026-09-28 14:23:46
LHP,AK PORTFÖY YEDİNCİ SERBEST (DÖVİZ) FON,Diğer / Belirsiz,VERIFY_ELIGIBILITY,Serbest fon; nitelikli yatırımcı / dağıtım kısıtı olabilir,True,2026-09-28,57.8137,0.3529,0.3579,-0.0051,1.4211,1.481,-0.0599,4.4758,9.8156,17.3314,1.1871,0.0,0.0,73528364.39,90.0,329,0.0,0.0,0.0,0.0,0.0,0.0,0.0,0.0,0.0,0.0,0.0,0.0,0.0,0.0,2026-09-28,2026-09-28,2026-09-28 14:23:46
LLA,ALLBATROSS PORTFÖY AYDIN HİSSE SENEDİ SERBEST (TL) FON (HİSSE SENEDİ YOĞUN FON),Hisse Senedi,VERIFY_ELIGIBILITY,Serbest fon; nitelikli yatırımcı / dağıtım kısıtı olabilir,True,2026-09-28,1.0021,-3.8577,-9.4759,5.6183,-17.1076,2.4617,-19.5693,-22.5804,-16.6701,-66.4798,29.9313,-23.5141,-22.5804,18663215.19,641.0,329,85.17,0.0,0.0,0.0,0.0,0.0,0.0,0.0,12.6,0.0,0.0,0.0,0.0,0.0,2026-09-28,2026-09-28,2026-09-28 14:23:46
LPH,STATECH PORTFÖY İSTATİSTİKSEL ARBİTRAJ HİSSE SENEDİ SERBEST (TL) FON (HİSSE SENEDİ YOĞUN FON),Hisse Senedi,VERIFY_ELIGIBILITY,Serbest fon; nitelikli yatırımcı / dağıtım kısıtı olabilir,True,2026-09-28,1.5102,0.5702,0.5991,-0.0289,2.3313,3.2635,-0.9322,9.3988,23.6057,61.5947,2.2402,-0.1495,0.0,2747064980.26,1843.0,329,87.7,0.0,0.0,0.0,0.0,0.0,0.0,0.0,0.0,0.0,0.0,0.0,0.0,0.0,2026-09-28,2026-09-28,2026-09-28 14:23:46
LRT,ATA PORTFÖY ALGORİTMİK STRATEJİLER SERBEST FON,Diğer / Belirsiz,VERIFY_ELIGIBILITY,Serbest fon; nitelikli yatırımcı / dağıtım kısıtı olabilir,True,2026-09-28,3.7974,0.4283,0.611,-0.1828,2.4427,3.0912,-0.6485,8.9305,21.6474,47.5956,29.753,-5.509,-4.7429,940309145.16,10.0,329,22.91,0.0,0.0,0.0,0.0,0.0,4.84,0.0,0.0,0.0,0.0,0.0,0.0,0.0,2026-09-28,2026-09-28,2026-09-28 14:23:46
LTC,AK PORTFÖY BİRİNCİ İSTATİSTİKSEL ARBİTRAJ HİSSE SENEDİ SERBEST FON (HİSSE SENEDİ YOĞUN FON),Hisse Senedi,VERIFY_ELIGIBILITY,Serbest fon; nitelikli yatırımcı / dağıtım kısıtı olabilir,True,2026-09-28,1.6444,0.2514,0.878,-0.6265,2.1119,2.2979,-0.1859,6.8219,16.6632,36.5665,2.3164,-0.2802,0.0,15947833.93,305.0,329,82.08,0.0,0.0,0.0,0.0,0.0,0.0,0.0,0.0,0.0,0.0,0.0,0.0,0.0,2026-09-28,2026-09-28,2026-09-28 14:23:46
LTS,HEDEF PORTFÖY LOTUS SERBEST FON,Diğer / Belirsiz,VERIFY_ELIGIBILITY,Serbest fon; nitelikli yatırımcı / dağıtım kısıtı olabilir,True,2026-09-28,3.7678,-15.2688,0.9866,-16.2554,-20.3903,15.0124,-35.4027,-13.4488,48.5283,154.9705,48.5487,-24.8053,-21.2855,2085033030.53,13.0,329,49.06,0.0,0.0,0.0,0.0,0.0,0.0,0.0,14.27,0.0,0.0,0.0,0.0,0.0,2026-09-28,2026-09-28,2026-09-28 14:23:46
LZV,AZİMUT PORTFÖY İLA HİSSE SENEDİ SERBEST (TL) ÖZEL FON (HİSSE SENEDİ YOĞUN FON),Hisse Senedi,VERIFY_ELIGIBILITY,Serbest fon; nitelikli yatırımcı / dağıtım kısıtı olabilir,True,2026-09-28,4.0376,-20.8434,-18.0877,-2.7557,-46.8404,-1.2629,-45.5774,-50.2896,-43.1301,-89.2701,47.7817,-52.8246,-52.8246,45964372.94,2.0,329,100.0,0.0,0.0,0.0,0.0,0.0,0.0,0.0,0.0,0.0,0.0,0.0,0.0,0.0,2026-09-28,2026-09-28,2026-09-28 14:23:46
MAS,MARMARA CAPİTAL PORTFÖY HİSSE SENEDİ SERBEST (TL) FON (HİSSE SENEDİ YOĞUN FON),Hisse Senedi,VERIFY_ELIGIBILITY,Serbest fon; nitelikli yatırımcı / dağıtım kısıtı olabilir,True,2026-09-28,11.4726,6.852,-12.1726,19.0246,-6.2481,-2.8301,-3.418,-17.2935,12.105,21.4599,39.2998,-22.5975,-17.2939,715554881.46,193.0,329,92.64,0.0,0.0,0.0,0.0,0.0,0.0,0.0,0.0,0.0,0.0,0.0,0.0,0.0,2026-09-28,2026-09-28,2026-09-28 14:23:46
MAV,QNB PORTFÖY ADAMAVİ SERBEST (DÖVİZ) ÖZEL FON,Diğer / Belirsiz,VERIFY_ELIGIBILITY,Serbest fon; nitelikli yatırımcı / dağıtım kısıtı olabilir,True,2026-09-28,57.7628,0.3242,-1.94,2.2642,-1.1272,2.9482,-4.0754,1.3672,9.7835,15.6025,4.8728,-2.0403,-1.7227,903883869.38,1.0,329,0.0,9.47,0.0,0.0,0.0,0.0,0.0,0.0,15.49,0.0,0.0,0.0,0.0,0.0,2026-09-28,2026-09-28,2026-09-28 14:23:46
MCU,AZİMUT PORTFÖY MUTLAK GETİRİ HEDEFLİ HİSSE SENEDİ SERBEST FON (HİSSE SENEDİ YOĞUN FON),Hisse Senedi,VERIFY_ELIGIBILITY,Serbest fon; nitelikli yatırımcı / dağıtım kısıtı olabilir,True,2026-09-28,1.4333,0.192,0.967,-0.7751,2.208,2.2413,-0.0334,9.2589,17.3453,33.894,2.4555,-0.4938,0.0,235596710.92,130.0,303,76.4,0.0,0.0,0.0,0.0,0.0,0.0,0.0,13.07,0.0,0.0,0.0,0.0,0.0,2026-09-28,2026-09-28,2026-09-28 14:23:46
MDF,FİBA PORTFÖY MODEL EMTİA FON SEPETİ SERBEST FON,Fon Sepeti,VERIFY_ELIGIBILITY,Serbest fon; nitelikli yatırımcı / dağıtım kısıtı olabilir,True,2026-09-28,1.3668,-0.9501,0.0393,-0.9894,2.8571,8.8456,-5.9884,20.5973,9.2406,,9.391,-2.863,-1.86,496186620.96,873.0,252,0.0,83.37,0.0,0.0,0.0,0.0,0.0,0.0,16.03,0.0,0.0,0.0,0.0,0.0,2026-09-28,2026-09-28,2026-09-28 14:23:46
MGB,İŞ PORTFÖY MUTLAK GETİRİ HEDEFLİ HİSSE SENEDİ SERBEST FON (HİSSE SENEDİ YOĞUN FON),Hisse Senedi,VERIFY_ELIGIBILITY,Serbest fon; nitelikli yatırımcı / dağıtım kısıtı olabilir,True,2026-09-28,1.4852,-1.7981,-4.5878,2.7897,0.3527,1.1294,-0.7767,1.0952,12.9758,25.6323,26.4312,-6.3033,-6.3033,48576186.95,487.0,329,89.41,0.0,0.0,0.0,0.0,0.0,0.0,0.0,0.0,0.0,0.0,0.0,0.0,0.0,2026-09-28,2026-09-28,2026-09-28 14:23:46
MGD,DENİZ PORTFÖY MGD HİSSE SENEDİ SERBEST ÖZEL FON (HİSSE SENEDİ YOĞUN FON),Hisse Senedi,VERIFY_ELIGIBILITY,Serbest fon; nitelikli yatırımcı / dağıtım kısıtı olabilir,True,2026-09-28,0.7121,-6.9767,-13.5802,6.6036,-29.8034,15.9407,-45.744,-33.924,-17.1186,-21.8154,39.8909,-33.924,-33.924,478611040.34,1.0,329,81.28,0.0,0.0,0.0,0.0,0.0,0.0,0.0,0.0,0.0,0.0,0.0,0.0,0.0,2026-09-28,2026-09-28,2026-09-28 14:23:46
MGE,PARDUS PORTFÖY MUTLAK GETİRİ HEDEFLİ HİSSE SENEDİ SERBEST (TL) FON (HİSSE SENEDİ YOĞUN FON),Hisse Senedi,VERIFY_ELIGIBILITY,Serbest fon; nitelikli yatırımcı / dağıtım kısıtı olabilir,True,2026-09-28,0.0,,-100.0,,-100.0,-80.7094,-19.2906,-100.0,-100.0,-100.0,430.7503,-100.0,-100.0,0.0,67.0,329,100.0,0.0,0.0,0.0,0.0,0.0,0.0,0.0,0.0,0.0,0.0,0.0,0.0,0.0,2026-09-28,2026-09-28,2026-09-28 14:23:46
MGH,TEB PORTFÖY MUTLAK GETİRİ HEDEFLİ HİSSE SENEDİ SERBEST FON (HİSSE SENEDİ YOĞUN FON),Hisse Senedi,VERIFY_ELIGIBILITY,Serbest fon; nitelikli yatırımcı / dağıtım kısıtı olabilir,True,2026-09-28,2.3196,0.3755,1.8605,-1.485,1.3809,3.7737,-2.3928,10.0845,16.0634,32.9486,7.9357,-1.2307,-0.1099,468248267.56,695.0,329,85.71,0.0,0.0,0.0,0.0,0.0,0.0,0.0,0.0,0.0,0.0,0.0,0.0,0.0,2026-09-28,2026-09-28,2026-09-28 14:23:46
MIK,MT PORTFÖY İKİNCİ SERBEST FON,Diğer / Belirsiz,VERIFY_ELIGIBILITY,Serbest fon; nitelikli yatırımcı / dağıtım kısıtı olabilir,True,2026-09-28,3.4611,0.6164,-0.7498,1.3662,0.6454,3.4839,-2.8384,6.1743,130.8605,242.4757,3.7917,-0.9609,-0.328,3641245580.48,13.0,260,5.17,0.0,0.0,0.0,0.0,0.0,0.0,0.0,94.83,0.0,0.0,0.0,0.0,0.0,2026-09-28,2026-09-28,2026-09-28 14:23:46
MJE,ALBARAKA PORTFÖY KATILIM SERBEST (DÖVİZ-AVRO) FON,Katılım,VERIFY_ELIGIBILITY,Serbest fon; nitelikli yatırımcı / dağıtım kısıtı olabilir,True,2026-09-28,57.8916,-0.3595,-0.6538,0.2943,-0.6372,2.8205,-3.4577,4.7759,8.8659,15.36,3.6855,-1.4156,-1.2423,6443400775.78,877.0,329,0.0,0.0,0.0,0.0,0.0,0.0,0.0,0.0,0.0,0.0,0.0,0.0,0.0,0.0,2026-09-28,2026-09-28,2026-09-28 14:23:46
MJH,AKTİF PORTFÖY FORTUNA SERBEST FON,Diğer / Belirsiz,VERIFY_ELIGIBILITY,Serbest fon; nitelikli yatırımcı / dağıtım kısıtı olabilir,True,2026-09-28,4.5957,-1.0278,1.7494,-2.7772,3.031,-5.3965,8.4275,2.1628,3.5832,-3.1257,20.387,-10.3453,-4.5173,28064428.5,31.0,329,57.99,0.0,0.0,0.0,0.0,0.0,0.0,0.0,2.55,0.0,0.0,0.0,0.0,0.0,2026-09-28,2026-09-28,2026-09-28 14:23:46
MJK,MEKSA PORTFÖY KARDELEN SERBEST FON,Diğer / Belirsiz,VERIFY_ELIGIBILITY,Serbest fon; nitelikli yatırımcı / dağıtım kısıtı olabilir,True,2026-09-28,35.4793,-0.4731,-2.4369,1.9637,-3.0697,10.0078,-13.0775,-1.1105,7.6377,14.2177,26.5863,-8.1554,-3.9369,1721901278.27,383.0,329,13.75,23.21,0.0,0.0,0.0,0.0,0.0,0.0,2.46,0.0,0.0,0.0,0.0,0.0,2026-09-28,2026-09-28,2026-09-28 14:23:46
MJL,AKTİF PORTFÖY AKTİF SERBEST (DÖVİZ-AVRO) FON,Diğer / Belirsiz,VERIFY_ELIGIBILITY,Serbest fon; nitelikli yatırımcı / dağıtım kısıtı olabilir,True,2026-09-28,61.5402,-0.3417,-0.5146,0.1729,-0.4741,2.8761,-3.3502,5.0756,9.5091,16.4349,3.8025,-1.4475,-1.2748,848735930.38,543.0,329,0.0,0.0,0.0,0.0,0.0,0.0,0.0,0.0,0.18,0.0,0.0,0.0,0.0,0.0,2026-09-28,2026-09-28,2026-09-28 14:23:46
MKL,İŞ PORTFÖY MKS SERBEST (DÖVİZ) ÖZEL FON,Diğer / Belirsiz,VERIFY_ELIGIBILITY,Serbest fon; nitelikli yatırımcı / dağıtım kısıtı olabilir,True,2026-09-28,61.4399,0.0798,-0.2959,0.3757,0.5839,2.5748,-1.9909,1.1694,9.0792,18.2052,2.5333,-3.0142,-0.2977,792920195.05,1.0,329,0.0,0.0,0.0,0.0,0.0,0.0,0.0,0.0,3.38,0.0,0.0,0.0,0.0,0.0,2026-09-28,2026-09-28,2026-09-28 14:23:46
MLS,AKTİF PORTFÖY SİYAH BEYAZ SERBEST ÖZEL FON,Diğer / Belirsiz,VERIFY_ELIGIBILITY,Serbest fon; nitelikli yatırımcı / dağıtım kısıtı olabilir,True,2026-09-28,18.3968,0.7309,-0.334,1.0649,1.6544,3.0769,-1.4225,4.8427,15.9103,22.7223,5.1765,-1.0735,0.0,1375376093.98,4.0,329,17.34,0.0,0.0,0.0,0.0,0.0,0.0,0.0,16.42,0.0,0.0,0.0,0.0,0.0,2026-09-28,2026-09-28,2026-09-28 14:23:46
MLT,DENİZ PORTFÖY MELTEM HİSSE SENEDİ SERBEST (TL) FON (HİSSE SENEDİ YOĞUN FON),Hisse Senedi,VERIFY_ELIGIBILITY,Serbest fon; nitelikli yatırımcı / dağıtım kısıtı olabilir,True,2026-09-28,1.348,2.6243,-6.6011,9.2254,-1.9264,8.945,-10.8715,0.6897,12.2085,22.8226,39.7999,-10.6788,-4.1501,19999488.07,67.0,264,93.23,0.0,0.0,0.0,0.0,0.0,0.0,0.0,0.0,0.0,0.0,0.0,0.0,0.0,2026-09-28,2026-09-28,2026-09-28 14:23:46
MOD,YAPI KREDİ PORTFÖY MODA SERBEST (DÖVİZ) ÖZEL FON,Diğer / Belirsiz,VERIFY_ELIGIBILITY,Serbest fon; nitelikli yatırımcı / dağıtım kısıtı olabilir,True,2026-09-28,61.9708,0.1822,-0.03,0.2121,0.9058,2.2861,-1.3803,5.1267,13.6011,23.1247,1.5708,-0.1589,-0.1259,745292020.68,2.0,329,0.0,0.0,0.0,0.0,0.0,0.0,0.0,0.0,0.01,0.0,0.0,0.0,0.0,0.0,2026-09-28,2026-09-28,2026-09-28 14:23:46
MOZ,EMAA BLUE PORTFÖY MOZAİK SERBEST FON,Diğer / Belirsiz,VERIFY_ELIGIBILITY,Serbest fon; nitelikli yatırımcı / dağıtım kısıtı olabilir,True,2026-09-28,1.3093,1.8181,-1.0285,2.8466,1.2304,5.5086,-4.2782,5.2674,23.7468,,12.4385,-4.0817,-0.5796,343871286.29,96.0,222,0.86,38.02,0.0,21.45,0.0,0.0,0.95,5.52,11.3,0.0,0.0,0.0,0.0,0.0,2026-09-28,2026-09-28,2026-09-28 14:23:46
MP2,MT PORTFÖY İKİNCİ HİSSE SENEDİ SERBEST FON (HİSSE SENEDİ YOĞUN FON),Hisse Senedi,VERIFY_ELIGIBILITY,Serbest fon; nitelikli yatırımcı / dağıtım kısıtı olabilir,True,2026-09-28,0.6878,-40.8134,-25.7952,-15.0182,-47.7916,-12.3392,-35.4524,-62.8751,-61.3362,-72.3477,95.4152,-62.9696,-62.9696,1823590797.49,13.0,329,99.73,0.0,0.0,0.0,0.0,0.0,0.0,0.0,0.27,0.0,0.0,0.0,0.0,0.0,2026-09-28,2026-09-28,2026-09-28 14:23:46
MP4,MT PORTFÖY DÖRDÜNCÜ HİSSE SENEDİ SERBEST FON (HİSSE SENEDİ YOĞUN FON),Hisse Senedi,VERIFY_ELIGIBILITY,Serbest fon; nitelikli yatırımcı / dağıtım kısıtı olabilir,True,2026-09-28,0.6501,-52.7797,-31.7178,-21.0619,-68.9792,10.8374,-79.8166,-60.0119,-48.2849,-41.4785,113.2642,-70.2251,-70.2251,1300705360.1,16.0,323,100.0,0.0,0.0,0.0,0.0,0.0,0.0,0.0,0.0,0.0,0.0,0.0,0.0,0.0,2026-09-28,2026-09-28,2026-09-28 14:23:46
MPD,AKTİF PORTFÖY AKTİF SERBEST (DÖVİZ) FON,Diğer / Belirsiz,VERIFY_ELIGIBILITY,Serbest fon; nitelikli yatırımcı / dağıtım kısıtı olabilir,True,2026-09-28,62.456,0.4504,0.457,-0.0066,1.8268,1.8643,-0.0375,5.7867,12.6257,22.7572,1.599,-0.0474,0.0,2793006782.58,664.0,329,0.0,0.0,0.0,0.0,0.0,0.0,0.0,0.0,0.08,0.0,0.0,0.0,0.0,0.0,2026-09-28,2026-09-28,2026-09-28 14:23:46
MPI,MEKSA PORTFÖY İSTATİSTİKSEL ARBİTRAJ SERBEST (TL) FON,Diğer / Belirsiz,VERIFY_ELIGIBILITY,Serbest fon; nitelikli yatırımcı / dağıtım kısıtı olabilir,True,2026-09-28,3.2123,0.4535,0.8815,-0.428,2.494,2.8265,-0.3325,8.4035,20.1622,43.5577,2.6064,-0.2123,0.0,74617229.19,33.0,329,54.75,0.0,0.0,0.0,0.0,0.0,0.0,1.34,0.0,0.0,0.0,0.0,7.95,0.0,2026-09-28,2026-09-28,2026-09-28 14:23:46
MPN,AKTİF PORTFÖY İKİNCİ AKTİF SERBEST (DÖVİZ) FON,Diğer / Belirsiz,VERIFY_ELIGIBILITY,Serbest fon; nitelikli yatırımcı / dağıtım kısıtı olabilir,True,2026-09-28,61.3364,-0.3749,-0.3988,0.024,-0.851,2.6377,-3.4887,2.6924,10.6931,18.6387,3.2243,-1.1654,-1.1654,350213822.24,251.0,329,0.0,0.0,0.0,0.0,0.0,0.0,0.0,0.0,11.01,0.0,0.0,0.0,0.0,0.0,2026-09-28,2026-09-28,2026-09-28 14:23:46
MPP,MEKSA PORTFÖY PRİME SERBEST FON,Diğer / Belirsiz,VERIFY_ELIGIBILITY,Serbest fon; nitelikli yatırımcı / dağıtım kısıtı olabilir,True,2026-09-28,22.4949,1.9123,0.1158,1.7965,2.2827,5.7693,-3.4866,-2.7701,13.6139,13.9702,14.4133,-10.7623,-2.8006,319900824.63,1027.0,329,0.0,98.28,0.0,0.0,0.0,0.0,0.0,0.0,0.0,0.0,0.0,0.0,0.0,0.0,2026-09-28,2026-09-28,2026-09-28 14:23:46
MRI,TEB PORTFÖY MERİDYEN SERBEST FON,Diğer / Belirsiz,VERIFY_ELIGIBILITY,Serbest fon; nitelikli yatırımcı / dağıtım kısıtı olabilir,True,2026-09-28,1.2323,-0.8263,-1.6469,0.8206,-1.7424,2.5376,-4.28,1.7597,3.5161,2.4473,11.8128,-3.559,-3.0409,13415098.99,102.0,329,0.0,0.0,0.0,25.25,0.0,0.0,0.0,0.0,66.68,0.0,0.0,0.0,0.0,0.0,2026-09-28,2026-09-28,2026-09-28 14:23:46
MSK,AZİMUT PORTFÖY MSG SERBEST (TL) ÖZEL FON,Diğer / Belirsiz,VERIFY_ELIGIBILITY,Serbest fon; nitelikli yatırımcı / dağıtım kısıtı olabilir,True,2026-09-28,4.1089,0.7098,0.2186,0.4911,2.5312,3.6356,-1.1044,9.2936,22.5327,46.0244,1.9882,-0.0631,0.0,1232244866.67,1.0,329,2.72,0.0,0.0,0.0,0.0,0.0,0.0,0.0,97.28,0.0,0.0,0.0,0.0,0.0,2026-09-28,2026-09-28,2026-09-28 14:23:46
MSO,ASTRA PORTFÖY MSK SERBEST (DÖVİZ) ÖZEL FON,Diğer / Belirsiz,VERIFY_ELIGIBILITY,Serbest fon; nitelikli yatırımcı / dağıtım kısıtı olabilir,True,2026-09-28,60.2238,0.2867,0.2526,0.0341,1.3298,2.2303,-0.9005,5.6272,13.7834,25.0465,1.5098,-0.0972,-0.0972,529528987.19,1.0,329,0.0,0.0,0.0,0.0,0.0,0.0,0.0,0.0,15.23,0.0,0.0,0.0,0.0,0.0,2026-09-28,2026-09-28,2026-09-28 14:23:46
MSR,MEKSA PORTFÖY ALGORİTMİK STRATEJİLER SERBEST FON,Diğer / Belirsiz,VERIFY_ELIGIBILITY,Serbest fon; nitelikli yatırımcı / dağıtım kısıtı olabilir,True,2026-09-28,2.0374,-0.7175,0.5033,-1.2208,1.7501,0.7098,1.0403,-0.8443,0.1224,15.3296,20.029,-6.586,-2.3407,23983204.79,14.0,329,26.21,0.0,0.0,0.0,0.0,0.0,0.0,0.0,0.0,0.0,0.0,0.0,39.14,0.0,2026-09-28,2026-09-28,2026-09-28 14:23:46
MT1,MT PORTFÖY BİRİNCİ SERBEST (DÖVİZ) FON,Diğer / Belirsiz,VERIFY_ELIGIBILITY,Serbest fon; nitelikli yatırımcı / dağıtım kısıtı olabilir,True,2026-09-28,46.7937,0.3787,0.0803,0.2984,1.251,2.1347,-0.8836,5.749,12.0776,21.4476,1.439,-0.1508,0.0,29071384.87,14.0,329,0.0,0.0,0.0,0.0,0.0,0.0,0.0,0.0,27.53,0.0,0.0,0.0,0.0,0.0,2026-09-28,2026-09-28,2026-09-28 14:23:46
MT5,MT PORTFÖY BEŞİNCİ HİSSE SENEDİ SERBEST FON (HİSSE SENEDİ YOĞUN FON),Hisse Senedi,VERIFY_ELIGIBILITY,Serbest fon; nitelikli yatırımcı / dağıtım kısıtı olabilir,True,2026-09-28,0.4375,-38.6961,-38.6991,0.003,-66.8408,-1.7142,-65.1265,-66.7101,-66.3995,,138.3773,-71.0935,-68.1805,344632948.09,19.0,247,99.99,0.0,0.0,0.0,0.0,0.0,0.0,0.0,0.01,0.0,0.0,0.0,0.0,0.0,2026-09-28,2026-09-28,2026-09-28 14:23:46
MT6,MT PORTFÖY ALTINCI HİSSE SENEDİ SERBEST FON (HİSSE SENEDİ YOĞUN FON),Altın,VERIFY_ELIGIBILITY,Serbest fon; nitelikli yatırımcı / dağıtım kısıtı olabilir,True,2026-09-28,0.1983,-41.2189,-25.1767,-16.0422,-55.987,-38.2596,-17.7274,-82.3956,-87.5729,-82.9306,78.2646,-82.8637,-82.8637,81870406.13,14.0,272,91.59,0.0,0.0,0.0,0.0,0.0,0.0,0.0,8.41,0.0,0.0,0.0,0.0,0.0,2026-09-28,2026-09-28,2026-09-28 14:23:46
MT7,MT PORTFÖY YEDİNCİ HİSSE SENEDİ SERBEST FON (HİSSE SENEDİ YOĞUN FON),Hisse Senedi,VERIFY_ELIGIBILITY,Serbest fon; nitelikli yatırımcı / dağıtım kısıtı olabilir,True,2026-09-28,0.0465,-64.9006,-62.2143,-2.6864,-89.5108,-10.7081,-78.8027,-91.296,-93.7919,,345.1922,-94.477,-91.7666,12574507.4,15.0,217,99.64,0.0,0.0,0.0,0.0,0.0,0.0,0.0,0.36,0.0,0.0,0.0,0.0,0.0,2026-09-28,2026-09-28,2026-09-28 14:23:46
MT8,MT PORTFÖY SEKİZİNCİ HİSSE SENEDİ SERBEST FON (HİSSE SENEDİ YOĞUN FON),Hisse Senedi,VERIFY_ELIGIBILITY,Serbest fon; nitelikli yatırımcı / dağıtım kısıtı olabilir,True,2026-09-28,0.3081,-50.0148,-28.7461,-21.2687,-65.3541,-2.3236,-63.0305,-60.7851,-79.0851,,99.7749,-70.1631,-70.1631,264146506.7,16.0,193,98.71,0.0,0.0,0.0,0.0,0.0,0.0,0.0,1.29,0.0,0.0,0.0,0.0,0.0,2026-09-28,2026-09-28,2026-09-28 14:23:46
MT9,MT PORTFÖY DOKUZUNCU HİSSE SENEDİ SERBEST FON (HİSSE SENEDİ YOĞUN FON),Hisse Senedi,VERIFY_ELIGIBILITY,Serbest fon; nitelikli yatırımcı / dağıtım kısıtı olabilir,True,2026-09-28,0.1915,-40.8776,-23.8914,-16.9862,-54.8622,4.525,-59.3872,-48.7062,-67.0753,,84.3768,-56.8863,-56.8863,1476618795.0,18.0,191,99.92,0.0,0.0,0.0,0.0,0.0,0.0,0.0,0.08,0.0,0.0,0.0,0.0,0.0,2026-09-28,2026-09-28,2026-09-28 14:23:46
MTE,MT PORTFÖY BİRİNCİ HİSSE SENEDİ SERBEST FON (HİSSE SENEDİ YOĞUN FON),Hisse Senedi,VERIFY_ELIGIBILITY,Serbest fon; nitelikli yatırımcı / dağıtım kısıtı olabilir,True,2026-09-28,0.6073,0.377,-3.7295,4.1066,-2.6699,-80.0755,77.4056,-80.0156,-83.3448,-71.0058,28.4715,-85.4049,-84.9124,1968427.76,17.0,329,92.42,0.0,0.0,0.0,0.0,0.0,0.0,0.0,7.58,0.0,0.0,0.0,0.0,0.0,2026-09-28,2026-09-28,2026-09-28 14:23:46
MTF,MT PORTFÖY BİRİNCİ İSTATİSTİKSEL ARBİTRAJ HİSSE SENEDİ SERBEST (TL) FON (HİSSE SENEDİ YOĞUN FON),Hisse Senedi,VERIFY_ELIGIBILITY,Serbest fon; nitelikli yatırımcı / dağıtım kısıtı olabilir,True,2026-09-28,1.3129,-9.2479,0.4213,-9.6692,-7.8591,2.8629,-10.722,-3.6295,6.0484,19.6423,34.0907,-9.6473,-9.3397,1217358.75,26.0,329,63.4,0.0,0.0,0.0,0.0,0.0,0.0,0.0,0.0,0.0,0.0,0.0,0.0,0.0,2026-09-28,2026-09-28,2026-09-28 14:23:46
MTG,DENİZ PORTFÖY MUTLAK GETİRİ HEDEFLİ HİSSE SENEDİ SERBEST FON (HİSSE SENEDİ YOGUN FON),Hisse Senedi,VERIFY_ELIGIBILITY,Serbest fon; nitelikli yatırımcı / dağıtım kısıtı olabilir,True,2026-09-28,1.7261,2.2376,-2.7342,4.9718,-0.8482,4.3156,-5.1638,7.0931,22.6129,37.5407,11.9425,-3.9046,-0.8928,144096829.99,221.0,329,81.23,0.0,0.0,0.0,0.0,0.0,0.0,0.0,0.0,0.0,0.0,0.0,0.0,0.0,2026-09-28,2026-09-28,2026-09-28 14:23:46
MTI,AZİMUT PORTFÖY METİS SERBEST ÖZEL FON,Diğer / Belirsiz,VERIFY_ELIGIBILITY,Serbest fon; nitelikli yatırımcı / dağıtım kısıtı olabilir,True,2026-09-28,0.0188,0.6113,0.5446,0.0668,2.3177,2.4814,-0.1637,3.0936,1.0611,2.5694,1.4867,-3.8924,0.0,4785522.28,2.0,329,60.68,0.0,0.0,0.0,0.0,0.0,0.0,0.0,20.66,0.0,0.0,0.0,0.0,0.0,2026-09-28,2026-09-28,2026-09-28 14:23:46
MTL,AURA PORTFÖY MUTLAK GETİRİ HEDEFLİ SERBEST FON,Diğer / Belirsiz,VERIFY_ELIGIBILITY,Serbest fon; nitelikli yatırımcı / dağıtım kısıtı olabilir,True,2026-09-28,1.122,-37.328,-23.2056,-14.1223,-47.5615,-0.2263,-47.3351,-36.5333,-55.8255,-37.0958,80.3458,-53.1004,-53.1004,10398849452.07,17.0,313,99.55,0.0,0.0,0.0,0.0,0.0,0.0,0.0,0.44,0.0,0.0,0.0,0.0,0.0,2026-09-28,2026-09-28,2026-09-28 14:23:46
MTU,MT PORTFÖY ÜÇÜNCÜ HİSSE SENEDİ SERBEST FON (HİSSE SENEDİ YOĞUN FON),Hisse Senedi,VERIFY_ELIGIBILITY,Serbest fon; nitelikli yatırımcı / dağıtım kısıtı olabilir,True,2026-09-28,0.7132,-2.8494,-7.7365,4.8871,-11.4932,2.0203,-13.5135,-12.0156,-36.8798,-30.1214,25.6416,-12.6402,-12.6402,567741421.41,19.0,329,85.08,0.0,0.0,0.0,0.0,0.0,0.0,0.0,10.03,0.0,0.0,0.0,0.0,0.0,2026-09-28,2026-09-28,2026-09-28 14:23:46
MUL,MT PORTFÖY BİRİNCİ SERBEST FON,Diğer / Belirsiz,VERIFY_ELIGIBILITY,Serbest fon; nitelikli yatırımcı / dağıtım kısıtı olabilir,True,2026-09-28,1.5957,-27.4758,-22.7632,-4.7126,-48.191,12.7671,-60.9582,-46.5605,-5.6702,19.1051,65.6439,-49.362,-48.4898,161753264.86,11.0,329,99.83,0.0,0.0,0.0,0.0,0.0,0.0,0.0,0.17,0.0,0.0,0.0,0.0,0.0,2026-09-28,2026-09-28,2026-09-28 14:23:46
MUT,GARANTİ PORTFÖY MUTLAK GETİRİ HEDEFLİ HİSSE SENEDİ SERBEST FON (HİSSE SENEDİ YOĞUN FON),Hisse Senedi,VERIFY_ELIGIBILITY,Serbest fon; nitelikli yatırımcı / dağıtım kısıtı olabilir,True,2026-09-28,1.9997,0.2472,2.4349,-2.1877,1.4757,3.2468,-1.7711,11.2213,16.4826,33.6086,10.4329,-2.0636,-0.2748,732059644.68,1392.0,329,81.89,0.0,0.0,0.0,0.0,0.0,0.0,0.0,0.05,0.0,0.0,0.0,1.77,0.0,2026-09-28,2026-09-28,2026-09-28 14:23:46
NAL,NEO PORTFÖY ALTINCI SERBEST FON,Altın,VERIFY_ELIGIBILITY,Serbest fon; nitelikli yatırımcı / dağıtım kısıtı olabilir,True,2026-09-28,0.4345,0.9334,0.2165,0.7169,1.9389,1.1858,0.7531,-1.0382,-74.1542,-58.6334,2.1078,-5.1279,-1.0382,20776028.92,12.0,271,0.0,0.0,0.0,0.0,0.0,0.0,0.0,0.0,0.0,0.0,0.0,0.0,0.0,0.0,2026-09-28,2026-09-28,2026-09-28 14:23:46
NAV,NUROL PORTFÖY NOVA HİSSE SENEDİ SERBEST FON (HİSSE SENEDİ YOĞUN FON),Hisse Senedi,VERIFY_ELIGIBILITY,Serbest fon; nitelikli yatırımcı / dağıtım kısıtı olabilir,True,2026-09-28,1.09,-0.4141,-1.9492,1.5351,-3.3187,7.5384,-10.8571,9.3016,,,12.0705,-3.7247,-3.3187,64175968.77,15.0,78,80.03,0.0,0.0,0.0,0.0,0.0,0.0,0.0,0.76,6.65,0.0,0.0,0.0,0.0,2026-09-28,2026-09-28,2026-09-28 14:23:46
NBE,NEO PORTFÖY BEŞİNCİ SERBEST FON,Diğer / Belirsiz,VERIFY_ELIGIBILITY,Serbest fon; nitelikli yatırımcı / dağıtım kısıtı olabilir,True,2026-09-28,1.8031,0.6461,0.4105,0.2356,1.7727,3.8334,-2.0606,8.5035,17.4316,39.3798,2.9441,-0.5551,0.0,567808854.5,10.0,329,0.0,0.0,0.0,0.0,0.0,0.0,0.0,0.0,33.36,0.0,0.0,0.0,0.0,0.0,2026-09-28,2026-09-28,2026-09-28 14:23:46
NBH,NEO PORTFÖY ALGORİTMİK STRATEJİLER SERBEST FON,Diğer / Belirsiz,VERIFY_ELIGIBILITY,Serbest fon; nitelikli yatırımcı / dağıtım kısıtı olabilir,True,2026-09-28,7.3316,0.8646,0.9823,-0.1178,3.8035,4.3557,-0.5522,13.0936,31.4914,66.1923,2.029,-0.0637,0.0,4174340284.48,178.0,329,1.29,0.0,0.0,0.0,0.0,0.0,0.0,0.0,0.48,0.0,0.0,0.0,0.0,0.0,2026-09-28,2026-09-28,2026-09-28 14:23:46
NBZ,NEO PORTFÖY BİRİNCİ SERBEST (DÖVİZ) FON,Diğer / Belirsiz,VERIFY_ELIGIBILITY,Serbest fon; nitelikli yatırımcı / dağıtım kısıtı olabilir,True,2026-09-28,74.2534,0.4643,0.4891,-0.0248,1.8504,1.8813,-0.0309,5.7147,12.4068,23.2857,1.174,-0.0084,0.0,1330727984.25,193.0,329,0.0,0.0,0.0,0.0,0.0,0.0,0.0,0.0,13.35,0.0,0.0,0.0,59.39,0.0,2026-09-28,2026-09-28,2026-09-28 14:23:46
NCS,NUROL PORTFÖY ÜÇÜNCÜ SERBEST (DÖVİZ) FON,Diğer / Belirsiz,VERIFY_ELIGIBILITY,Serbest fon; nitelikli yatırımcı / dağıtım kısıtı olabilir,True,2026-09-28,59.1211,0.4912,0.4663,0.025,1.8932,1.9263,-0.0331,5.9234,12.9309,23.8153,1.1624,0.0,0.0,5141714426.4,1238.0,329,0.0,0.0,0.0,0.0,0.0,0.0,0.0,0.0,31.46,0.28,0.0,0.0,15.31,0.0,2026-09-28,2026-09-28,2026-09-28 14:23:46
NCU,NEO PORTFÖY ÜÇÜNCÜ SERBEST (DÖVİZ) FON,Diğer / Belirsiz,VERIFY_ELIGIBILITY,Serbest fon; nitelikli yatırımcı / dağıtım kısıtı olabilir,True,2026-09-28,51.4276,0.3201,-8.8951,9.2152,-8.0666,1.8192,-9.8858,-4.0416,-4.9496,1.7835,22.7633,-9.0689,-8.6497,120226483.34,12.0,329,0.0,0.0,0.0,0.0,0.0,0.0,0.0,0.0,0.0,0.0,0.0,0.0,0.0,0.0,2026-09-28,2026-09-28,2026-09-28 14:23:46
NDL,ALLBATROSS PORTFÖY ANADOLU HİSSE SENEDİ SERBEST (TL) ÖZEL FON (HİSSE SENEDİ YOĞUN FON),Hisse Senedi,VERIFY_ELIGIBILITY,Serbest fon; nitelikli yatırımcı / dağıtım kısıtı olabilir,True,2026-09-28,1.9024,-0.3032,-6.8145,6.5113,-2.8879,-1.5049,-1.383,-6.579,-1.5805,-14.0851,32.7225,-8.761,-8.5288,702632.6,1.0,329,89.82,0.0,0.0,0.0,0.0,0.0,0.0,0.0,10.18,0.0,0.0,0.0,0.0,0.0,2026-09-28,2026-09-28,2026-09-28 14:23:46
NDS,NEO PORTFÖY DÖRDÜNCÜ SERBEST FON,Diğer / Belirsiz,VERIFY_ELIGIBILITY,Serbest fon; nitelikli yatırımcı / dağıtım kısıtı olabilir,True,2026-09-28,0.928,-3.0597,1.0125,-4.0722,-11.9496,20.8205,-32.7701,8.1649,33.2326,-23.5508,50.3131,-15.1213,-11.9496,546271554.73,13.0,329,17.87,0.0,0.0,0.0,0.0,0.0,0.0,0.0,2.42,0.0,0.0,0.0,0.0,0.0,2026-09-28,2026-09-28,2026-09-28 14:23:46
NES,INVEO PORTFÖY DÖRDÜNCÜ SERBEST ÖZEL FON,Diğer / Belirsiz,VERIFY_ELIGIBILITY,Serbest fon; nitelikli yatırımcı / dağıtım kısıtı olabilir,True,2026-09-28,2.1965,0.6291,-1.2985,1.9276,0.3348,3.8441,-3.5093,4.0918,14.8873,36.5292,8.7146,-2.6106,-0.6776,1488648440.95,2.0,329,0.0,0.0,0.0,0.0,0.0,0.0,12.79,0.0,12.71,2.98,0.0,0.0,43.98,0.0,2026-09-28,2026-09-28,2026-09-28 14:23:46
NFF,NEO PORTFÖY FON SEPETİ SERBEST FON,Fon Sepeti,VERIFY_ELIGIBILITY,Serbest fon; nitelikli yatırımcı / dağıtım kısıtı olabilir,True,2026-09-28,1.393,0.5306,0.4427,0.0879,2.0444,3.0571,-1.0127,8.2799,18.5797,12.6868,1.565,-0.0359,0.0,1865220114.71,28.0,329,0.0,0.0,0.0,0.0,0.0,0.0,0.0,0.0,100.0,0.0,0.0,0.0,0.0,0.0,2026-09-28,2026-09-28,2026-09-28 14:23:46
NFH,NEO PORTFÖY HİSSE SENEDİ SERBEST FON (HİSSE SENEDİ YOĞUN FON),Hisse Senedi,VERIFY_ELIGIBILITY,Serbest fon; nitelikli yatırımcı / dağıtım kısıtı olabilir,True,2026-09-28,1.9281,0.958,-10.2953,11.2533,-11.4884,7.0345,-18.5229,-9.8621,-0.8082,18.6999,30.8535,-12.7088,-11.4884,101725335.56,42.0,329,97.61,0.0,0.0,0.0,0.0,0.0,0.0,0.0,2.39,0.0,0.0,0.0,0.0,0.0,2026-09-28,2026-09-28,2026-09-28 14:23:46
NFK,HEDEF PORTFÖY NEHİR HİSSE SENEDİ SERBEST (TL) FON (HİSSE SENEDİ YOĞUN FON),Hisse Senedi,VERIFY_ELIGIBILITY,Serbest fon; nitelikli yatırımcı / dağıtım kısıtı olabilir,True,2026-09-28,4.3687,1.4803,-13.0628,14.5431,-18.2718,12.3971,-30.6689,-13.3169,0.3578,-0.5864,34.9334,-19.464,-18.2718,1095522718.7,60.0,329,88.97,0.0,0.0,0.0,0.0,0.0,0.0,0.0,4.53,0.0,0.0,0.0,0.0,0.0,2026-09-28,2026-09-28,2026-09-28 14:23:46
NHT,DENİZ PORTFÖY NH SERBEST (DÖVİZ) ÖZEL FON,Diğer / Belirsiz,VERIFY_ELIGIBILITY,Serbest fon; nitelikli yatırımcı / dağıtım kısıtı olabilir,True,2026-09-28,64.1366,0.0879,-3.1917,3.2796,-4.4866,4.5008,-8.9874,2.3955,11.4045,21.6574,7.4418,-4.9962,-4.4866,635925310.24,2.0,329,6.49,0.0,0.0,0.0,0.0,0.0,0.0,0.0,9.13,0.0,0.0,0.0,0.0,0.0,2026-09-28,2026-09-28,2026-09-28 14:23:46
NHV,NUROL PORTFÖY BİRİNCİ SERBEST (TL) ÖZEL FON,Diğer / Belirsiz,VERIFY_ELIGIBILITY,Serbest fon; nitelikli yatırımcı / dağıtım kısıtı olabilir,True,2026-09-28,4.5932,0.664,0.6747,-0.0107,2.7525,2.7039,0.0486,7.7455,15.4012,37.4373,1.2942,-0.8523,0.0,8465124797.72,2.0,329,0.0,0.0,0.0,0.0,0.0,0.0,0.0,8.29,0.0,0.0,0.0,0.0,49.1,0.0,2026-09-28,2026-09-28,2026-09-28 14:23:46
NIG,TRIVE PORTFÖY SERBEST FON,Diğer / Belirsiz,VERIFY_ELIGIBILITY,Serbest fon; nitelikli yatırımcı / dağıtım kısıtı olabilir,True,2026-09-28,1.1703,-0.8484,-3.5853,2.7369,-7.7701,5.2239,-12.9941,-7.0871,62.9776,189.6653,19.5858,-11.065,-9.5241,496427889.83,15.0,329,22.46,0.0,0.0,0.0,0.0,0.0,0.0,0.0,2.04,0.0,0.0,0.0,0.0,0.0,2026-09-28,2026-09-28,2026-09-28 14:23:46
NIS,NEO PORTFÖY İSTATİSTİKSEL ARBİTRAJ SERBEST FON,Diğer / Belirsiz,VERIFY_ELIGIBILITY,Serbest fon; nitelikli yatırımcı / dağıtım kısıtı olabilir,True,2026-09-28,1.8067,0.5925,0.8227,-0.2302,3.2045,2.8617,0.3428,9.9405,22.8749,51.3791,1.8232,-0.0424,0.0,1127465801.0,28.0,329,8.49,0.0,0.0,0.0,0.0,0.0,0.0,0.0,10.72,0.0,0.0,0.0,0.0,0.0,2026-09-28,2026-09-28,2026-09-28 14:23:46
NJG,NUROL PORTFÖY BİRİNCİ SERBEST FON,Diğer / Belirsiz,VERIFY_ELIGIBILITY,Serbest fon; nitelikli yatırımcı / dağıtım kısıtı olabilir,True,2026-09-28,3.199,0.7637,0.7662,-0.0025,3.0957,3.1338,-0.0381,10.0503,22.2152,-20.4437,1.3845,0.0,0.0,2281304430.44,14.0,329,0.0,0.0,0.0,0.0,0.0,0.0,0.0,0.0,3.09,0.0,0.0,-58.46,0.0,0.0,2026-09-28,2026-09-28,2026-09-28 14:23:46
NKA,NEO PORTFÖY KATILIM SERBEST (DÖVİZ) FON,Katılım,VERIFY_ELIGIBILITY,Serbest fon; nitelikli yatırımcı / dağıtım kısıtı olabilir,True,2026-09-28,50.6014,0.4214,0.4329,-0.0115,1.6716,1.7252,-0.0536,5.3223,11.4982,20.8843,1.1615,0.0,0.0,131392253.54,10.0,329,0.0,0.0,0.0,0.0,0.0,0.0,0.0,0.0,0.0,0.0,0.0,0.0,0.0,0.0,2026-09-28,2026-09-28,2026-09-28 14:23:46
NKH,NEO PORTFÖY İKİNCİ HİSSE SENEDİ SERBEST FON (HİSSE SENEDİ YOĞUN FON),Hisse Senedi,VERIFY_ELIGIBILITY,Serbest fon; nitelikli yatırımcı / dağıtım kısıtı olabilir,True,2026-09-28,1.854,-1.305,-1.7519,0.4469,1.1365,17.8493,-16.7128,32.6805,23.6664,54.049,25.4021,-6.8122,-3.0596,171075723.76,12.0,329,100.0,0.0,0.0,0.0,0.0,0.0,0.0,0.0,0.0,0.0,0.0,0.0,0.0,0.0,2026-09-28,2026-09-28,2026-09-28 14:23:46
NKJ,ATA PORTFÖY GIG SİGORTA SERBEST (TL) ÖZEL FON,Diğer / Belirsiz,VERIFY_ELIGIBILITY,Serbest fon; nitelikli yatırımcı / dağıtım kısıtı olabilir,True,2026-09-28,15.637,3.3481,-4.8484,8.1965,-0.7765,4.3119,-5.0885,4.1694,16.4115,26.5797,26.3867,-7.6458,-3.2188,1604958791.97,1.0,329,78.46,0.0,0.0,0.0,0.0,0.0,14.46,0.0,0.0,0.0,0.0,0.0,0.0,0.0,2026-09-28,2026-09-28,2026-09-28 14:23:46
NKK,ATA PORTFÖY YÖNETİMİ A.Ş. SEKİZİNCİ SERBEST FON,Diğer / Belirsiz,VERIFY_ELIGIBILITY,Serbest fon; nitelikli yatırımcı / dağıtım kısıtı olabilir,True,2026-09-28,7.9564,-1.476,-0.6138,-0.8622,-1.7913,1.3194,-3.1107,0.883,7.2538,26.0467,6.8733,-2.3578,-2.0807,1238080503.07,12.0,329,17.29,0.0,0.0,0.0,0.0,0.0,15.32,10.44,4.24,0.0,0.0,0.0,0.0,0.0,2026-09-28,2026-09-28,2026-09-28 14:23:46
NKL,AKTİF PORTFÖY KISA VADELİ SERBEST (TL) FON,Diğer / Belirsiz,VERIFY_ELIGIBILITY,Serbest fon; nitelikli yatırımcı / dağıtım kısıtı olabilir,True,2026-09-28,3.685,0.6804,0.6921,-0.0117,2.8274,2.9945,-0.1671,9.5014,22.0019,46.9728,1.3041,0.0,0.0,27223003331.17,2114.0,329,0.0,0.0,0.0,0.0,0.0,0.0,0.0,16.84,0.0,0.0,0.0,0.0,26.87,0.0,2026-09-28,2026-09-28,2026-09-28 14:23:46
NKS,NUROL PORTFÖY GRANADA SERBEST (TL) FON,Diğer / Belirsiz,VERIFY_ELIGIBILITY,Serbest fon; nitelikli yatırımcı / dağıtım kısıtı olabilir,True,2026-09-28,1.9576,0.6996,0.9277,-0.2281,3.0638,3.0318,0.032,9.5701,21.0847,0.1431,1.3236,0.0,0.0,25938102.79,11.0,329,0.0,0.0,0.0,0.0,0.0,0.0,0.0,0.0,9.82,90.18,0.0,0.0,0.0,0.0,2026-09-28,2026-09-28,2026-09-28 14:23:46
NKV,KUVEYT TÜRK PORTFÖY NKV KATILIM SERBEST ÖZEL FON,Katılım,VERIFY_ELIGIBILITY,Serbest fon; nitelikli yatırımcı / dağıtım kısıtı olabilir,True,2026-09-28,2.4048,0.7286,0.6354,0.0932,2.8215,2.9782,-0.1566,9.5108,22.0172,47.3616,1.4031,0.0,0.0,16512762413.54,1.0,329,0.0,0.0,0.0,0.0,0.0,0.0,0.0,0.0,0.06,0.0,0.0,0.0,0.0,0.0,2026-09-28,2026-09-28,2026-09-28 14:23:46
NLC,TEB PORTFÖY ONALTINCI SERBEST (DÖVİZ) FON,Altın,VERIFY_ELIGIBILITY,Serbest fon; nitelikli yatırımcı / dağıtım kısıtı olabilir,True,2026-09-28,51.856,0.443,0.1961,0.2469,1.2981,1.9774,-0.6792,4.988,11.0037,21.0612,1.3732,-0.0588,0.0,184602699.81,19.0,329,0.0,0.0,0.0,0.0,0.0,0.0,0.0,0.0,3.56,0.0,0.0,0.0,0.0,0.0,2026-09-28,2026-09-28,2026-09-28 14:23:46
NLD,AZİMUT PORTFÖY NL-2 SERBEST (DÖVİZ) ÖZEL FON,Diğer / Belirsiz,VERIFY_ELIGIBILITY,Serbest fon; nitelikli yatırımcı / dağıtım kısıtı olabilir,True,2026-09-28,54.7859,-0.283,-0.3931,0.11,-0.0994,2.6573,-2.7567,4.1397,12.5764,21.9126,2.2072,-0.7935,-0.7935,3828189709.55,1.0,329,0.0,0.0,0.0,2.55,0.0,0.0,0.0,0.0,1.07,0.0,0.0,0.0,0.0,0.0,2026-09-28,2026-09-28,2026-09-28 14:23:46
NLK,NUROL PORTFÖY KISA VADELİ SERBEST FON,Diğer / Belirsiz,VERIFY_ELIGIBILITY,Serbest fon; nitelikli yatırımcı / dağıtım kısıtı olabilir,True,2026-09-28,1.9616,0.7204,0.7151,0.0053,2.9166,3.1068,-0.1901,9.8397,22.6887,49.5917,1.3563,0.0,0.0,6093924385.83,840.0,329,0.0,0.0,0.0,0.0,0.0,0.0,0.0,27.1,0.0,0.0,0.0,0.0,0.0,0.0,2026-09-28,2026-09-28,2026-09-28 14:23:46
NLL,GLOBAL MD PORTFÖY NİL SERBEST FON,Diğer / Belirsiz,VERIFY_ELIGIBILITY,Serbest fon; nitelikli yatırımcı / dağıtım kısıtı olabilir,True,2026-09-28,3.8169,-7.7907,-10.5119,2.7212,-26.5794,10.8742,-37.4536,-21.7975,81.3329,,113.8958,-43.9081,-32.1847,1549713072.34,24.0,232,99.97,0.0,0.0,0.0,0.0,0.0,0.0,0.0,0.0,0.0,0.0,0.0,0.0,0.0,2026-09-28,2026-09-28,2026-09-28 14:23:46
NME,NUROL PORTFÖY MERCAN KATILIM SERBEST (DÖVİZ) FON,Katılım,VERIFY_ELIGIBILITY,Serbest fon; nitelikli yatırımcı / dağıtım kısıtı olabilir,True,2026-09-28,57.9471,-0.3673,-0.6555,0.2882,-0.6157,2.8959,-3.5115,4.936,9.145,16.5554,3.7122,-1.4123,-1.2449,49657054.25,33.0,329,0.0,0.0,0.0,0.0,0.0,0.0,0.0,0.0,2.36,0.0,0.0,0.0,0.0,0.0,2026-09-28,2026-09-28,2026-09-28 14:23:46
NMG,NEO PORTFÖY İKİNCİ SERBEST FON,Diğer / Belirsiz,VERIFY_ELIGIBILITY,Serbest fon; nitelikli yatırımcı / dağıtım kısıtı olabilir,True,2026-09-28,139.3425,0.6238,0.5538,0.07,2.1914,2.8387,-0.6473,8.1196,19.9012,42.2958,1.823,-0.1207,0.0,2234286364.04,12.0,329,53.52,0.0,0.0,0.0,0.0,0.0,0.0,15.08,0.0,0.04,0.0,0.0,0.0,0.0,2026-09-28,2026-09-28,2026-09-28 14:23:46
NMU,NUROL PORTFÖY MUTLAK GETİRİ HEDEFLİ HİSSE SENEDİ SERBEST FON (HİSSE SENEDİ YOĞUN FON),Hisse Senedi,VERIFY_ELIGIBILITY,Serbest fon; nitelikli yatırımcı / dağıtım kısıtı olabilir,True,2026-09-28,1.3036,0.6958,0.9218,-0.226,2.0401,3.3963,-1.3562,9.1961,21.8144,,4.8837,-0.9977,0.0,848516661.05,259.0,191,77.48,0.0,0.0,0.0,0.0,0.0,0.0,0.0,0.29,0.0,0.0,-3.17,0.0,0.0,2026-09-28,2026-09-28,2026-09-28 14:23:46
NOA,NEO PORTFÖY ALFA SERBEST FON,Diğer / Belirsiz,VERIFY_ELIGIBILITY,Serbest fon; nitelikli yatırımcı / dağıtım kısıtı olabilir,True,2026-09-28,1.3733,0.0639,-3.2563,3.3202,-3.1925,2.6645,-5.857,-2.48,3.08,15.8678,17.8923,-5.1482,-3.4716,812985857.67,11.0,329,59.55,0.0,0.0,0.0,0.0,0.0,0.0,0.0,0.0,0.0,0.0,0.0,0.0,0.0,2026-09-28,2026-09-28,2026-09-28 14:23:46
NOI,TACİRLER PORTFÖY NOVA İSTATİSTİKSEL ARBİTRAJ SERBEST FON,Diğer / Belirsiz,VERIFY_ELIGIBILITY,Serbest fon; nitelikli yatırımcı / dağıtım kısıtı olabilir,True,2026-09-28,1.5423,2.5616,0.4181,2.1434,4.3145,2.9513,1.3632,10.5222,22.8988,45.5276,6.5418,-0.0568,0.0,51298230.16,7.0,294,0.0,0.0,0.0,0.0,0.0,0.0,0.0,0.0,0.0,0.0,0.0,0.0,99.86,0.0,2026-09-28,2026-09-28,2026-09-28 14:23:46
NOV,AZİMUT PORTFÖY INOVA AGRO HİSSE SENEDİ SERBEST ÖZEL FON (HİSSE SENEDİ YOĞUN FON),Hisse Senedi,VERIFY_ELIGIBILITY,Serbest fon; nitelikli yatırımcı / dağıtım kısıtı olabilir,True,2026-09-28,43.5213,1.1573,-14.8573,16.0146,-14.9764,4.7904,-19.7668,-20.3152,-22.2517,-16.6206,42.0377,-23.8167,-22.0276,614604711.64,1.0,329,99.97,0.0,0.0,0.0,0.0,0.0,0.0,0.0,0.03,0.0,0.0,0.0,0.0,0.0,2026-09-28,2026-09-28,2026-09-28 14:23:46
NP1,NEO PORTFÖY YASEMİN SERBEST FON,Diğer / Belirsiz,VERIFY_ELIGIBILITY,Serbest fon; nitelikli yatırımcı / dağıtım kısıtı olabilir,True,2026-09-28,5.1442,-2.1771,-1.2682,-0.9089,-2.8418,-1.2212,-1.6205,-1.4296,23.2422,38.2457,52.5966,-12.1206,-8.6564,1427388184.88,141.0,329,28.41,1.59,0.0,0.0,0.0,0.0,0.0,0.0,0.0,0.0,0.0,-5.6,0.0,0.0,2026-09-28,2026-09-28,2026-09-28 14:23:46
NPK,NEO PORTFÖY İPEKYOLU SERBEST ÖZEL FON,Diğer / Belirsiz,VERIFY_ELIGIBILITY,Serbest fon; nitelikli yatırımcı / dağıtım kısıtı olabilir,True,2026-09-28,1.6124,0.4203,-0.6508,1.0711,-0.4345,4.5068,-4.9414,5.8004,12.5085,23.1123,8.2491,-1.9994,-0.7173,956081064.09,1.0,329,22.99,14.69,0.0,0.0,0.0,0.0,0.0,0.0,26.82,0.0,0.0,0.0,0.0,0.0,2026-09-28,2026-09-28,2026-09-28 14:23:46
NRM,NEO PORTFÖY İKİNCİ SERBEST (DÖVİZ) FON,Diğer / Belirsiz,VERIFY_ELIGIBILITY,Serbest fon; nitelikli yatırımcı / dağıtım kısıtı olabilir,True,2026-09-28,157.4414,-0.9055,-0.8244,-0.0811,-0.962,5.6296,-6.5917,5.6597,24.5254,53.4705,7.8398,-2.7376,-2.3542,407594856.87,11.0,329,4.15,0.0,0.0,0.0,0.0,0.0,0.46,0.0,22.21,0.0,0.0,-154.42,0.0,0.0,2026-09-28,2026-09-28,2026-09-28 14:23:46
NSD,NUROL PORTFÖY DÖRDÜNCÜ SERBEST (DÖVİZ) FON,Diğer / Belirsiz,VERIFY_ELIGIBILITY,Serbest fon; nitelikli yatırımcı / dağıtım kısıtı olabilir,True,2026-09-28,66.8603,0.4485,0.4537,-0.0053,1.8182,1.8637,-0.0456,5.732,13.4972,24.2221,1.1539,0.0,0.0,17046089854.08,136.0,329,0.0,0.0,0.0,0.0,0.0,0.0,0.0,0.0,0.4,2.17,0.0,0.0,88.93,0.0,2026-09-28,2026-09-28,2026-09-28 14:23:46
NSH,NUROL PORTFÖY İSTATİSTİKSEL ARBİTRAJ HİSSE SENEDİ SERBEST FON (HİSSE SENEDİ YOĞUN FON),Hisse Senedi,VERIFY_ELIGIBILITY,Serbest fon; nitelikli yatırımcı / dağıtım kısıtı olabilir,True,2026-09-28,2.2984,0.3988,1.9816,-1.5827,3.1989,3.2756,-0.0767,10.0128,22.1574,45.314,4.0625,-0.3038,0.0,2296640088.32,1070.0,329,82.09,0.0,0.0,0.0,0.0,0.0,0.0,0.0,1.08,0.0,0.0,-5.55,0.0,0.0,2026-09-28,2026-09-28,2026-09-28 14:23:46
NSK,NEO PORTFÖY BİRİNCİ SERBEST FON,Diğer / Belirsiz,VERIFY_ELIGIBILITY,Serbest fon; nitelikli yatırımcı / dağıtım kısıtı olabilir,True,2026-09-28,7.0372,0.8303,0.6653,0.165,3.447,3.39,0.057,10.0272,22.9451,46.3128,2.3021,-0.1348,0.0,125528320.97,70.0,329,16.78,0.0,0.0,0.0,0.0,0.0,0.0,0.0,0.0,0.0,0.0,0.0,0.0,0.0,2026-09-28,2026-09-28,2026-09-28 14:23:46
NSS,NUROL PORTFÖY SONENBERG KAR PAYI ÖDEYEN SERBEST (DÖVİZ) ÖZEL FON,Diğer / Belirsiz,VERIFY_ELIGIBILITY,Serbest fon; nitelikli yatırımcı / dağıtım kısıtı olabilir,True,2026-09-28,66.664,0.8234,0.4083,0.4152,1.6194,3.5104,-1.8909,7.1397,17.3503,26.4462,4.595,-0.6981,-0.0578,1131013253.9,1.0,329,0.0,93.99,0.0,0.0,0.0,0.0,0.0,0.0,4.65,0.39,0.0,0.0,0.0,0.0,2026-09-28,2026-09-28,2026-09-28 14:23:46
NSY,NEO PORTFÖY YEDİNCİ SERBEST FON,Diğer / Belirsiz,VERIFY_ELIGIBILITY,Serbest fon; nitelikli yatırımcı / dağıtım kısıtı olabilir,True,2026-09-28,1.473,-0.2815,1.2181,-1.4996,2.7371,2.6197,0.1175,8.6586,15.6795,43.7182,5.5466,-0.7885,-0.4151,1282702288.46,50.0,269,2.19,0.0,0.0,0.0,0.0,0.0,0.0,0.0,11.73,0.0,0.0,0.0,0.0,0.0,2026-09-28,2026-09-28,2026-09-28 14:23:46
NTB,AZİMUT PORTFÖY AVŞAR HİSSE SENEDİ SERBEST FON (HİSSE SENEDİ YOĞUN FON),Hisse Senedi,VERIFY_ELIGIBILITY,Serbest fon; nitelikli yatırımcı / dağıtım kısıtı olabilir,True,2026-09-28,5.7564,0.6982,-4.1865,4.8847,-1.5121,6.9959,-8.5079,-0.3264,10.9169,19.6019,35.0166,-8.9913,-4.1658,3171578989.09,1.0,329,84.93,0.0,0.0,0.0,0.0,0.0,0.0,0.0,15.07,0.0,0.0,0.0,0.0,0.0,2026-09-28,2026-09-28,2026-09-28 14:23:46
NTD,ÜNLÜ PORTFÖY UFT HİSSE SENEDİ SERBEST ÖZEL FON (HİSSE SENEDİ YOĞUN FON),Hisse Senedi,VERIFY_ELIGIBILITY,Serbest fon; nitelikli yatırımcı / dağıtım kısıtı olabilir,True,2026-09-28,0.4582,17.9659,4.0288,13.9371,19.3253,3.1276,16.1976,9.0889,6.5351,-7.3555,67.895,-13.4729,-4.06,621075555.28,1.0,329,90.57,0.0,0.0,0.0,0.0,0.0,0.0,0.0,9.38,0.0,0.0,0.0,0.0,0.0,2026-09-28,2026-09-28,2026-09-28 14:23:46
NTF,NEO PORTFÖY TEK SERBEST (TL) FON,Diğer / Belirsiz,VERIFY_ELIGIBILITY,Serbest fon; nitelikli yatırımcı / dağıtım kısıtı olabilir,True,2026-09-28,3.2479,0.9187,0.4879,0.4309,2.7597,2.7826,-0.0228,8.4055,20.4839,48.5547,1.6682,-0.0579,0.0,266506702.81,11.0,329,3.29,0.0,0.0,0.0,0.0,0.0,0.0,0.0,0.0,0.0,0.0,0.0,0.0,0.0,2026-09-28,2026-09-28,2026-09-28 14:23:46
NTO,NUROL PORTFÖY TRADA SERBEST (DÖVİZ) ÖZEL FON,Diğer / Belirsiz,VERIFY_ELIGIBILITY,Serbest fon; nitelikli yatırımcı / dağıtım kısıtı olabilir,True,2026-09-28,68.2523,0.5113,0.5115,-0.0002,2.0512,2.1632,-0.112,6.5587,14.6554,29.4124,1.1199,0.0,0.0,3695485603.88,1.0,329,0.0,0.0,0.0,0.0,0.0,0.0,0.0,0.0,0.02,0.02,0.0,0.0,0.0,0.0,2026-09-28,2026-09-28,2026-09-28 14:23:46
NTS,NUROL PORTFÖY İKİNCİ SERBEST FON,Diğer / Belirsiz,VERIFY_ELIGIBILITY,Serbest fon; nitelikli yatırımcı / dağıtım kısıtı olabilir,True,2026-09-28,3.2035,0.6986,0.6942,0.0044,2.833,3.0302,-0.1972,9.3139,21.5651,51.9558,1.3831,0.0,0.0,235977675.71,31.0,329,0.0,0.0,0.0,0.0,0.0,0.0,0.0,0.0,100.0,0.0,0.0,0.0,0.0,0.0,2026-09-28,2026-09-28,2026-09-28 14:23:46
NUB,NUROL PORTFÖY BEŞİNCİ SERBEST (DÖVİZ) FON,Diğer / Belirsiz,VERIFY_ELIGIBILITY,Serbest fon; nitelikli yatırımcı / dağıtım kısıtı olabilir,True,2026-09-28,60.3495,-0.3065,-0.6016,0.2951,-0.4467,3.0041,-3.4508,5.3626,10.1135,17.8698,3.699,-1.3114,-1.1196,1044799933.8,611.0,329,0.0,0.0,0.0,0.0,0.0,0.0,0.0,0.0,3.65,3.22,0.0,0.0,90.08,0.0,2026-09-28,2026-09-28,2026-09-28 14:23:46
NUG,NUROL PORTFÖY ALTINCI SERBEST (DÖVİZ) FON,Altın,VERIFY_ELIGIBILITY,Serbest fon; nitelikli yatırımcı / dağıtım kısıtı olabilir,True,2026-09-28,50.3559,0.5174,0.5759,-0.0585,1.6859,0.6579,1.0279,4.5763,11.702,,1.8897,-1.0351,0.0,1520904699.35,22.0,228,0.0,0.0,0.0,0.0,0.0,0.0,0.0,0.0,0.24,0.0,0.0,0.0,0.0,0.0,2026-09-28,2026-09-28,2026-09-28 14:23:46
NVC,NEO PORTFÖY VENTO SERBEST FON,Diğer / Belirsiz,VERIFY_ELIGIBILITY,Serbest fon; nitelikli yatırımcı / dağıtım kısıtı olabilir,True,2026-09-28,3.7359,0.7848,-4.8861,5.6709,-4.7303,13.7723,-18.5026,-3.3833,-10.5841,5.5401,25.9559,-13.1739,-5.758,132745889.23,68.0,329,6.65,31.91,0.0,0.0,0.0,0.0,0.0,0.0,0.0,0.0,0.0,0.0,0.0,0.0,2026-09-28,2026-09-28,2026-09-28 14:23:46
NVK,INVEO PORTFÖY KATILIM SERBEST (DÖVİZ) FON,Katılım,VERIFY_ELIGIBILITY,Serbest fon; nitelikli yatırımcı / dağıtım kısıtı olabilir,True,2026-09-28,47.7276,0.4255,0.423,0.0026,1.7205,1.8679,-0.1474,5.5447,11.7105,18.8464,1.1538,0.0,0.0,140081256.65,14.0,322,0.0,0.0,0.0,0.0,0.0,0.0,0.0,0.0,0.8,0.0,0.0,0.0,0.0,0.0,2026-09-28,2026-09-28,2026-09-28 14:23:46
NVP,NUROL PORTFÖY İKİNCİ SERBEST (DÖVİZ) ÖZEL FON,Diğer / Belirsiz,VERIFY_ELIGIBILITY,Serbest fon; nitelikli yatırımcı / dağıtım kısıtı olabilir,True,2026-09-28,69.6068,0.2613,0.0074,0.2539,0.9987,2.3916,-1.3928,5.1166,14.0286,21.384,1.6539,-0.1675,-0.0811,62374196.64,1.0,329,0.0,0.0,0.0,0.0,0.0,0.0,0.0,0.0,13.38,0.0,0.0,0.0,0.0,0.0,2026-09-28,2026-09-28,2026-09-28 14:23:46
NVT,NEO PORTFÖY ÜÇÜNCÜ SERBEST (TL) FON,Diğer / Belirsiz,VERIFY_ELIGIBILITY,Serbest fon; nitelikli yatırımcı / dağıtım kısıtı olabilir,True,2026-09-28,4.8272,0.6654,0.6704,-0.005,2.9174,2.7868,0.1306,9.0177,20.5404,44.2598,1.3177,0.0,0.0,10485383496.9,99.0,329,0.0,0.0,0.0,0.0,0.0,0.0,4.17,0.0,3.73,0.0,0.0,0.0,4.89,0.0,2026-09-28,2026-09-28,2026-09-28 14:23:46
NVZ,NEO PORTFÖY ORSA SERBEST (DÖVİZ) FON,Diğer / Belirsiz,VERIFY_ELIGIBILITY,Serbest fon; nitelikli yatırımcı / dağıtım kısıtı olabilir,True,2026-09-28,58.5004,-0.2178,-0.5945,0.3766,-0.3136,2.9418,-3.2554,5.441,10.5491,19.7957,3.3559,-1.1879,-0.9986,350876240.37,234.0,329,0.0,0.0,0.0,0.0,0.0,0.0,0.0,0.0,39.86,0.0,0.0,0.0,0.0,0.0,2026-09-28,2026-09-28,2026-09-28 14:23:46
NYH,NUROL PORTFÖY İAU SERBEST (DÖVİZ) ÖZEL FON,Diğer / Belirsiz,VERIFY_ELIGIBILITY,Serbest fon; nitelikli yatırımcı / dağıtım kısıtı olabilir,True,2026-09-28,63.8396,0.4196,0.4161,0.0035,1.7097,1.8681,-0.1585,5.5775,12.7472,22.8301,1.1551,0.0,0.0,1097391504.28,1.0,329,0.0,0.0,0.0,0.0,0.0,0.0,0.0,0.0,23.64,0.8,0.0,0.0,0.0,0.0,2026-09-28,2026-09-28,2026-09-28 14:23:46
NZU,NUROL PORTFÖY ZÜMRÜT KATILIM SERBEST (DÖVİZ) FON,Katılım,VERIFY_ELIGIBILITY,Serbest fon; nitelikli yatırımcı / dağıtım kısıtı olabilir,True,2026-09-28,52.1648,0.4197,0.4348,-0.0151,1.7224,1.818,-0.0956,5.4961,12.0064,22.4268,1.1828,0.0,0.0,40226752.85,19.0,329,0.0,0.0,0.0,0.0,0.0,0.0,0.0,0.0,2.64,0.0,0.0,0.0,0.0,0.0,2026-09-28,2026-09-28,2026-09-28 14:23:46
OAB,QNB PORTFÖY AYDOĞAN SERBEST (DÖVİZ) ÖZEL FON,Diğer / Belirsiz,VERIFY_ELIGIBILITY,Serbest fon; nitelikli yatırımcı / dağıtım kısıtı olabilir,True,2026-09-28,76.5525,-0.3662,-0.2449,-0.1214,-0.5882,3.8633,-4.4515,4.1041,11.9209,22.4741,3.023,-0.8182,-0.8182,664851566.55,3.0,329,0.0,8.65,0.0,0.0,0.0,0.0,0.0,0.0,9.83,0.0,0.0,0.0,0.0,0.0,2026-09-28,2026-09-28,2026-09-28 14:23:46
OAO,TEB PORTFÖY ODEABANK AYRICALIKLI VE ÖZEL BANKACILIK DEĞİŞKEN ÖZEL FON,Bankacılık / Finans,VERIFY_ELIGIBILITY,Özel fon; erişim kısıtı olabilir,True,2026-09-28,1.0481,0.6588,0.4142,0.2446,2.5378,,,,,,2.9164,-0.5277,0.0,1479696636.13,539.0,32,0.0,0.0,0.0,0.62,0.0,0.0,49.32,0.0,2.43,0.0,0.0,0.0,42.0,0.0,2026-09-28,2026-09-28,2026-09-28 14:23:46
OBN,AK PORTFÖY ONBEŞİNCİ SERBEST (DÖVİZ) FON,Diğer / Belirsiz,VERIFY_ELIGIBILITY,Serbest fon; nitelikli yatırımcı / dağıtım kısıtı olabilir,True,2026-09-28,58.747,0.0424,-0.1882,0.2305,0.2754,2.4661,-2.1908,4.0958,13.0811,21.8029,2.0065,-0.37,-0.3227,248724831.84,235.0,329,0.0,0.0,0.0,0.0,0.0,0.0,0.0,0.0,0.0,0.0,0.0,0.0,0.0,0.0,2026-09-28,2026-09-28,2026-09-28 14:23:46
OBR,AK PORTFÖY ONBİRİNCİ SERBEST (DÖVİZ) FON,Diğer / Belirsiz,VERIFY_ELIGIBILITY,Serbest fon; nitelikli yatırımcı / dağıtım kısıtı olabilir,True,2026-09-28,55.2166,0.4263,0.4141,0.0122,1.7144,1.8424,-0.128,5.5234,12.1835,22.205,1.1372,0.0,0.0,44305774819.32,10183.0,329,0.0,0.0,0.0,0.0,0.0,0.0,0.0,0.0,2.33,0.0,0.0,0.0,23.87,0.0,2026-09-28,2026-09-28,2026-09-28 14:23:46
OCM,QNB PORTFÖY SM SERBEST (DÖVİZ) ÖZEL FON,Diğer / Belirsiz,VERIFY_ELIGIBILITY,Serbest fon; nitelikli yatırımcı / dağıtım kısıtı olabilir,True,2026-09-28,70.2023,0.1726,0.229,-0.0564,1.0152,2.0924,-1.0771,4.9065,12.064,21.7635,1.8443,-0.2219,-0.2219,492876704.15,2.0,329,0.0,0.0,0.0,0.0,0.0,0.0,0.0,0.0,0.0,0.0,0.0,0.0,0.0,0.0,2026-09-28,2026-09-28,2026-09-28 14:23:46
OCN,QNB PORTFÖY SEFA SERBEST (DÖVİZ) ÖZEL FON,Diğer / Belirsiz,VERIFY_ELIGIBILITY,Serbest fon; nitelikli yatırımcı / dağıtım kısıtı olabilir,True,2026-09-28,51.526,0.4116,0.3991,0.0125,1.642,1.6768,-0.0348,5.1245,11.4052,20.4643,1.2995,0.0,0.0,120607207.63,4.0,329,0.0,0.0,0.0,0.0,0.0,0.0,0.0,0.0,100.0,0.0,0.0,0.0,0.0,0.0,2026-09-28,2026-09-28,2026-09-28 14:23:46
OCT,QNB PORTFÖY DENİZ YILDIZI SERBEST (DÖVİZ) ÖZEL FON,Diğer / Belirsiz,VERIFY_ELIGIBILITY,Serbest fon; nitelikli yatırımcı / dağıtım kısıtı olabilir,True,2026-09-28,73.9773,0.0494,-0.1135,0.1629,1.1285,2.3196,-1.1911,2.8858,12.7513,24.5317,2.1064,-1.64,-0.1543,438335245.62,5.0,329,0.0,0.39,0.0,0.0,0.0,0.0,0.0,1.26,0.0,0.0,0.0,0.0,0.0,0.0,2026-09-28,2026-09-28,2026-09-28 14:23:46
ODD,OYAK PORTFÖY DÖRDÜNCÜ SERBEST FON,Diğer / Belirsiz,VERIFY_ELIGIBILITY,Serbest fon; nitelikli yatırımcı / dağıtım kısıtı olabilir,True,2026-09-28,11.1973,0.2645,-0.6925,0.957,0.7201,4.6964,-3.9763,6.5548,16.5505,34.4379,5.3215,-1.5718,-0.631,471018914.3,27.0,329,2.22,0.0,0.0,0.0,0.0,0.0,0.0,0.0,79.85,0.0,0.0,0.0,0.0,0.0,2026-09-28,2026-09-28,2026-09-28 14:23:46
ODN,AK PORTFÖY ONDÖRDÜNCÜ SERBEST (DÖVİZ) FON,Diğer / Belirsiz,VERIFY_ELIGIBILITY,Serbest fon; nitelikli yatırımcı / dağıtım kısıtı olabilir,True,2026-09-28,59.6529,0.4947,0.4984,-0.0037,2.0951,2.3144,-0.2193,7.0991,16.3814,28.0707,1.0563,0.0,0.0,55231570057.96,7211.0,316,0.0,0.0,0.0,0.0,0.0,0.0,0.0,0.0,41.41,0.0,0.0,-31.69,28.82,0.0,2026-09-28,2026-09-28,2026-09-28 14:23:46
ODP,OSMANLI PORTFÖY BİRİNCİ SERBEST FON,Diğer / Belirsiz,VERIFY_ELIGIBILITY,Serbest fon; nitelikli yatırımcı / dağıtım kısıtı olabilir,True,2026-09-28,7.7202,4.8549,1.0247,3.8302,6.6402,7.4858,-0.8456,10.5141,45.2049,55.7867,15.9725,-7.731,0.0,274450241.81,123.0,329,0.0,67.78,0.0,3.55,0.0,0.0,0.0,0.0,9.06,0.0,0.0,0.0,0.0,0.0,2026-09-28,2026-09-28,2026-09-28 14:23:46
ODS,OYAK PORTFÖY İKİNCİ SERBEST(DÖVİZ) FON,Diğer / Belirsiz,VERIFY_ELIGIBILITY,Serbest fon; nitelikli yatırımcı / dağıtım kısıtı olabilir,True,2026-09-28,70.167,-0.0116,-0.1126,0.101,0.2969,2.0898,-1.7929,4.4466,8.5741,14.9688,2.1264,-0.3947,-0.3947,116363419.31,97.0,329,0.0,0.0,0.0,0.0,0.0,0.0,0.0,0.0,0.0,0.0,0.0,0.0,0.0,0.0,2026-09-28,2026-09-28,2026-09-28 14:23:46
OFA,OYAK PORTFÖY TÜRKİYE FİNANS KATILIM SERBEST (DÖVİZ-AVRO) FON,Katılım,VERIFY_ELIGIBILITY,Serbest fon; nitelikli yatırımcı / dağıtım kısıtı olabilir,True,2026-09-28,57.6024,-0.3655,-0.66,0.2946,-0.6624,2.8077,-3.4701,4.7103,8.655,14.9407,3.6847,-1.4276,-1.2567,192040504.84,114.0,329,0.0,0.0,0.0,0.0,0.0,0.0,0.0,0.0,0.0,0.0,0.0,0.0,0.0,0.0,2026-09-28,2026-09-28,2026-09-28 14:23:46
OFB,OYAK PORTFÖY İSTATİSTİKSEL ARBİTRAJ SERBEST (TL) FON,Diğer / Belirsiz,VERIFY_ELIGIBILITY,Serbest fon; nitelikli yatırımcı / dağıtım kısıtı olabilir,True,2026-09-28,11.757,0.6657,0.5264,0.1394,2.5852,2.9478,-0.3626,9.0274,21.2079,45.7413,0.8201,0.0,0.0,1037283214.31,12.0,329,0.0,0.0,0.0,0.0,0.0,0.0,0.0,0.0,25.55,0.0,0.0,0.0,0.0,0.0,2026-09-28,2026-09-28,2026-09-28 14:23:46
OFK,OYAK PORTFÖY TÜRKİYE FİNANS KATILIM SERBEST (DÖVİZ-ABD DOLARI) FON,Katılım,VERIFY_ELIGIBILITY,Serbest fon; nitelikli yatırımcı / dağıtım kısıtı olabilir,True,2026-09-28,53.0857,0.4013,0.408,-0.0066,1.6288,1.6787,-0.0499,5.1282,11.2319,20.1318,1.1682,0.0,0.0,906800099.55,244.0,329,0.0,0.0,0.0,0.0,0.0,0.0,0.0,0.0,0.0,0.0,0.0,0.0,0.0,0.0,2026-09-28,2026-09-28,2026-09-28 14:23:46
OFO,QNB PORTFÖY JKDK SERBEST (DÖVİZ) ÖZEL FON,Diğer / Belirsiz,VERIFY_ELIGIBILITY,Serbest fon; nitelikli yatırımcı / dağıtım kısıtı olabilir,True,2026-09-28,69.19,-0.1682,-0.266,0.0978,-0.1219,3.2098,-3.3317,5.2982,10.4665,18.1748,2.8833,-0.7573,-0.6156,2173519611.48,1.0,329,0.0,2.79,0.0,0.0,1.54,0.0,0.0,0.0,14.59,0.0,0.0,0.0,0.0,0.0,2026-09-28,2026-09-28,2026-09-28 14:23:46
OGF,OYAK PORTFÖY OYAK ÜYELERI İLE ÇALIŞANLARıNA YÖNELİK BORÇLANMA ARAÇLARI ÖZEL FONU,Borçlanma Araçları,VERIFY_ELIGIBILITY,Özel fon; erişim kısıtı olabilir,True,2026-09-28,9.7988,0.7028,0.6997,0.0031,2.8187,3.1184,-0.2996,9.562,21.7594,46.6001,1.2984,0.0,0.0,141223968.16,419.0,329,0.0,0.0,0.0,0.0,0.0,0.0,0.0,50.61,0.0,0.0,0.0,0.0,0.0,0.0,2026-09-28,2026-09-28,2026-09-28 14:23:46
OGV,QNB PORTFÖY HUNA SERBEST (DÖVİZ) ÖZEL FON,Diğer / Belirsiz,VERIFY_ELIGIBILITY,Serbest fon; nitelikli yatırımcı / dağıtım kısıtı olabilir,True,2026-09-28,72.7488,0.0536,-0.237,0.2905,0.3973,2.6403,-2.243,4.6486,13.0845,21.8421,1.9591,-0.4156,-0.3622,286848346.96,1.0,329,0.0,0.0,0.0,0.0,0.0,0.0,0.0,0.0,0.0,0.0,0.0,0.0,0.0,0.0,2026-09-28,2026-09-28,2026-09-28 14:23:46
OHI,PARDUS PORTFÖY ONUNCU HİSSE SENEDİ SERBEST (TL) FON (HİSSE SENEDİ YOĞUN FON),Hisse Senedi,VERIFY_ELIGIBILITY,Serbest fon; nitelikli yatırımcı / dağıtım kısıtı olabilir,True,2026-09-28,0.0525,-40.7849,-23.5803,-17.2046,-49.0829,18.9815,-68.0644,-26.0484,314.235,-93.3257,92.4818,-56.7867,-56.7867,517065720.05,44.0,329,99.35,0.0,0.0,0.0,0.0,0.0,0.0,0.0,0.0,0.0,0.0,0.0,0.0,0.0,2026-09-28,2026-09-28,2026-09-28 14:23:46
OIS,ASTRA PORTFÖY İKİNCİ SERBEST ÖZEL FON,Diğer / Belirsiz,VERIFY_ELIGIBILITY,Serbest fon; nitelikli yatırımcı / dağıtım kısıtı olabilir,True,2026-09-28,3.447,-0.1008,-0.3157,0.2149,-0.0321,3.0161,-3.0482,5.5677,13.2455,24.3997,2.7225,-0.7364,-0.5877,657147530.44,2.0,329,0.0,0.0,0.0,0.0,0.0,0.0,0.0,0.0,0.0,0.0,0.0,0.0,27.08,0.0,2026-09-28,2026-09-28,2026-09-28 14:23:46
OJB,QNB PORTFÖY BEŞİNCİ SERBEST (DÖVİZ) FON,Diğer / Belirsiz,VERIFY_ELIGIBILITY,Serbest fon; nitelikli yatırımcı / dağıtım kısıtı olabilir,True,2026-09-28,54.5108,0.4272,0.4301,-0.0028,1.7339,1.7608,-0.0269,5.4174,12.0528,21.8753,1.1682,0.0,0.0,27080238400.67,6571.0,329,0.0,0.0,0.0,0.0,0.0,0.0,0.0,0.0,5.54,0.0,0.0,0.0,0.0,0.0,2026-09-28,2026-09-28,2026-09-28 14:23:46
OJH,ASTRA PORTFÖY BİRİNCİ HİSSE SENEDİ SERBEST FON (HİSSE SENEDİ YOĞUN FON),Hisse Senedi,VERIFY_ELIGIBILITY,Serbest fon; nitelikli yatırımcı / dağıtım kısıtı olabilir,True,2026-09-28,9.2202,-0.8265,-3.9521,3.1256,-5.1049,3.3836,-8.4885,-0.8981,-4.139,-12.0478,22.314,-7.4974,-7.2163,21904035.42,27.0,329,85.83,0.0,0.0,0.0,0.0,0.0,0.0,0.0,0.0,0.0,0.0,0.0,0.0,0.0,2026-09-28,2026-09-28,2026-09-28 14:23:46
OJU,QNB PORTFÖY UFUK SERBEST (DÖVİZ) ÖZEL FON,Diğer / Belirsiz,VERIFY_ELIGIBILITY,Serbest fon; nitelikli yatırımcı / dağıtım kısıtı olabilir,True,2026-09-28,69.6751,-0.0218,-0.0637,0.0419,0.5309,2.4867,-1.9558,4.8882,12.7393,24.5403,2.1341,-0.3367,-0.3367,56120609.8,2.0,329,0.0,0.0,0.0,0.0,0.0,0.0,0.0,0.0,0.0,0.0,0.0,0.0,0.0,0.0,2026-09-28,2026-09-28,2026-09-28 14:23:46
OJY,QNB PORTFÖY YALÇIN SERBEST (DÖVİZ) ÖZEL FON,Diğer / Belirsiz,VERIFY_ELIGIBILITY,Serbest fon; nitelikli yatırımcı / dağıtım kısıtı olabilir,True,2026-09-28,71.5459,0.8953,-3.8343,4.7295,-1.9509,2.394,-4.3449,-4.7998,8.8993,18.1421,9.5192,-6.076,-5.2351,2460047140.88,6.0,329,0.0,0.0,0.0,0.0,0.0,0.0,0.0,0.0,1.77,0.0,0.0,0.0,0.0,0.0,2026-09-28,2026-09-28,2026-09-28 14:23:46
OKF,OYAK PORTFÖY KAR PAYI ÖDEYEN BİRİNCİ SERBEST (TL) FON,Diğer / Belirsiz,VERIFY_ELIGIBILITY,Serbest fon; nitelikli yatırımcı / dağıtım kısıtı olabilir,True,2026-09-28,4.9042,0.6742,0.6856,-0.0114,2.7837,2.9036,-0.1199,9.2159,20.8328,44.4163,1.2784,0.0,0.0,8695073959.65,12.0,329,0.0,0.0,0.0,0.0,0.0,0.0,0.0,0.69,0.0,0.0,0.0,0.0,0.0,0.0,2026-09-28,2026-09-28,2026-09-28 14:23:46
OLA,OSMANLI PORTFÖY İKİNCİ SERBEST (DÖVİZ- AVRO) FON,Diğer / Belirsiz,VERIFY_ELIGIBILITY,Serbest fon; nitelikli yatırımcı / dağıtım kısıtı olabilir,True,2026-09-28,53.6664,-0.3885,-0.7078,0.3193,-0.91,2.51,-3.42,3.7431,6.4083,11.1143,3.6949,-1.6372,-1.3908,19070733.61,26.0,329,0.0,0.0,0.0,0.0,0.0,0.0,0.0,0.0,0.0,0.0,0.0,0.0,0.0,0.0,2026-09-28,2026-09-28,2026-09-28 14:23:46
OMB,ASTRA PORTFÖY MAB SERBEST (DÖVİZ) ÖZEL FON,Diğer / Belirsiz,VERIFY_ELIGIBILITY,Serbest fon; nitelikli yatırımcı / dağıtım kısıtı olabilir,True,2026-09-28,65.1879,0.1533,0.0947,0.0585,0.9168,2.1145,-1.1977,4.8778,12.7607,24.3356,1.5588,-0.1801,-0.1801,229062782.81,3.0,329,0.0,0.0,0.0,0.0,0.0,0.0,0.0,0.0,12.39,0.0,0.0,0.0,0.0,0.0,2026-09-28,2026-09-28,2026-09-28 14:23:46
OMC,QNB PORTFÖY ORKİDE SERBEST (DÖVİZ) ÖZEL FON,Diğer / Belirsiz,VERIFY_ELIGIBILITY,Serbest fon; nitelikli yatırımcı / dağıtım kısıtı olabilir,True,2026-09-28,72.1352,-0.2926,-0.2739,-0.0187,-0.5087,2.6215,-3.1302,3.184,11.8845,20.0956,2.9735,-0.9643,-0.9643,407130470.46,2.0,329,0.47,0.0,0.0,0.0,0.0,0.0,0.0,0.0,0.0,0.0,0.0,0.0,0.0,0.0,2026-09-28,2026-09-28,2026-09-28 14:23:46
OME,PARDUS PORTFÖY EVREN SERBEST FON,Diğer / Belirsiz,VERIFY_ELIGIBILITY,Serbest fon; nitelikli yatırımcı / dağıtım kısıtı olabilir,True,2026-09-28,12.8479,-23.787,-18.4428,-5.3442,-53.292,20.004,-73.296,-43.8176,-42.7631,12.5716,63.5545,-53.292,-53.292,43195355.06,68.0,329,80.9,0.0,0.0,0.0,0.0,0.0,0.0,0.0,0.0,0.0,0.0,0.0,0.0,0.0,2026-09-28,2026-09-28,2026-09-28 14:23:46
ONB,TEB PORTFÖY ALTERNATİF BANK SERBEST (DÖVİZ) ÖZEL FON,Bankacılık / Finans,VERIFY_ELIGIBILITY,Serbest fon; nitelikli yatırımcı / dağıtım kısıtı olabilir,True,2026-09-28,53.6866,0.4342,0.4383,-0.0041,1.763,1.8303,-0.0673,5.5808,12.3448,22.4552,1.1654,0.0,0.0,4146268127.72,524.0,329,0.0,0.0,0.0,0.0,0.0,0.0,0.0,0.0,0.0,0.0,0.0,0.0,97.04,0.0,2026-09-28,2026-09-28,2026-09-28 14:23:46
OND,QNB PORTFÖY KAR PAYI ÖDEYEN ONBİRİNCİ SERBEST (DÖVİZ) FON,Diğer / Belirsiz,VERIFY_ELIGIBILITY,Serbest fon; nitelikli yatırımcı / dağıtım kısıtı olabilir,True,2026-09-28,48.9231,0.4257,0.1983,0.2274,1.4884,1.5366,-0.0482,4.6963,10.3753,22.8277,1.5014,-0.1825,0.0,3507293944.43,622.0,268,0.0,0.0,0.0,0.0,0.0,0.0,0.0,0.0,0.0,0.0,0.0,0.0,0.0,0.0,2026-09-28,2026-09-28,2026-09-28 14:23:46
ONE,AKTİF PORTFÖY BİRİNCİ HİSSE SENEDİ SERBEST (TL) FON (HİSSE SENEDİ YOĞUN FON),Hisse Senedi,VERIFY_ELIGIBILITY,Serbest fon; nitelikli yatırımcı / dağıtım kısıtı olabilir,True,2026-09-28,1.4646,0.7625,-4.8523,5.6148,-3.4581,6.4796,-9.9377,-3.1273,8.6446,43.2046,30.5275,-8.3246,-4.1268,26085039.34,621.0,329,89.27,0.0,0.0,0.0,0.0,0.0,0.0,0.0,7.17,0.0,0.0,0.0,0.0,0.0,2026-09-28,2026-09-28,2026-09-28 14:23:46
ONF,AK PORTFÖY ONALTINCI SERBEST (DÖVİZ-POUND) FON,Altın,VERIFY_ELIGIBILITY,Serbest fon; nitelikli yatırımcı / dağıtım kısıtı olabilir,True,2026-09-28,66.239,-0.5125,-0.6425,0.13,-0.8382,2.9072,-3.7453,4.8931,10.7973,,3.897,-1.4378,-1.3421,2999150104.96,885.0,206,0.0,0.0,0.0,0.0,0.0,0.0,0.0,0.0,0.0,0.0,0.0,0.0,55.6,0.0,2026-09-28,2026-09-28,2026-09-28 14:23:46
ONK,AK PORTFÖY ONİKİNCİ SERBEST (DÖVİZ-AVRO) FON,Diğer / Belirsiz,VERIFY_ELIGIBILITY,Serbest fon; nitelikli yatırımcı / dağıtım kısıtı olabilir,True,2026-09-28,60.5321,-0.3309,-0.6243,0.2934,-0.5178,2.9508,-3.4686,5.1705,9.6384,16.8027,3.6968,-1.3577,-1.1719,88903194615.71,20371.0,329,0.0,0.0,0.0,0.0,0.0,0.0,0.0,0.0,0.2,0.0,0.0,0.0,49.31,0.0,2026-09-28,2026-09-28,2026-09-28 14:23:46
ONN,AKTİF PORTFÖY AKTİF ONİKS SERBEST (TL) FON,Diğer / Belirsiz,VERIFY_ELIGIBILITY,Serbest fon; nitelikli yatırımcı / dağıtım kısıtı olabilir,True,2026-09-28,6.6837,0.5957,0.2138,0.3819,2.2257,3.884,-1.6583,8.7644,20.5425,45.5261,2.4902,-0.4276,0.0,1430107160.26,529.0,329,0.0,0.0,0.0,0.0,0.0,0.0,60.75,0.36,5.19,0.0,0.0,0.0,7.71,0.0,2026-09-28,2026-09-28,2026-09-28 14:23:46
ONS,İŞ PORTFÖY ONİKİNCİ SERBEST (DÖVİZ) FON,Diğer / Belirsiz,VERIFY_ELIGIBILITY,Serbest fon; nitelikli yatırımcı / dağıtım kısıtı olabilir,True,2026-09-28,55.4682,0.4522,0.4634,-0.0112,1.8216,1.8771,-0.0556,5.7153,12.397,22.3578,1.1518,0.0,0.0,168777087222.36,23623.0,329,0.0,0.0,0.0,0.0,0.0,0.0,0.0,0.0,1.91,0.0,0.0,0.0,27.71,0.0,2026-09-28,2026-09-28,2026-09-28 14:23:46
ONT,TEB PORTFÖY ONDÖRDÜNCÜ SERBEST (DÖVİZ) FON,Diğer / Belirsiz,VERIFY_ELIGIBILITY,Serbest fon; nitelikli yatırımcı / dağıtım kısıtı olabilir,True,2026-09-28,54.0649,0.4266,0.4331,-0.0066,1.7312,1.7786,-0.0473,5.4473,11.9438,21.7014,1.1604,0.0,0.0,4644601889.07,350.0,329,0.0,0.0,0.0,0.0,0.0,0.0,0.0,0.0,0.0,0.0,0.0,0.0,92.55,0.0,2026-09-28,2026-09-28,2026-09-28 14:23:46
ONY,TEB PORTFÖY ONYEDİNCİ SERBEST (DÖVİZ-POUND) FON,Diğer / Belirsiz,VERIFY_ELIGIBILITY,Serbest fon; nitelikli yatırımcı / dağıtım kısıtı olabilir,True,2026-09-28,66.5665,-0.5435,-0.6738,0.1303,-0.9611,2.7797,-3.7408,4.4902,10.0696,18.4747,3.8893,-1.4982,-1.4161,2258146743.7,724.0,329,0.0,0.0,0.0,0.0,0.0,0.0,0.0,0.0,0.0,0.0,0.0,0.0,100.0,0.0,2026-09-28,2026-09-28,2026-09-28 14:23:46
OPD,OSMANLI PORTFÖY ANKA SERBEST FON,Diğer / Belirsiz,VERIFY_ELIGIBILITY,Serbest fon; nitelikli yatırımcı / dağıtım kısıtı olabilir,True,2026-09-28,8.8339,0.6633,0.6597,0.0036,2.6166,2.7707,-0.1541,8.8511,20.7232,45.0226,0.8224,0.0,0.0,70184147.39,17.0,329,0.0,0.0,0.0,0.0,0.0,0.0,0.0,21.95,0.0,28.0,0.0,0.0,0.0,0.0,2026-09-28,2026-09-28,2026-09-28 14:23:46
OPU,ASTRA PORTFÖY ÜÇÜNCÜ KATILIM SERBEST FON,Katılım,VERIFY_ELIGIBILITY,Serbest fon; nitelikli yatırımcı / dağıtım kısıtı olabilir,True,2026-09-28,1.0196,0.6686,0.6862,-0.0176,-18.1472,-5.2799,-12.8673,-23.0818,-58.1995,,,-100.0,-24.0057,2746728754.28,72.0,207,0.0,0.0,0.0,0.0,0.0,0.0,0.0,0.0,0.0,0.0,0.0,0.0,0.0,0.0,2026-09-28,2026-09-28,2026-09-28 14:23:46
OPZ,AK PORTFÖY ÖPY ALTINCI SERBEST ÖZEL FON,Altın,VERIFY_ELIGIBILITY,Serbest fon; nitelikli yatırımcı / dağıtım kısıtı olabilir,True,2026-09-28,5.8946,0.4747,0.3859,0.0888,1.9002,2.7311,-0.8309,7.2986,16.2568,32.8901,0.957,0.0,0.0,737748532.49,1.0,329,0.0,0.0,0.0,0.0,0.0,0.0,0.0,0.0,0.95,0.0,0.0,0.0,0.0,0.0,2026-09-28,2026-09-28,2026-09-28 14:23:46
ORC,ASTRA PORTFÖY ALFA SERBEST FON,Diğer / Belirsiz,VERIFY_ELIGIBILITY,Serbest fon; nitelikli yatırımcı / dağıtım kısıtı olabilir,True,2026-09-28,1.289,-1.6369,-10.8624,9.2254,-18.1447,9.4132,-27.558,-16.3563,-3.5896,7.5614,43.807,-19.1065,-18.1447,1204675403.46,47.0,329,76.65,0.0,0.0,0.0,0.0,0.0,1.88,3.66,9.24,0.0,0.0,0.0,0.0,0.0,2026-09-28,2026-09-28,2026-09-28 14:23:46
ORI,AZİMUT PORTFÖY ORGANİK SERBEST (DÖVİZ) ÖZEL FON,Diğer / Belirsiz,VERIFY_ELIGIBILITY,Serbest fon; nitelikli yatırımcı / dağıtım kısıtı olabilir,True,2026-09-28,61.7508,0.1112,-0.1048,0.216,0.5333,2.6195,-2.0862,4.762,13.246,22.6097,2.1189,-0.326,-0.3176,1713756550.11,5.0,329,0.0,0.0,0.0,0.0,0.0,0.0,0.0,0.0,7.06,0.0,0.0,0.0,0.0,0.0,2026-09-28,2026-09-28,2026-09-28 14:23:46
OSD,OSMANLI PORTFÖY ÖZEL SEKTÖR BORÇLANMA ARAÇLARI FONU,Borçlanma Araçları,VERIFY_ELIGIBILITY,Özel fon; erişim kısıtı olabilir,True,2026-09-28,14.8011,0.7016,0.7031,-0.0015,2.8313,3.0704,-0.2391,9.6869,22.2932,49.0174,1.3972,0.0,0.0,522691852.31,748.0,329,0.0,0.0,0.0,0.0,0.0,0.0,0.0,25.83,0.0,0.0,0.0,0.0,0.0,0.0,2026-09-28,2026-09-28,2026-09-28 14:23:46
OSF,NEO PORTFÖY BALKAN SERBEST FON,Diğer / Belirsiz,VERIFY_ELIGIBILITY,Serbest fon; nitelikli yatırımcı / dağıtım kısıtı olabilir,True,2026-09-28,115.2926,0.6862,0.5966,0.0897,2.6643,3.1369,-0.4726,9.1726,21.4979,45.2033,1.4216,0.0,0.0,4968394653.68,17.0,329,0.0,0.0,0.0,0.0,0.0,0.0,7.94,17.68,0.0,0.0,0.0,0.0,0.0,0.0,2026-09-28,2026-09-28,2026-09-28 14:23:46
OSH,OSMANLI PORTFÖY MİNERVA SERBEST FON,Diğer / Belirsiz,VERIFY_ELIGIBILITY,Serbest fon; nitelikli yatırımcı / dağıtım kısıtı olabilir,True,2026-09-28,0.5192,0.3694,-8.9996,9.3691,-12.5332,8.9929,-21.5262,-4.4689,7.6662,24.1611,26.9567,-13.6312,-12.5332,58568020.58,17.0,329,99.01,0.0,0.0,0.0,0.0,0.0,0.0,0.0,0.0,0.0,0.0,0.0,0.0,0.0,2026-09-28,2026-09-28,2026-09-28 14:23:46
OSN,AK PORTFÖY ONUNCU SERBEST FON,Diğer / Belirsiz,VERIFY_ELIGIBILITY,Serbest fon; nitelikli yatırımcı / dağıtım kısıtı olabilir,True,2026-09-28,1.6218,0.4373,1.5688,-1.1315,2.7905,4.1272,-1.3368,11.1776,20.2439,48.8011,3.7968,-0.6657,0.0,3592949.77,323.0,311,0.0,0.0,0.0,0.0,0.0,0.0,0.0,0.0,0.0,0.0,0.0,0.0,54.06,0.0,2026-09-28,2026-09-28,2026-09-28 14:23:46
OTE,QNB PORTFÖY TAYMER SERBEST (DÖVİZ) ÖZEL FON,Diğer / Belirsiz,VERIFY_ELIGIBILITY,Serbest fon; nitelikli yatırımcı / dağıtım kısıtı olabilir,True,2026-09-28,67.847,0.2262,0.1117,0.1144,1.3846,2.0727,-0.688,3.5136,11.7699,22.152,1.4942,-0.9679,0.0,197758096.04,2.0,329,0.0,0.0,0.0,0.0,0.0,0.0,0.0,0.0,26.4,0.0,0.0,0.0,0.0,0.0,2026-09-28,2026-09-28,2026-09-28 14:23:46
OTK,OYAK PORTFÖY BİRİNCİ KATILIM SERBEST FON,Katılım,VERIFY_ELIGIBILITY,Serbest fon; nitelikli yatırımcı / dağıtım kısıtı olabilir,True,2026-09-28,8.7018,0.6631,0.6364,0.0267,2.606,2.7802,-0.1743,8.6973,20.0016,42.0082,1.2526,0.0,0.0,3485751.45,56.0,329,0.0,0.0,0.0,0.0,0.0,0.0,0.0,0.0,0.0,0.0,0.0,0.0,0.0,0.0,2026-09-28,2026-09-28,2026-09-28 14:23:46
OTZ,QNB PORTFÖY TANER SERBEST (DÖVİZ) ÖZEL FON,Diğer / Belirsiz,VERIFY_ELIGIBILITY,Serbest fon; nitelikli yatırımcı / dağıtım kısıtı olabilir,True,2026-09-28,70.9501,-0.0173,-0.0454,0.0281,0.4538,2.475,-2.0212,4.5039,12.351,21.514,2.0376,-0.3978,-0.3978,317303601.62,4.0,329,0.0,0.0,0.0,0.0,0.0,0.0,0.0,0.0,2.49,0.0,0.0,0.0,0.0,0.0,2026-09-28,2026-09-28,2026-09-28 14:23:46
OUB,OSMANLI PORTFÖY ÜÇÜNCÜ SERBEST (TL) FON,Diğer / Belirsiz,VERIFY_ELIGIBILITY,Serbest fon; nitelikli yatırımcı / dağıtım kısıtı olabilir,True,2026-09-28,7.401,0.4725,1.5686,-1.0961,2.6076,3.3231,-0.7155,10.9372,22.8312,50.1777,3.2355,-0.2109,0.0,924628501.22,14.0,329,8.87,0.0,0.0,0.0,0.0,0.0,0.0,8.23,0.0,12.96,0.0,0.0,0.0,0.0,2026-09-28,2026-09-28,2026-09-28 14:23:46
OUD,OSMANLI PORTFÖY ATLANTİK SERBEST (DÖVİZ) FON,Diğer / Belirsiz,VERIFY_ELIGIBILITY,Serbest fon; nitelikli yatırımcı / dağıtım kısıtı olabilir,True,2026-09-28,67.5707,-0.1158,-0.0807,-0.035,0.1967,2.1493,-1.9526,4.1496,12.2643,21.4656,1.5694,-0.2621,-0.255,142009592.29,97.0,329,0.0,0.0,0.0,0.0,0.0,0.0,0.0,1.06,0.0,0.0,0.0,0.0,0.0,0.0,2026-09-28,2026-09-28,2026-09-28 14:23:46
OUN,AK PORTFÖY ONÜÇÜNCÜ SERBEST (DÖVİZ) FON,Diğer / Belirsiz,VERIFY_ELIGIBILITY,Serbest fon; nitelikli yatırımcı / dağıtım kısıtı olabilir,True,2026-09-28,55.0495,0.3492,0.1819,0.1673,1.2398,2.1337,-0.8939,5.1577,12.2215,21.7795,1.1788,-0.0491,0.0,227506141.33,307.0,329,0.0,0.0,0.0,0.0,0.0,0.0,0.0,0.0,4.72,0.0,0.0,0.0,0.0,0.0,2026-09-28,2026-09-28,2026-09-28 14:23:46
OUR,OSMANLI PORTFÖY PASİFİK SERBEST (DÖVİZ) FON,Diğer / Belirsiz,VERIFY_ELIGIBILITY,Serbest fon; nitelikli yatırımcı / dağıtım kısıtı olabilir,True,2026-09-28,84.9646,-0.1266,-0.0663,-0.0603,0.3934,1.9823,-1.5888,3.7351,11.7048,24.1836,1.804,-0.3401,-0.3401,31904892.38,11.0,329,0.09,0.0,0.0,0.0,0.0,0.0,0.0,0.0,0.0,0.0,0.0,0.0,0.0,0.0,2026-09-28,2026-09-28,2026-09-28 14:23:46
OUY,ASTRA PORTFÖY BİRİNCİ SERBEST (DÖVİZ) ÖZEL FON,Diğer / Belirsiz,VERIFY_ELIGIBILITY,Serbest fon; nitelikli yatırımcı / dağıtım kısıtı olabilir,True,2026-09-28,65.7173,-0.3489,-0.7825,0.4336,-1.1498,2.8586,-4.0084,3.905,9.9651,17.5452,3.6936,-1.5443,-1.5337,1672649010.3,2.0,329,0.0,0.0,0.0,0.0,0.0,0.0,0.0,0.0,0.0,0.0,0.0,0.0,0.0,0.0,2026-09-28,2026-09-28,2026-09-28 14:23:46
OVR,QNB PORTFÖY FAGİ SERBEST (DÖVİZ) ÖZEL FON,Diğer / Belirsiz,VERIFY_ELIGIBILITY,Serbest fon; nitelikli yatırımcı / dağıtım kısıtı olabilir,True,2026-09-28,68.8498,-0.1846,-0.3933,0.2087,0.0924,2.0951,-2.0027,0.903,9.5838,16.8633,2.4481,-2.0698,-0.6545,491102378.6,1.0,329,0.0,0.0,0.0,0.0,0.0,0.0,0.0,0.0,2.64,0.0,0.0,0.0,0.0,0.0,2026-09-28,2026-09-28,2026-09-28 14:23:46
OYS,OYAK PORTFÖY ÜÇÜNCÜ SERBEST (TL) FON,Diğer / Belirsiz,VERIFY_ELIGIBILITY,Serbest fon; nitelikli yatırımcı / dağıtım kısıtı olabilir,True,2026-09-28,9.6631,2.5206,-6.4634,8.984,-3.8431,-5.0215,1.1784,-7.3497,20.6844,12.8428,35.9621,-16.6707,-11.9509,15294773832.83,11.0,329,75.34,0.0,0.0,0.0,0.0,0.0,0.0,0.0,6.01,0.0,0.0,0.0,3.93,0.0,2026-09-28,2026-09-28,2026-09-28 14:23:46
OYT,OYAK PORTFÖY BİRİNCİ SERBEST FON,Diğer / Belirsiz,VERIFY_ELIGIBILITY,Serbest fon; nitelikli yatırımcı / dağıtım kısıtı olabilir,True,2026-09-28,0.1434,0.7141,0.7306,-0.0165,2.9573,3.0444,-0.0871,9.7169,22.0881,47.3581,1.3276,0.0,0.0,1549147697.43,61.0,329,0.0,0.0,0.0,0.0,0.0,0.0,0.0,2.46,0.0,0.0,0.0,0.0,0.0,0.0,2026-09-28,2026-09-28,2026-09-28 14:23:46
OZC,ASTRA PORTFÖY BİRİNCİ HİSSE SENEDİ SERBEST ÖZEL FON (HİSSE SENEDİ YOĞUN FON),Hisse Senedi,VERIFY_ELIGIBILITY,Serbest fon; nitelikli yatırımcı / dağıtım kısıtı olabilir,True,2026-09-28,2.5716,1.488,-8.5974,10.0854,-12.5153,2.1127,-14.6279,-21.1012,-14.0906,-11.6893,28.7671,-22.258,-21.1012,255207162.16,1.0,329,98.8,0.0,0.0,0.0,0.0,0.0,0.0,0.0,0.0,0.0,0.0,0.0,0.0,0.0,2026-09-28,2026-09-28,2026-09-28 14:23:46
PAC,AZİMUT PORTFÖY AC HİSSE SENEDİ SERBEST ÖZEL FON (HİSSE SENEDİ YOĞUN FON),Hisse Senedi,VERIFY_ELIGIBILITY,Serbest fon; nitelikli yatırımcı / dağıtım kısıtı olabilir,True,2026-09-28,3.0159,1.0452,-5.5107,6.5559,-2.9431,1.2102,-4.1533,-3.1789,-5.7846,8.4966,16.9402,-6.0402,-4.9323,772879284.91,1.0,329,80.58,0.0,0.0,0.0,0.0,0.0,0.0,0.0,10.99,0.0,0.0,0.0,0.0,0.0,2026-09-28,2026-09-28,2026-09-28 14:23:46
PAI,AK PORTFÖY ING ÖZEL BANKACILIK VE PLATINUM MUTLAK GETİRİ HEDEFLİ DEĞİŞKEN ÖZEL FON,Bankacılık / Finans,VERIFY_ELIGIBILITY,Özel fon; erişim kısıtı olabilir,True,2026-09-28,6.5968,0.9424,1.0795,-0.1371,1.3334,4.4135,-3.0801,8.767,8.2529,24.2322,8.5759,-2.1628,0.0,375482951.78,441.0,329,57.07,8.81,0.0,3.12,0.0,0.0,0.0,0.42,3.69,0.0,0.0,0.0,13.22,0.0,2026-09-28,2026-09-28,2026-09-28 14:23:46
PAL,AK PORTFÖY ALTINCI SERBEST(DÖVİZ) FON,Altın,VERIFY_ELIGIBILITY,Serbest fon; nitelikli yatırımcı / dağıtım kısıtı olabilir,True,2026-09-28,58.3909,0.44,0.43,0.0101,1.7567,1.8656,-0.1089,5.6135,12.3129,22.2864,1.1911,0.0,0.0,146379348236.62,29811.0,329,0.0,0.0,0.0,0.0,0.0,0.0,0.0,0.0,17.09,0.0,0.0,-2.77,35.87,0.0,2026-09-28,2026-09-28,2026-09-28 14:23:46
PAO,PARDUS PORTFÖY ANADOLU HİSSE SENEDİ SERBEST FON (HİSSE SENEDİ YOĞUN FON),Hisse Senedi,VERIFY_ELIGIBILITY,Serbest fon; nitelikli yatırımcı / dağıtım kısıtı olabilir,True,2026-09-28,1.0895,1.0585,-5.1519,6.2103,-2.6281,-5.2156,2.5875,-8.7834,-12.3359,-10.3662,32.2638,-13.4258,-9.3064,4553129.26,205.0,329,91.06,0.0,0.0,0.0,0.0,0.0,0.0,0.0,0.0,0.0,0.0,0.0,0.0,0.0,2026-09-28,2026-09-28,2026-09-28 14:23:46
PAU,GARANTİ PORTFÖY SERBEST (DÖVİZ-POUND) FON,Diğer / Belirsiz,VERIFY_ELIGIBILITY,Serbest fon; nitelikli yatırımcı / dağıtım kısıtı olabilir,True,2026-09-28,68.0622,-0.5115,-0.644,0.1324,-0.842,2.9006,-3.7426,4.8493,10.8155,19.7603,3.8953,-1.4393,-1.3434,11356956445.23,3784.0,329,0.0,0.0,0.0,0.0,0.0,0.0,0.0,0.0,0.0,0.0,0.0,0.0,36.22,0.0,2026-09-28,2026-09-28,2026-09-28 14:23:46
PBE,PUSULA PORTFÖY BATI SERBEST FON,Diğer / Belirsiz,VERIFY_ELIGIBILITY,Serbest fon; nitelikli yatırımcı / dağıtım kısıtı olabilir,True,2026-09-28,6.6845,2.3977,1.5345,0.8632,6.6194,8.9539,-2.3346,29.9331,91.3568,247.8081,3.7805,0.0,0.0,25595280.44,11.0,329,0.0,0.0,0.0,0.0,0.0,0.0,0.0,0.0,0.0,0.0,0.0,-181.48,0.0,0.0,2026-09-28,2026-09-28,2026-09-28 14:23:46
PBF,PHİLLİP PORTFÖY BİRİNCİ SERBEST ÖZEL FON,Diğer / Belirsiz,VERIFY_ELIGIBILITY,Serbest fon; nitelikli yatırımcı / dağıtım kısıtı olabilir,True,2026-09-28,1.5892,-9.0614,-5.1597,-3.9017,-3.7214,-1.5997,-2.1217,-0.2478,-9.8821,-6.5144,34.6827,-15.2731,-15.2731,1242507722.94,2.0,329,46.02,0.0,0.0,0.0,0.0,0.0,0.0,0.0,64.5,0.0,0.0,0.0,0.0,0.0,2026-09-28,2026-09-28,2026-09-28 14:23:46
PBH,PUSULA PORTFÖY BİRİNCİ HİSSE SENEDİ SERBEST (TL) FON (HİSSE SENEDİ YOĞUN FON),Hisse Senedi,VERIFY_ELIGIBILITY,Serbest fon; nitelikli yatırımcı / dağıtım kısıtı olabilir,True,2026-09-28,1.0857,4.8281,-20.9753,25.8034,-18.6038,20.2106,-38.8144,-14.1184,18.2322,-73.1931,62.0724,-24.9845,-20.0597,2603711531.13,12.0,329,100.0,0.0,0.0,0.0,0.0,0.0,0.0,0.0,0.0,0.0,0.0,0.0,0.0,0.0,2026-09-28,2026-09-28,2026-09-28 14:23:46
PBK,ASTRA PORTFÖY BİRİNCİ KATILIM SERBEST (DÖVİZ) FON,Katılım,VERIFY_ELIGIBILITY,Serbest fon; nitelikli yatırımcı / dağıtım kısıtı olabilir,True,2026-09-28,58.6193,-0.1399,-0.0578,-0.0822,0.0512,2.0202,-1.969,3.4985,9.5175,19.8968,2.2898,-0.4502,-0.4407,96623306.01,95.0,329,0.0,0.0,0.0,0.0,0.0,0.0,0.0,0.0,10.21,0.0,0.0,0.0,0.0,0.0,2026-09-28,2026-09-28,2026-09-28 14:23:46
PBN,PİRAMİT PORTFÖY BİRİNCİ HİSSE SENEDİ SERBEST FON (HİSSE SENEDİ YOĞUN FON),Hisse Senedi,VERIFY_ELIGIBILITY,Serbest fon; nitelikli yatırımcı / dağıtım kısıtı olabilir,True,2026-09-28,1.5917,6.1835,-12.2991,18.4826,-8.6246,12.6139,-21.2385,16.0013,30.2847,13.8884,51.15,-13.9761,-8.6568,441073770.9,404.0,329,88.8,0.0,0.0,0.0,0.0,0.0,0.0,0.0,9.56,0.0,0.0,0.0,0.0,0.0,2026-09-28,2026-09-28,2026-09-28 14:23:46
PBS,AZİMUT PORTFÖY BOĞAZİÇİ SERBEST (DÖVİZ) FON,Diğer / Belirsiz,VERIFY_ELIGIBILITY,Serbest fon; nitelikli yatırımcı / dağıtım kısıtı olabilir,True,2026-09-28,70.5871,0.0281,-0.0269,0.055,0.5239,2.9954,-2.4715,5.1614,13.029,25.1301,1.7267,-0.2407,-0.2194,399444850.87,22.0,329,0.0,1.1,0.0,0.0,0.0,0.0,0.0,0.0,25.46,0.0,0.0,0.0,0.0,0.0,2026-09-28,2026-09-28,2026-09-28 14:23:46
PBY,PARDUS PORTFÖY BIST 100 DIŞI ŞİRKETLER HİSSE SENEDİ SERBEST (TL) FON (HİSSE SENEDİ YOĞUN FON),Hisse Senedi,VERIFY_ELIGIBILITY,Serbest fon; nitelikli yatırımcı / dağıtım kısıtı olabilir,True,2026-09-28,0.3972,-58.8172,-23.8116,-35.0056,-73.0103,16.0016,-89.0119,-77.3832,-88.8969,-71.5139,118.9758,-81.5594,-81.5594,53286904.89,54.0,329,100.0,0.0,0.0,0.0,0.0,0.0,0.0,0.0,0.0,0.0,0.0,0.0,0.0,0.0,2026-09-28,2026-09-28,2026-09-28 14:23:46
PCE,PARDUS PORTFÖY İNCİ SERBEST FON,Diğer / Belirsiz,VERIFY_ELIGIBILITY,Serbest fon; nitelikli yatırımcı / dağıtım kısıtı olabilir,True,2026-09-28,1.1742,-4.8464,-4.8579,0.0115,-10.2863,4.3783,-14.6646,-4.8822,6.1576,23.4363,11.0251,-10.2863,-10.2863,50650409.71,137.0,294,15.6,0.0,0.0,0.0,0.0,0.0,0.0,0.0,63.96,0.0,0.0,0.0,0.0,0.0,2026-09-28,2026-09-28,2026-09-28 14:23:46
PCH,PARDUS PORTFÖY CAPİTAL HİSSE SENEDİ SERBEST FON (HİSSE SENEDİ YOĞUN FON),Hisse Senedi,VERIFY_ELIGIBILITY,Serbest fon; nitelikli yatırımcı / dağıtım kısıtı olabilir,True,2026-09-28,1.8783,-40.1126,-23.0952,-17.0174,-54.3917,13.3113,-67.703,-56.7464,-36.0759,,82.5633,-57.9147,-57.9147,415589044.82,56.0,252,96.86,0.0,0.0,0.0,0.0,0.0,0.0,0.0,0.0,0.0,0.0,0.0,0.0,0.0,2026-09-28,2026-09-28,2026-09-28 14:23:46
PCN,PERFORM PORTFÖY ÜÇÜNCÜ SERBEST (DÖVİZ)  FON,Diğer / Belirsiz,VERIFY_ELIGIBILITY,Serbest fon; nitelikli yatırımcı / dağıtım kısıtı olabilir,True,2026-09-28,66.3239,0.3896,-0.1532,0.5428,0.5381,2.7205,-2.1824,4.2947,12.9945,21.7607,3.0238,-0.6759,-0.2871,569727158.21,12.0,329,0.0,17.08,0.0,0.0,0.0,0.0,0.0,0.0,0.0,0.0,0.0,0.0,0.0,0.0,2026-09-28,2026-09-28,2026-09-28 14:23:46
PCS,PUSULA PORTFÖY ÜÇÜNCÜ HİSSE SENEDİ SERBEST FON (HİSSE SENEDİ YOĞUN FON),Hisse Senedi,VERIFY_ELIGIBILITY,Serbest fon; nitelikli yatırımcı / dağıtım kısıtı olabilir,True,2026-09-28,0.0,,-100.0,,-100.0,34.5607,-134.5607,-100.0,-100.0,-100.0,430.0551,-100.0,-100.0,0.0,28.0,329,92.12,0.0,0.0,0.0,0.0,0.0,0.0,0.0,7.44,0.0,0.0,0.0,0.0,0.0,2026-09-28,2026-09-28,2026-09-28 14:23:46
PDC,PUSULA PORTFÖY DÖRDÜNCÜ HİSSE SENEDİ SERBEST (TL) FON (HİSSE SENEDİ YOĞUN FON),Hisse Senedi,VERIFY_ELIGIBILITY,Serbest fon; nitelikli yatırımcı / dağıtım kısıtı olabilir,True,2026-09-28,0.0,-100.0,-51.5654,-48.4346,-100.0,-3.725,-96.275,-100.0,-100.0,-100.0,428.5825,-100.0,-100.0,0.0,15.0,329,100.0,0.0,0.0,0.0,0.0,0.0,0.0,0.0,0.0,0.0,0.0,0.0,0.0,0.0,2026-09-28,2026-09-28,2026-09-28 14:23:46
PDE,PUSULA PORTFÖY DENGE KATILIM SERBEST FON,Katılım,VERIFY_ELIGIBILITY,Serbest fon; nitelikli yatırımcı / dağıtım kısıtı olabilir,True,2026-09-28,0.3497,-41.0541,-37.648,-3.4061,-78.6667,0.6521,-79.3187,-77.6663,-65.8777,-73.188,68.0263,-83.7059,-83.7059,3385678830.1,14.0,329,100.0,0.0,0.0,0.0,0.0,0.0,0.0,0.0,0.0,0.0,0.0,0.0,0.0,0.0,2026-09-28,2026-09-28,2026-09-28 14:23:46
PDF,ASTRA PORTFÖY BİRİNCİ SERBEST (DÖVİZ) FON,Diğer / Belirsiz,VERIFY_ELIGIBILITY,Serbest fon; nitelikli yatırımcı / dağıtım kısıtı olabilir,True,2026-09-28,61.3782,0.1446,0.1452,-0.0006,0.737,2.1039,-1.3669,4.6724,12.1857,22.2069,1.6165,-0.1637,-0.1637,475344580.66,47.0,329,0.0,1.38,0.0,0.0,0.0,0.0,0.0,0.0,17.72,0.0,0.0,0.0,0.0,0.0,2026-09-28,2026-09-28,2026-09-28 14:23:46
PDG,PUSULA PORTFÖY DOĞU HİSSE SENEDİ SERBEST (TL) FON (HİSSE SENEDİ YOĞUN FON),Hisse Senedi,VERIFY_ELIGIBILITY,Serbest fon; nitelikli yatırımcı / dağıtım kısıtı olabilir,True,2026-09-28,0.1785,-40.3086,-31.53,-8.7786,-69.8934,-8.4106,-61.4827,-65.1249,46.3295,-34.2857,73.5045,-74.1848,-74.1848,93869808.19,11.0,329,100.0,0.0,0.0,0.0,0.0,0.0,0.0,0.0,0.0,0.0,0.0,0.0,0.0,0.0,2026-09-28,2026-09-28,2026-09-28 14:23:46
PDH,PARDUS PORTFÖY DOĞU HİSSE SENEDİ SERBEST FON (HİSSE SENEDİ YOĞUN FON),Hisse Senedi,VERIFY_ELIGIBILITY,Serbest fon; nitelikli yatırımcı / dağıtım kısıtı olabilir,True,2026-09-28,15.1555,-14.807,-11.9642,-2.8428,-23.5038,1.67,-25.1739,-24.593,16.532,335.1157,34.1046,-29.2655,-29.2655,4251960715.78,78.0,301,74.93,0.0,0.0,0.0,0.0,0.0,0.0,0.0,12.42,0.0,0.0,0.0,0.0,0.0,2026-09-28,2026-09-28,2026-09-28 14:23:46
PDR,PHİLLİP PORTFÖY SÜRDÜRÜLEBİLİRLİK SERBEST ÖZEL FON,Diğer / Belirsiz,VERIFY_ELIGIBILITY,Serbest fon; nitelikli yatırımcı / dağıtım kısıtı olabilir,True,2026-09-28,1.0156,-1.3561,-0.3952,-0.9609,-2.0139,1.98,-3.9939,3.4396,-13.8743,,11.6887,-3.389,-3.0496,2284239165.42,2.0,222,36.12,0.0,0.0,0.0,0.0,0.0,0.0,0.0,7.03,0.0,0.0,0.0,0.0,0.0,2026-09-28,2026-09-28,2026-09-28 14:23:46
PDS,PARDUS PORTFÖY DÖRDÜNCÜ SERBEST FON,Diğer / Belirsiz,VERIFY_ELIGIBILITY,Serbest fon; nitelikli yatırımcı / dağıtım kısıtı olabilir,True,2026-09-28,0.2481,0.9092,-24.9879,25.8971,-24.5399,-29.7675,5.2276,-52.502,2.8086,,72.5339,-59.6456,-55.0197,67000905.0,41.0,240,93.53,0.0,0.0,0.0,0.0,0.0,0.0,0.0,0.0,0.0,0.0,0.0,0.0,0.0,2026-09-28,2026-09-28,2026-09-28 14:23:46
PGE,PARDUS PORTFÖY GÜNEY HİSSE SENEDİ SERBEST FON (HİSSE SENEDİ YOĞUN FON),Hisse Senedi,VERIFY_ELIGIBILITY,Serbest fon; nitelikli yatırımcı / dağıtım kısıtı olabilir,True,2026-09-28,24.3223,-4.1958,-3.0609,-1.1349,-5.1202,8.4134,-13.5337,25.4514,113.8678,870.5011,10.8525,-7.9705,-7.9705,9822022891.47,45.0,302,73.59,0.0,0.0,0.0,0.0,0.0,0.0,0.0,5.44,0.0,0.0,0.0,0.0,0.0,2026-09-28,2026-09-28,2026-09-28 14:23:46
PGH,PUSULA PORTFÖY GÜNEY HİSSE SENEDİ SERBEST (TL) FON (HİSSE SENEDİ YOĞUN FON),Hisse Senedi,VERIFY_ELIGIBILITY,Serbest fon; nitelikli yatırımcı / dağıtım kısıtı olabilir,True,2026-09-28,0.8427,-41.1148,-41.9302,0.8154,-88.2609,-68.5414,-19.7195,-92.9369,-86.458,-71.9946,3.9799,-96.9238,-96.9238,1119386530.99,12.0,293,98.76,0.0,0.0,0.0,0.0,0.0,0.0,0.0,1.24,0.0,0.0,0.0,0.0,0.0,2026-09-28,2026-09-28,2026-09-28 14:23:46
PHB,PUSULA PORTFÖY BEŞİNCİ HİSSE SENEDİ SERBEST (TL) FON (HİSSE SENEDİ YOĞUN FON),Hisse Senedi,VERIFY_ELIGIBILITY,Serbest fon; nitelikli yatırımcı / dağıtım kısıtı olabilir,True,2026-09-28,0.3314,-44.8594,-44.2309,-0.6286,-89.2455,68.1608,-157.4064,-68.5906,-71.0306,-79.198,12.5606,-89.2455,-89.2455,1744245687.45,15.0,293,100.0,0.0,0.0,0.0,0.0,0.0,0.0,0.0,0.0,0.0,0.0,0.0,0.0,0.0,2026-09-28,2026-09-28,2026-09-28 14:23:46
PHF,PİRAMİT PORTFÖY BİST 50 DIŞI ŞİRKETLER HİSSE SENEDİ SERBEST FON (HİSSE SENEDİ YOĞUN FON),Hisse Senedi,VERIFY_ELIGIBILITY,Serbest fon; nitelikli yatırımcı / dağıtım kısıtı olabilir,True,2026-09-28,1.5442,2.1058,-3.3343,5.4401,15.6619,39.0227,-23.3608,68.2962,30.0177,,103.9191,-16.7789,-4.8256,212066406.3,230.0,209,92.47,0.0,0.0,0.0,0.0,0.0,0.0,0.0,6.31,0.0,0.0,0.0,0.0,0.0,2026-09-28,2026-09-28,2026-09-28 14:23:46
PHN,PUSULA PORTFÖY İKİNCİ HİSSE SENEDİ SERBEST FON (HİSSE SENEDİ YOĞUN FON),Hisse Senedi,VERIFY_ELIGIBILITY,Serbest fon; nitelikli yatırımcı / dağıtım kısıtı olabilir,True,2026-09-28,0.0,,-100.0,,-100.0,23.6006,-123.6006,-100.0,-100.0,-100.0,770.1779,-100.0,-100.0,0.0,18.0,329,98.38,0.0,0.0,0.0,0.0,0.0,0.0,0.0,0.0,0.0,0.0,0.0,0.0,0.0,2026-09-28,2026-09-28,2026-09-28 14:23:46
PHS,PERFORM PORTFÖY İKİNCİ HİSSE SENEDİ SERBEST FON (HİSSE SENEDİ YOĞUN FON),Hisse Senedi,VERIFY_ELIGIBILITY,Serbest fon; nitelikli yatırımcı / dağıtım kısıtı olabilir,True,2026-09-28,4.591,1.3008,-2.3985,3.6993,-1.859,9.6734,-11.5324,6.7619,21.9472,46.8808,25.9835,-7.1044,-1.8757,186344916.46,16.0,329,83.64,0.0,0.0,0.0,0.0,0.0,0.0,0.0,4.55,0.0,0.0,0.0,7.67,0.0,2026-09-28,2026-09-28,2026-09-28 14:23:46
PHY,PARDUS PORTFÖY BATI HİSSE SENEDİ SERBEST FON (HİSSE SENEDİ YOĞUN FON),Hisse Senedi,VERIFY_ELIGIBILITY,Serbest fon; nitelikli yatırımcı / dağıtım kısıtı olabilir,True,2026-09-28,2.8112,-25.7567,-28.5152,2.7585,-40.9135,-7.7025,-33.211,-49.1253,-57.532,21.826,90.0608,-53.9139,-49.7766,353249575.63,45.0,303,90.52,0.0,0.0,0.0,0.0,0.0,0.0,0.0,9.39,0.0,0.0,0.0,0.0,0.0,2026-09-28,2026-09-28,2026-09-28 14:23:46
PIS,PARDUS PORTFÖY İKİNCİ KISA VADELİ SERBEST (TL) FON,Diğer / Belirsiz,VERIFY_ELIGIBILITY,Serbest fon; nitelikli yatırımcı / dağıtım kısıtı olabilir,True,2026-09-28,1.5245,0.7773,0.811,-0.0337,3.2419,3.3796,-0.1376,10.5781,24.748,,1.5855,0.0,0.0,1298113817.92,187.0,240,0.0,0.0,0.0,0.0,0.0,0.0,1.36,0.0,0.0,0.0,0.0,0.0,0.0,0.0,2026-09-28,2026-09-28,2026-09-28 14:23:46
PJP,PERFORM PORTFÖY BİRİNCİ SERBEST (DÖVİZ) FON,Diğer / Belirsiz,VERIFY_ELIGIBILITY,Serbest fon; nitelikli yatırımcı / dağıtım kısıtı olabilir,True,2026-09-28,50.5145,-0.0068,-0.1965,0.1897,0.5561,2.2319,-1.6757,4.4063,13.0418,,1.8639,-0.313,-0.313,405745146.2,9.0,222,0.0,0.0,0.0,0.0,0.0,0.0,0.0,0.0,9.57,0.0,0.0,0.0,0.0,0.0,2026-09-28,2026-09-28,2026-09-28 14:23:46
PKD,PUSULA PORTFÖY İKİNCİ KATILIM HİSSE SENEDİ SERBEST FON (HİSSE SENEDİ YOĞUN FON),Hisse Senedi,VERIFY_ELIGIBILITY,Serbest fon; nitelikli yatırımcı / dağıtım kısıtı olabilir,True,2026-09-28,0.8766,-0.2255,-7.0746,6.8491,-10.7046,9.6152,-20.3198,-1.0731,3.098,10.52,20.9736,-12.1206,-11.2765,2602439.27,91.0,329,100.0,0.0,0.0,0.0,0.0,0.0,0.0,0.0,0.0,0.0,0.0,0.0,0.0,0.0,2026-09-28,2026-09-28,2026-09-28 14:23:46
PKH,DENİZ PORTFÖY POYRAZ KATILIM HİSSE SENEDİ SERBEST FON (HİSSE SENEDİ YOĞUN FON),Hisse Senedi,VERIFY_ELIGIBILITY,Serbest fon; nitelikli yatırımcı / dağıtım kısıtı olabilir,True,2026-09-28,0.52,-14.6165,-27.1913,12.5748,-42.9133,-0.6241,-42.2892,-49.4584,-45.366,,107.6194,-52.3379,-52.117,72159703.65,10.0,222,100.0,0.0,0.0,0.0,0.0,0.0,0.0,0.0,0.0,0.0,0.0,0.0,0.0,0.0,2026-09-28,2026-09-28,2026-09-28 14:23:46
PKL,PUSULA PORTFÖY KATILIM SERBEST (TL) FON,Katılım,VERIFY_ELIGIBILITY,Serbest fon; nitelikli yatırımcı / dağıtım kısıtı olabilir,True,2026-09-28,2.5901,0.0917,0.5416,-0.4499,2.8593,2.7477,0.1116,8.9738,20.2348,45.8122,2.0647,0.0,0.0,4020254438.38,14.0,329,0.0,0.0,0.0,0.0,0.0,0.0,0.0,0.0,45.75,0.0,0.0,0.0,0.0,0.0,2026-09-28,2026-09-28,2026-09-28 14:23:46
PKN,PİRAMİT PORTFÖY İKİNCİ HİSSE SENEDİ SERBEST FON (HİSSE SENEDİ YOĞUN FON),Hisse Senedi,VERIFY_ELIGIBILITY,Serbest fon; nitelikli yatırımcı / dağıtım kısıtı olabilir,True,2026-09-28,2.5743,2.5305,-6.8427,9.3733,-5.8199,7.0111,-12.831,8.1286,48.2398,133.3935,23.1223,-10.6731,-5.8199,31808363.5,10.0,280,86.12,0.0,0.0,0.0,0.0,0.0,0.0,0.0,4.55,0.0,0.0,0.0,0.0,0.0,2026-09-28,2026-09-28,2026-09-28 14:23:46
PKU,PARDUS PORTFÖY KUZEY HİSSE SENEDİ SERBEST FON (HİSSE SENEDİ YOĞUN FON),Hisse Senedi,VERIFY_ELIGIBILITY,Serbest fon; nitelikli yatırımcı / dağıtım kısıtı olabilir,True,2026-09-28,7.4269,-33.6786,-20.3682,-13.3104,-52.2998,17.5922,-69.8919,-23.2386,42.9785,554.4626,66.0008,-52.2998,-52.2998,4052859266.53,45.0,300,80.14,0.0,0.0,0.0,0.0,0.0,0.0,0.0,18.17,0.0,0.0,0.0,0.0,0.0,2026-09-28,2026-09-28,2026-09-28 14:23:46
PKV,PARDUS PORTFÖY KISA VADELİ SERBEST (TL) FON,Diğer / Belirsiz,VERIFY_ELIGIBILITY,Serbest fon; nitelikli yatırımcı / dağıtım kısıtı olabilir,True,2026-09-28,2.1496,0.782,0.8234,-0.0414,3.279,3.3922,-0.1132,10.8198,25.2133,56.1584,1.6427,0.0,0.0,12646328729.02,2632.0,329,0.0,0.0,0.0,0.0,0.0,0.0,0.0,0.0,0.0,0.0,0.0,0.0,0.0,0.0,2026-09-28,2026-09-28,2026-09-28 14:23:46
PKZ,PUSULA PORTFÖY KUZEY HİSSE SENEDİ SERBEST (TL) FON (HİSSE SENEDİ YOĞUN FON),Hisse Senedi,VERIFY_ELIGIBILITY,Serbest fon; nitelikli yatırımcı / dağıtım kısıtı olabilir,True,2026-09-28,1.3419,-66.6497,-54.3519,-12.2978,-92.3372,52.1328,-144.47,-90.401,-68.1733,230.6498,141.6523,-92.3372,-92.3372,5714195492.76,17.0,329,97.96,0.0,0.0,0.0,0.0,0.0,0.0,0.0,2.04,0.0,0.0,0.0,0.0,0.0,2026-09-28,2026-09-28,2026-09-28 14:23:46
PLA,YAPI KREDİ PORTFÖY PLAY FON SEPETİ ÖZEL FONU,Fon Sepeti,VERIFY_ELIGIBILITY,Özel fon; erişim kısıtı olabilir,True,2026-09-28,1.3135,0.5857,0.9336,-0.3479,2.3312,3.142,-0.8108,8.3183,21.3197,,5.7114,-0.717,-0.1175,988862.89,119.0,181,0.0,0.0,0.0,0.0,0.0,0.0,0.0,0.0,100.0,0.0,0.0,0.0,0.0,0.0,2026-09-28,2026-09-28,2026-09-28 14:23:46
PLS,DENİZ PORTFÖY LARA SERBEST (DÖVİZ) ÖZEL FON,Diğer / Belirsiz,VERIFY_ELIGIBILITY,Serbest fon; nitelikli yatırımcı / dağıtım kısıtı olabilir,True,2026-09-28,26.9471,0.0951,-1.0554,1.1505,-0.1601,3.7167,-3.8768,2.2535,11.0531,24.261,7.1478,-2.1528,-1.0916,928987036.08,7.0,329,16.89,0.24,0.0,0.0,0.0,0.0,0.0,0.0,6.57,0.0,0.0,0.0,0.0,0.0,2026-09-28,2026-09-28,2026-09-28 14:23:46
PMG,İŞ PORTFÖY MG HİSSE SENEDİ ÖZEL FONU (HİSSE SENEDİ YOĞUN FON),Hisse Senedi,VERIFY_ELIGIBILITY,Özel fon; erişim kısıtı olabilir,True,2026-09-28,1.6056,0.169,-3.525,3.694,-1.7233,4.5965,-6.3198,0.6389,10.1372,22.9711,26.6888,-6.9207,-3.3619,1404414550.92,1.0,329,83.17,0.0,0.0,0.0,0.0,0.0,0.0,0.0,7.87,0.0,0.0,0.0,8.96,0.0,2026-09-28,2026-09-28,2026-09-28 14:23:46
PMH,PARDUS PORTFÖY MARMARA HİSSE SENEDİ SERBEST FON (HİSSE SENEDİ YOĞUN FON),Hisse Senedi,VERIFY_ELIGIBILITY,Serbest fon; nitelikli yatırımcı / dağıtım kısıtı olabilir,True,2026-09-28,0.0007,-67.3605,-48.6702,-18.6903,-86.578,-31.9579,-54.6202,-92.5982,-97.7175,,146.7412,-93.4692,-93.4692,8118.65,43.0,252,100.0,0.0,0.0,0.0,0.0,0.0,0.0,0.0,0.0,0.0,0.0,0.0,0.0,0.0,2026-09-28,2026-09-28,2026-09-28 14:23:46
PMP,PARDUS PORTFÖY MODEL PORTFÖY HİSSE SENEDİ SERBEST FON (HİSSE SENEDİ YOĞUN FON),Hisse Senedi,VERIFY_ELIGIBILITY,Serbest fon; nitelikli yatırımcı / dağıtım kısıtı olabilir,True,2026-09-28,0.6986,0.069,-8.8129,8.8819,-15.0964,-3.1977,-11.8987,-33.8367,-28.669,-45.2884,49.0355,-39.2898,-36.3223,10682106.19,347.0,329,100.0,0.0,0.0,0.0,0.0,0.0,0.0,0.0,0.0,0.0,0.0,0.0,0.0,0.0,2026-09-28,2026-09-28,2026-09-28 14:23:46
PO7,PARDUS PORTFÖY ONYEDİNCİ HİSSE SENEDİ SERBEST FON (HİSSE SENEDİ YOĞUN FON),Hisse Senedi,VERIFY_ELIGIBILITY,Serbest fon; nitelikli yatırımcı / dağıtım kısıtı olabilir,True,2026-09-28,1.067,4.0705,-0.7864,4.857,2.8945,3.8777,-0.9832,18.2717,39.3471,26.7192,21.5229,-7.8158,-1.1812,1614921925.5,43.0,329,80.68,0.0,0.0,0.0,0.0,0.0,0.0,0.0,0.0,0.0,0.0,0.0,0.0,0.0,2026-09-28,2026-09-28,2026-09-28 14:23:46
PO8,PARDUS PORTFÖY ONSEKİZİNCİ HİSSE SENEDİ SERBEST FON (HİSSE SENEDİ YOĞUN FON),Hisse Senedi,VERIFY_ELIGIBILITY,Serbest fon; nitelikli yatırımcı / dağıtım kısıtı olabilir,True,2026-09-28,2.7625,-0.2201,-0.8596,0.6394,-2.5754,7.1805,-9.7559,12.904,34.8623,79.376,27.7103,-9.6484,-6.6542,2454999.74,45.0,329,100.0,0.0,0.0,0.0,0.0,0.0,0.0,0.0,0.0,0.0,0.0,0.0,0.0,0.0,2026-09-28,2026-09-28,2026-09-28 14:23:46
PO9,PARDUS PORTFÖY ONDOKUZUNCU HİSSE SENEDİ SERBEST FON (HİSSE SENEDİ YOĞUN FON),Hisse Senedi,VERIFY_ELIGIBILITY,Serbest fon; nitelikli yatırımcı / dağıtım kısıtı olabilir,True,2026-09-28,0.4631,-12.0732,-23.4437,11.3704,-43.3857,6.4142,-49.7999,-36.9974,-43.7895,-67.3506,63.7658,-43.8947,-43.8947,125384976.78,126.0,329,100.0,0.0,0.0,0.0,0.0,0.0,0.0,0.0,0.0,0.0,0.0,0.0,0.0,0.0,2026-09-28,2026-09-28,2026-09-28 14:23:46
POB,PARDUS PORTFÖY ONBİRİNCİ HİSSE SENEDİ SERBEST (TL) FON (HİSSE SENEDİ YOĞUN FON),Hisse Senedi,VERIFY_ELIGIBILITY,Serbest fon; nitelikli yatırımcı / dağıtım kısıtı olabilir,True,2026-09-28,3.0152,-13.3424,-19.1094,5.767,-31.6828,15.7385,-47.4213,-45.5775,-37.0275,56.8084,50.8988,-46.9095,-46.3137,3120561179.6,42.0,329,90.99,0.0,0.0,0.0,0.0,0.0,0.0,0.0,0.0,0.0,0.0,0.0,0.0,0.0,2026-09-28,2026-09-28,2026-09-28 14:23:46
POD,DENİZ PORTFÖY ONBEŞİNCİ SERBEST (DÖVİZ-POUND) FON,Diğer / Belirsiz,VERIFY_ELIGIBILITY,Serbest fon; nitelikli yatırımcı / dağıtım kısıtı olabilir,True,2026-09-28,69.106,-0.5133,-0.6448,0.1315,-0.846,2.8954,-3.7414,4.8646,10.7802,19.8408,3.8968,-1.4417,-1.3464,3971861892.59,1368.0,329,0.0,0.0,0.0,0.0,0.0,0.0,0.0,0.0,0.01,0.0,0.0,0.0,19.47,0.0,2026-09-28,2026-09-28,2026-09-28 14:23:46
POF,PARDUS PORTFÖY ONALTINCI HİSSE SENEDİ SERBEST (TL) FON (HİSSE SENEDİ YOĞUN FON),Altın,VERIFY_ELIGIBILITY,Serbest fon; nitelikli yatırımcı / dağıtım kısıtı olabilir,True,2026-09-28,0.3721,-78.4465,-38.2486,-40.1979,-86.8001,-6.4929,-80.3072,-85.1298,-93.3469,-89.3578,199.0953,-89.6783,-89.6783,398581324.01,45.0,329,100.0,0.0,0.0,0.0,0.0,0.0,0.0,0.0,0.0,0.0,0.0,0.0,0.0,0.0,2026-09-28,2026-09-28,2026-09-28 14:23:46
POH,PİRAMİT PORTFÖY ÖZGÜN HİSSE SENEDİ SERBEST ÖZEL FON (HİSSE SENEDİ YOĞUN FON),Hisse Senedi,VERIFY_ELIGIBILITY,Serbest fon; nitelikli yatırımcı / dağıtım kısıtı olabilir,True,2026-09-28,0.9453,0.6476,-5.2321,5.8797,-5.9536,-3.8085,-2.145,-9.8999,-5.8287,14.5613,33.0058,-18.3981,-14.1513,1617805864.63,4.0,329,99.95,0.0,0.0,0.0,0.0,0.0,0.0,0.0,0.0,0.0,0.0,0.0,0.0,0.0,2026-09-28,2026-09-28,2026-09-28 14:23:46
POI,PARDUS PORTFÖY ONİKİNCİ HİSSE SENEDİ SERBEST (TL) FON (HİSSE SENEDİ YOĞUN FON),Hisse Senedi,VERIFY_ELIGIBILITY,Serbest fon; nitelikli yatırımcı / dağıtım kısıtı olabilir,True,2026-09-28,0.0357,-27.2596,-8.1552,-19.1044,-38.2111,-11.8359,-26.3752,-53.7799,-69.7817,-65.6613,78.1904,-56.3228,-56.3228,162626033.52,42.0,329,88.49,0.0,0.0,0.0,0.0,0.0,0.0,0.0,11.51,0.0,0.0,0.0,0.0,0.0,2026-09-28,2026-09-28,2026-09-28 14:23:46
POS,PARDUS PORTFÖY ONBEŞİNCİ HİSSE SENEDİ SERBEST (TL) FON (HİSSE SENEDİ YOĞUN FON),Hisse Senedi,VERIFY_ELIGIBILITY,Serbest fon; nitelikli yatırımcı / dağıtım kısıtı olabilir,True,2026-09-28,1.0794,-0.0373,-8.3013,8.264,-14.78,15.6,-30.38,0.815,6.4374,-18.5354,36.131,-20.3947,-17.7366,63974084.0,305.0,329,83.03,0.0,0.0,0.0,0.0,0.0,0.0,0.0,0.0,0.0,0.0,0.0,0.0,0.0,2026-09-28,2026-09-28,2026-09-28 14:23:46
POU,PARDUS PORTFÖY ONÜÇÜNCÜ HİSSE SENEDİ SERBEST (TL) FON (HİSSE SENEDİ YOĞUN FON),Hisse Senedi,VERIFY_ELIGIBILITY,Serbest fon; nitelikli yatırımcı / dağıtım kısıtı olabilir,True,2026-09-28,2.1301,-24.5932,-13.8987,-10.6945,-26.412,26.7094,-53.1214,-34.425,28.7495,342.6967,59.9468,-38.3655,-38.3655,5630559739.04,73.0,329,84.39,0.0,0.0,0.0,0.0,0.0,0.0,0.0,6.61,0.0,0.0,0.0,0.0,0.0,2026-09-28,2026-09-28,2026-09-28 14:23:46
PPD,PERFORM PORTFÖY HİSSE SENEDİ SERBEST FON (HİSSE SENEDİ YOĞUN FON),Hisse Senedi,VERIFY_ELIGIBILITY,Serbest fon; nitelikli yatırımcı / dağıtım kısıtı olabilir,True,2026-09-28,34.7851,0.7036,-3.6532,4.3568,-3.8479,8.7996,-12.6475,2.4175,14.744,43.8689,24.6875,-7.9001,-3.8479,2144971428.13,104.0,329,83.13,0.0,0.0,0.0,0.0,0.0,0.0,0.0,4.58,0.0,0.0,0.0,9.16,0.0,2026-09-28,2026-09-28,2026-09-28 14:23:46
PPE,PHİLLİP PORTFÖY SERBEST (DÖVİZ) FON,Diğer / Belirsiz,VERIFY_ELIGIBILITY,Serbest fon; nitelikli yatırımcı / dağıtım kısıtı olabilir,True,2026-09-28,63.1438,-0.0804,0.2485,-0.3289,-0.2102,2.7571,-2.9673,3.6977,12.2651,21.1952,3.7806,-0.8405,-0.8405,675089085.94,47.0,329,0.0,0.0,0.0,0.0,0.0,0.0,0.0,0.0,2.15,0.0,0.0,0.0,0.0,0.0,2026-09-28,2026-09-28,2026-09-28 14:23:46
PPF,AZİMUT PORTFÖY AKÇE SERBEST FON,Diğer / Belirsiz,VERIFY_ELIGIBILITY,Serbest fon; nitelikli yatırımcı / dağıtım kısıtı olabilir,True,2026-09-28,5.4208,0.7808,2.8686,-2.0878,3.353,3.7747,-0.4217,10.5763,22.3581,49.7145,15.7146,-2.7273,-0.2338,349638338.95,22.0,329,0.0,0.0,0.0,0.69,0.0,0.0,0.0,7.83,15.45,0.0,0.0,0.0,0.0,0.0,2026-09-28,2026-09-28,2026-09-28 14:23:46
PPM,PİRAMİT PORTFÖY MUTLAK GETİRİ HEDEFLİ HİSSE SENEDİ SERBEST FON (HİSSE SENEDİ YOĞUN FON),Hisse Senedi,VERIFY_ELIGIBILITY,Serbest fon; nitelikli yatırımcı / dağıtım kısıtı olabilir,True,2026-09-28,2.2504,0.5451,0.6953,-0.1502,2.3685,2.5018,-0.1333,7.7214,18.7066,42.2196,1.8709,-0.1729,0.0,120036512.07,104.0,329,91.6,0.0,0.0,0.0,0.0,0.0,0.0,0.0,0.0,0.0,0.0,0.0,0.0,0.0,2026-09-28,2026-09-28,2026-09-28 14:23:46
PPO,PARDUS PORTFÖY ONDÖRDÜNCÜ HİSSE SENEDİ SERBEST (TL) FON (HİSSE SENEDİ YOĞUN FON),Hisse Senedi,VERIFY_ELIGIBILITY,Serbest fon; nitelikli yatırımcı / dağıtım kısıtı olabilir,True,2026-09-28,0.7364,-40.8684,-46.8948,6.0264,-76.6857,18.4344,-95.1201,-73.7669,-41.7503,-73.0255,139.3976,-78.8195,-78.8195,45054738.03,44.0,329,100.0,0.0,0.0,0.0,0.0,0.0,0.0,0.0,0.0,0.0,0.0,0.0,0.0,0.0,2026-09-28,2026-09-28,2026-09-28 14:23:46
PPS,PHİLLİP PORTFÖY BİRİNCİ SERBEST FON,Diğer / Belirsiz,VERIFY_ELIGIBILITY,Serbest fon; nitelikli yatırımcı / dağıtım kısıtı olabilir,True,2026-09-28,3.4783,-14.4905,-0.8045,-13.686,-0.2112,-3.3556,3.1444,19.1755,-21.0843,4.6961,74.7096,-21.3692,-20.305,795147632.75,1648.0,329,0.0,44.42,0.0,16.17,0.0,0.0,0.0,0.0,34.07,0.0,0.0,0.0,0.0,0.0,2026-09-28,2026-09-28,2026-09-28 14:23:46
PPU,PARDUS PORTFÖY ÜÇÜNCÜ SERBEST FON,Diğer / Belirsiz,VERIFY_ELIGIBILITY,Serbest fon; nitelikli yatırımcı / dağıtım kısıtı olabilir,True,2026-09-28,1.3804,-6.5184,-14.5737,8.0553,-25.7811,3.8191,-29.6002,-21.5238,-39.4078,-50.8531,106.9281,-42.8039,-30.9011,155868798.91,44.0,329,100.0,0.0,0.0,0.0,0.0,0.0,0.0,0.0,0.0,0.0,0.0,0.0,0.0,0.0,2026-09-28,2026-09-28,2026-09-28 14:23:46
PRF,AZİMUT PORTFÖY IRF SERBEST (DÖVİZ) ÖZEL FON,Diğer / Belirsiz,VERIFY_ELIGIBILITY,Serbest fon; nitelikli yatırımcı / dağıtım kısıtı olabilir,True,2026-09-28,69.7889,0.1481,-0.1678,0.3159,0.699,2.1669,-1.4679,4.1394,20.3894,35.3858,1.62,-0.2808,-0.1331,202736606.43,2.0,329,0.0,0.0,0.0,0.0,0.0,0.0,0.0,0.0,80.43,0.0,0.0,0.0,0.0,0.0,2026-09-28,2026-09-28,2026-09-28 14:23:46
PRU,ALLBATROSS PORTFÖY KISA VADELİ SERBEST (TL) FON,Diğer / Belirsiz,VERIFY_ELIGIBILITY,Serbest fon; nitelikli yatırımcı / dağıtım kısıtı olabilir,True,2026-09-28,3.8336,0.8616,0.7916,0.0699,3.4019,3.5264,-0.1245,11.3012,26.4822,59.2453,1.6423,0.0,0.0,2163378315.65,806.0,329,0.0,0.0,0.0,0.0,0.0,0.0,0.0,1.42,0.0,0.0,0.0,0.0,0.0,0.0,2026-09-28,2026-09-28,2026-09-28 14:23:46
PSD,İŞ PORTFÖY PERAS SERBEST (DÖVİZ) ÖZEL FON,Diğer / Belirsiz,VERIFY_ELIGIBILITY,Serbest fon; nitelikli yatırımcı / dağıtım kısıtı olabilir,True,2026-09-28,54.13,-0.1898,-0.2975,0.1077,-0.0304,2.487,-2.5174,4.0317,12.5128,21.8285,2.1004,-0.6435,-0.6435,2758581347.37,1.0,329,0.0,0.0,0.0,0.0,0.0,0.0,0.0,0.0,0.12,0.0,0.0,0.0,0.0,0.0,2026-09-28,2026-09-28,2026-09-28 14:23:46
PSG,AZİMUT PORTFÖY 9.0 SERBEST FON,Diğer / Belirsiz,VERIFY_ELIGIBILITY,Serbest fon; nitelikli yatırımcı / dağıtım kısıtı olabilir,True,2026-09-28,9.1566,0.7487,-0.4187,1.1674,1.4344,3.584,-2.1496,6.271,5.3646,-20.3326,5.0799,-1.2713,-0.3217,435863618.6,16.0,329,4.2,0.0,0.0,0.0,0.0,0.0,10.77,0.0,199.23,0.0,0.0,0.0,0.0,0.0,2026-09-28,2026-09-28,2026-09-28 14:23:46
PSL,AZİMUT PORTFÖY 8.0 SERBEST FON,Diğer / Belirsiz,VERIFY_ELIGIBILITY,Serbest fon; nitelikli yatırımcı / dağıtım kısıtı olabilir,True,2026-09-28,8.7165,0.3528,0.6256,-0.2728,2.0158,1.78,0.2358,6.9289,14.9905,29.6129,1.2456,-0.1727,0.0,204692251.83,44.0,329,0.0,0.0,0.0,0.0,0.0,0.0,0.0,0.0,84.34,0.0,0.0,0.0,0.0,0.0,2026-09-28,2026-09-28,2026-09-28 14:23:46
PSO,İŞ PORTFÖY PERAS SERBEST ÖZEL FON,Diğer / Belirsiz,VERIFY_ELIGIBILITY,Serbest fon; nitelikli yatırımcı / dağıtım kısıtı olabilir,True,2026-09-28,0.4469,0.149,-1.8577,2.0067,0.2173,5.6857,-5.4684,6.6776,14.7671,26.5298,16.3948,-4.285,-1.7114,914432890.9,1.0,329,51.99,0.0,0.0,0.0,0.0,0.0,0.0,0.0,10.08,0.0,0.0,0.0,0.01,0.0,2026-09-28,2026-09-28,2026-09-28 14:23:46
PSR,PARDUS PORTFÖY SANAYİ ŞİRKETLERİ HİSSE SENEDİ SERBEST FON (HİSSE SENEDİ YOĞUN FON),Hisse Senedi,VERIFY_ELIGIBILITY,Serbest fon; nitelikli yatırımcı / dağıtım kısıtı olabilir,True,2026-09-28,1.9568,-7.6531,-26.1662,18.5131,-39.061,8.1961,-47.257,-43.1806,-56.6813,1.6273,51.9464,-47.0358,-46.8963,812342419.05,45.0,329,91.67,0.0,0.0,0.0,0.0,0.0,0.0,0.0,7.98,0.0,0.0,0.0,0.0,0.0,2026-09-28,2026-09-28,2026-09-28 14:23:46
PSS,AZİMUT PORTFÖY SARAY SERBEST FON,Diğer / Belirsiz,VERIFY_ELIGIBILITY,Serbest fon; nitelikli yatırımcı / dağıtım kısıtı olabilir,True,2026-09-28,6.2325,0.677,0.6744,0.0027,2.7579,2.9225,-0.1645,9.2261,20.7835,44.4457,1.2715,0.0,0.0,122699784.09,11.0,329,0.0,0.0,0.0,0.0,0.0,0.0,0.0,0.0,0.0,0.0,0.0,0.0,0.0,0.0,2026-09-28,2026-09-28,2026-09-28 14:23:46
PST,PARDUS PORTFÖY SANAYİ SEKTÖRÜ DIŞI ŞİRKETLER HİSSE SENEDİ SERBEST FON (HİSSE SENEDİ YOĞUN FON),Hisse Senedi,VERIFY_ELIGIBILITY,Serbest fon; nitelikli yatırımcı / dağıtım kısıtı olabilir,True,2026-09-28,0.0025,-39.2343,-49.3829,10.1485,-78.2813,-57.4958,-20.7855,-92.0218,-87.3938,-99.577,175.578,-92.8345,-92.27,10520423.67,48.0,295,100.0,0.0,0.0,0.0,0.0,0.0,0.0,0.0,0.0,0.0,0.0,0.0,0.0,0.0,2026-09-28,2026-09-28,2026-09-28 14:23:46
PTC,PERFORM PORTFÖY İKİNCİ SERBEST (DÖVİZ) FON,Diğer / Belirsiz,VERIFY_ELIGIBILITY,Serbest fon; nitelikli yatırımcı / dağıtım kısıtı olabilir,True,2026-09-28,66.7583,0.0969,-0.12,0.2169,0.6646,2.3232,-1.6587,4.531,12.4339,23.7903,1.6607,-0.2199,-0.2199,1067830950.19,53.0,329,0.0,0.0,0.0,0.0,0.0,0.0,0.0,0.0,10.67,0.0,0.0,0.0,0.0,0.0,2026-09-28,2026-09-28,2026-09-28 14:23:46
PTF,QNB PORTFÖY TREND SERBEST FON,Diğer / Belirsiz,VERIFY_ELIGIBILITY,Serbest fon; nitelikli yatırımcı / dağıtım kısıtı olabilir,True,2026-09-28,1.4886,0.5569,0.6346,-0.0777,1.7856,4.1112,-2.3256,7.9006,17.4177,41.7836,2.3499,-0.3013,0.0,808413408.39,260.0,285,10.16,6.36,0.0,0.0,0.0,0.0,10.49,0.0,9.31,0.0,0.0,0.0,4.83,0.0,2026-09-28,2026-09-28,2026-09-28 14:23:46
PTG,AZİMUT PORTFÖY KZY SERBEST (DÖVİZ) ÖZEL FON,Diğer / Belirsiz,VERIFY_ELIGIBILITY,Serbest fon; nitelikli yatırımcı / dağıtım kısıtı olabilir,True,2026-09-28,64.8728,0.0537,-0.3161,0.3698,0.2525,3.2973,-3.0448,4.9932,14.8983,26.5059,2.3702,-0.3939,-0.3326,118068524.54,1.0,329,0.0,0.0,0.0,0.0,0.0,0.0,0.0,0.0,91.55,0.0,0.0,0.0,0.0,0.0,2026-09-28,2026-09-28,2026-09-28 14:23:46
PUA,AZİMUT PORTFÖY ADEMİR SERBEST (TL) ÖZEL FON,Diğer / Belirsiz,VERIFY_ELIGIBILITY,Serbest fon; nitelikli yatırımcı / dağıtım kısıtı olabilir,True,2026-09-28,10.083,1.0519,-2.949,4.0009,-0.725,7.2198,-7.9448,6.1466,18.1922,43.0827,20.2987,-5.4832,-1.9282,5013982721.64,1.0,329,54.33,0.0,0.0,0.0,0.0,0.0,1.74,2.03,23.09,0.0,0.0,0.0,0.0,0.0,2026-09-28,2026-09-28,2026-09-28 14:23:46
PUC,AK PORTFÖY BİRİNCİ KISA VADELİ SERBEST (TL)  FON,Diğer / Belirsiz,VERIFY_ELIGIBILITY,Serbest fon; nitelikli yatırımcı / dağıtım kısıtı olabilir,True,2026-09-28,7.6773,0.6761,0.6838,-0.0078,2.825,3.053,-0.228,9.6024,22.2255,47.7668,1.292,0.0,0.0,6360886223.96,800.0,329,0.0,0.0,0.0,0.0,0.0,0.0,0.0,5.28,0.0,0.0,0.0,0.0,76.1,0.0,2026-09-28,2026-09-28,2026-09-28 14:23:46
PUH,PERFORM PORTFÖY ÜÇÜNCÜ HİSSE SENEDİ SERBEST (TL) FON (HİSSE SENEDİ YOĞUN FON),Hisse Senedi,VERIFY_ELIGIBILITY,Serbest fon; nitelikli yatırımcı / dağıtım kısıtı olabilir,True,2026-09-28,1.6295,1.1856,-3.2093,4.3949,-2.9428,8.3155,-11.2583,3.3705,18.9193,46.2243,22.6132,-6.6616,-2.9428,444153390.65,24.0,304,85.78,0.0,0.0,0.0,0.0,0.0,0.0,0.0,4.38,0.0,0.0,0.0,6.7,0.0,2026-09-28,2026-09-28,2026-09-28 14:23:46
PUT,AK PORTFÖY ÖPY BEŞİNCİ SERBEST ÖZEL FON,Diğer / Belirsiz,VERIFY_ELIGIBILITY,Serbest fon; nitelikli yatırımcı / dağıtım kısıtı olabilir,True,2026-09-28,8.2044,0.4414,0.3593,0.082,0.9726,4.829,-3.8564,7.8116,15.0092,40.5785,4.473,-0.836,0.0,7201693072.22,1.0,329,0.0,0.0,0.0,0.0,0.0,0.0,7.71,0.15,3.66,15.86,0.0,0.0,0.0,0.0,2026-09-28,2026-09-28,2026-09-28 14:23:46
PUV,AK PORTFÖY PRUVA SERBEST (DÖVİZ) ÖZEL FON,Diğer / Belirsiz,VERIFY_ELIGIBILITY,Serbest fon; nitelikli yatırımcı / dağıtım kısıtı olabilir,True,2026-09-28,58.379,0.1426,0.3051,-0.1625,1.4351,2.4941,-1.0589,5.7022,12.7731,,1.9835,-0.2971,-0.1627,1246382250.28,1.0,223,0.0,4.57,0.0,0.0,0.0,0.0,0.0,0.0,0.0,0.0,0.0,0.0,0.0,0.0,2026-09-28,2026-09-28,2026-09-28 14:23:46
PVK,ALBARAKA PORTFÖY KISA VADELİ KATILIM SERBEST (TL) FON,Katılım,VERIFY_ELIGIBILITY,Serbest fon; nitelikli yatırımcı / dağıtım kısıtı olabilir,True,2026-09-28,5.9873,0.6678,0.6721,-0.0043,2.7266,2.8341,-0.1076,8.9778,20.4263,43.8355,1.2497,0.0,0.0,39162310215.02,8207.0,329,0.0,0.0,0.0,0.0,0.0,0.0,0.0,0.0,0.0,0.0,0.0,0.0,0.0,0.0,2026-09-28,2026-09-28,2026-09-28 14:23:46
PYD,PARDUS PORTFÖY YİRMİBİRİNCİ HİSSE SENEDİ SERBEST FON (HİSSE SENEDİ YOĞUN FON),Hisse Senedi,VERIFY_ELIGIBILITY,Serbest fon; nitelikli yatırımcı / dağıtım kısıtı olabilir,True,2026-09-28,0.139,-3.6178,-11.8001,8.1823,-45.4379,-8.1681,-37.2698,-59.5171,-80.4708,-85.6632,188.6641,-80.0406,-74.8707,25378687.82,44.0,254,,,,,,,,,,,,,,,2026-09-28,2026-09-28,2026-09-28 14:23:46
PYF,AZİMUT PORTFÖY YONCA SERBEST ÖZEL FON,Diğer / Belirsiz,VERIFY_ELIGIBILITY,Serbest fon; nitelikli yatırımcı / dağıtım kısıtı olabilir,True,2026-09-28,10.9433,0.6504,0.5837,0.0668,2.6357,3.4221,-0.7864,9.1994,22.3026,47.6826,1.5436,-0.1191,0.0,2154785849.84,10.0,329,2.52,0.0,0.0,0.0,2.48,0.0,5.46,0.0,0.15,0.0,0.0,0.0,89.35,0.0,2026-09-28,2026-09-28,2026-09-28 14:23:46
PYH,AZİMUT PORTFÖY 10.0 KATILIM SERBEST FON,Katılım,VERIFY_ELIGIBILITY,Serbest fon; nitelikli yatırımcı / dağıtım kısıtı olabilir,True,2026-09-28,6.2098,-6.2103,-3.0166,-3.1936,-10.3473,-0.7967,-9.5507,-15.5156,-17.8454,-0.2328,21.6366,-18.9216,-18.9216,3837020097.69,11.0,329,46.41,0.0,0.0,0.0,1.52,0.0,0.0,0.0,6.48,0.04,0.0,0.0,0.0,0.0,2026-09-28,2026-09-28,2026-09-28 14:23:46
PYI,PARDUS PORTFÖY YİRMİİKİNCİ HİSSE SENEDİ SERBEST FON (HİSSE SENEDİ YOĞUN FON),Hisse Senedi,VERIFY_ELIGIBILITY,Serbest fon; nitelikli yatırımcı / dağıtım kısıtı olabilir,True,2026-09-28,1.0525,-50.4781,-46.395,-4.0831,-90.8946,6.628,-97.5226,-87.077,-67.8047,7.986,67.052,-93.8758,-93.8758,269026505.77,44.0,254,100.0,0.0,0.0,0.0,0.0,0.0,0.0,0.0,0.0,0.0,0.0,0.0,0.0,0.0,2026-09-28,2026-09-28,2026-09-28 14:23:46
PYL,AZİMUT PORTFÖY 11.0 SERBEST FON,Diğer / Belirsiz,VERIFY_ELIGIBILITY,Serbest fon; nitelikli yatırımcı / dağıtım kısıtı olabilir,True,2026-09-28,9.6022,0.6122,-2.2971,2.9093,-1.1002,1.2038,-2.304,0.5452,17.8563,21.6762,19.5018,-5.635,-1.9428,557519831.46,33.0,329,48.77,0.0,0.0,0.0,2.65,0.0,0.0,0.0,13.73,0.0,0.0,0.0,9.52,0.0,2026-09-28,2026-09-28,2026-09-28 14:23:46
PYR,PARDUS PORTFÖY YİRMİNCİ HİSSE SENEDİ SERBEST FON (HİSSE SENEDİ YOĞUN FON),Hisse Senedi,VERIFY_ELIGIBILITY,Serbest fon; nitelikli yatırımcı / dağıtım kısıtı olabilir,True,2026-09-28,1.1151,0.7996,-8.4551,9.2547,-19.3725,-1.5671,-17.8054,-36.1727,-37.3202,-45.2417,48.9542,-41.0318,-38.2898,47837158.7,998.0,329,94.33,0.0,0.0,0.0,0.0,0.0,0.0,0.0,0.0,0.0,0.0,0.0,0.0,0.0,2026-09-28,2026-09-28,2026-09-28 14:23:46
PYS,YAPI KREDİ PORTFÖY PY HARBİYE SERBEST (DÖVİZ) ÖZEL FON,Diğer / Belirsiz,VERIFY_ELIGIBILITY,Serbest fon; nitelikli yatırımcı / dağıtım kısıtı olabilir,True,2026-09-28,60.4122,0.0649,-0.0249,0.0898,0.6253,2.1527,-1.5273,4.5496,12.9591,22.2284,1.5373,-0.1912,-0.1883,1089132152.04,42.0,329,0.0,0.0,0.0,0.0,0.0,0.0,0.0,0.0,4.97,0.0,0.0,0.0,0.0,0.0,2026-09-28,2026-09-28,2026-09-28 14:23:46
RAF,ROTA PORTFÖY ALTINCI SERBEST FON,Altın,VERIFY_ELIGIBILITY,Serbest fon; nitelikli yatırımcı / dağıtım kısıtı olabilir,True,2026-09-28,3.8219,1.1847,-3.2284,4.4131,-0.6239,6.4343,-7.0581,8.6513,16.7199,50.6006,22.228,-5.5977,-2.082,82747743.01,13.0,329,55.34,0.0,0.0,0.0,0.0,0.0,0.0,0.0,4.59,0.0,0.0,0.0,0.0,0.0,2026-09-28,2026-09-28,2026-09-28 14:23:46
RAI,ROTA PORTFÖY ABİS HİSSE SENEDİ SERBEST ÖZEL FON (HİSSE SENEDİ YOĞUN FON),Hisse Senedi,VERIFY_ELIGIBILITY,Serbest fon; nitelikli yatırımcı / dağıtım kısıtı olabilir,True,2026-09-28,2.0003,1.8873,-8.2234,10.1107,-7.8861,4.0882,-11.9743,-13.5604,9.7553,81.0684,36.5032,-19.0924,-16.698,5223272202.54,1.0,329,100.0,0.0,0.0,0.0,0.0,0.0,0.0,0.0,0.0,0.0,0.0,0.0,0.0,0.0,2026-09-28,2026-09-28,2026-09-28 14:23:46
RAN,İŞ PORTFÖY RANA SERBEST (DÖVİZ) ÖZEL FON,Diğer / Belirsiz,VERIFY_ELIGIBILITY,Serbest fon; nitelikli yatırımcı / dağıtım kısıtı olabilir,True,2026-09-28,59.7821,0.2022,0.0238,0.1784,0.9197,2.6711,-1.7513,5.4982,14.4362,25.8421,1.6464,-0.1746,-0.1473,1110855628.5,1.0,329,0.0,0.0,0.0,0.0,0.0,0.0,0.0,0.0,21.69,0.0,0.0,0.0,0.0,0.0,2026-09-28,2026-09-28,2026-09-28 14:23:46
RAV,ROTA PORTFÖY ALEV SERBEST FON,Diğer / Belirsiz,VERIFY_ELIGIBILITY,Serbest fon; nitelikli yatırımcı / dağıtım kısıtı olabilir,True,2026-09-28,1.5567,0.2836,-0.9643,1.2479,-0.037,6.0862,-6.1231,4.4344,28.7214,44.6847,12.4367,-3.1306,-1.1265,1144718052.08,12.0,280,0.0,0.0,0.0,0.0,0.0,0.0,40.83,0.0,37.45,0.0,0.0,0.0,0.0,0.0,2026-09-28,2026-09-28,2026-09-28 14:23:46
RAY,ROTA PORTFÖY RAY SİGORTA SERBEST (TL) ÖZEL FON,Diğer / Belirsiz,VERIFY_ELIGIBILITY,Serbest fon; nitelikli yatırımcı / dağıtım kısıtı olabilir,True,2026-09-28,4.3145,0.7192,0.7373,-0.018,3.0129,3.08,-0.0672,9.8286,21.9557,46.6515,1.3707,0.0,0.0,1884529314.22,1.0,329,0.0,0.0,0.0,0.0,0.0,0.0,0.0,0.0,0.0,0.0,0.0,0.0,0.0,0.0,2026-09-28,2026-09-28,2026-09-28 14:23:46
RBE,ROTA PORTFÖY BEŞİNCİ SERBEST (TL) FON,Diğer / Belirsiz,VERIFY_ELIGIBILITY,Serbest fon; nitelikli yatırımcı / dağıtım kısıtı olabilir,True,2026-09-28,4.44,0.692,0.6918,0.0001,2.8036,2.9857,-0.1821,9.455,21.8969,47.0813,1.2871,0.0,0.0,3116409872.16,15.0,329,0.0,0.0,0.0,0.0,0.0,0.0,0.0,0.0,0.0,0.0,0.0,0.0,0.0,0.0,2026-09-28,2026-09-28,2026-09-28 14:23:46
RBI,RE-PIE PORTFÖY BİRİNCİ SERBEST (DÖVİZ) FON,Diğer / Belirsiz,VERIFY_ELIGIBILITY,Serbest fon; nitelikli yatırımcı / dağıtım kısıtı olabilir,True,2026-09-28,61.1293,-0.1129,-0.2496,0.1366,8.4725,1.8416,6.6309,9.0387,16.1145,26.124,31.8584,-2.1494,-0.6112,56042650.98,85.0,329,0.0,0.0,0.0,0.0,0.0,0.0,0.0,0.0,3.28,0.0,0.0,0.0,0.0,0.0,2026-09-28,2026-09-28,2026-09-28 14:23:46
RBL,QNB PORTFÖY ROBOTİK VE BLOCKCHAİN TEKNOLOJİLERİ SERBEST FON,Teknoloji,VERIFY_ELIGIBILITY,Serbest fon; nitelikli yatırımcı / dağıtım kısıtı olabilir,True,2026-09-28,1.9443,3.5047,0.0081,3.4966,3.0125,9.3296,-6.3171,6.9554,37.7336,34.5373,20.6576,-7.5717,-0.884,231312172.53,745.0,329,6.9,79.4,0.0,0.0,0.0,0.0,0.0,0.0,11.13,0.0,0.0,0.0,2.19,0.0,2026-09-28,2026-09-28,2026-09-28 14:23:46
RBN,RE-PIE PORTFÖY BEŞİNCİ HİSSE SENEDİ SERBEST (TL) FON (HİSSE SENEDİ YOĞUN FON),Hisse Senedi,VERIFY_ELIGIBILITY,Serbest fon; nitelikli yatırımcı / dağıtım kısıtı olabilir,True,2026-09-28,1.4617,0.6086,-4.4411,5.0497,-4.8857,3.8098,-8.6955,-2.8318,6.4035,3.7918,27.1521,-8.5633,-4.8857,34725341.24,118.0,329,83.93,0.0,0.0,0.0,0.0,0.0,0.0,0.0,10.48,0.0,0.0,0.0,0.0,0.0,2026-09-28,2026-09-28,2026-09-28 14:23:46
RBR,RE-PIE  PORTFÖY BİRİNCİ KATILIM SERBEST FON,Katılım,VERIFY_ELIGIBILITY,Serbest fon; nitelikli yatırımcı / dağıtım kısıtı olabilir,True,2026-09-28,3.9506,-0.0214,-0.0981,0.0767,3.3488,4.5233,-1.1745,32.14,43.8858,72.1034,10.9038,-0.7951,-0.4327,34526805.3,565.0,329,0.0,0.0,0.0,0.0,0.0,0.0,0.0,0.0,22.85,0.0,0.0,0.0,0.0,0.0,2026-09-28,2026-09-28,2026-09-28 14:23:46
RCL,ROTA PORTFÖY CELO SERBEST (DÖVİZ) ÖZEL FON,Diğer / Belirsiz,VERIFY_ELIGIBILITY,Serbest fon; nitelikli yatırımcı / dağıtım kısıtı olabilir,True,2026-09-28,62.8418,0.2767,0.1566,0.1201,1.2593,2.1424,-0.8832,5.0595,12.697,22.9627,1.4222,-0.0849,-0.0849,168730853.4,1.0,329,0.0,0.0,0.0,0.0,0.0,0.0,7.34,0.0,48.49,0.0,0.0,0.0,0.0,0.0,2026-09-28,2026-09-28,2026-09-28 14:23:46
RCS,ROTA PORTFÖY CS SERBEST ÖZEL FON,Diğer / Belirsiz,VERIFY_ELIGIBILITY,Serbest fon; nitelikli yatırımcı / dağıtım kısıtı olabilir,True,2026-09-28,5.2498,0.6597,-4.8525,5.5122,0.468,7.6253,-7.1574,5.9137,-2.5243,-3.1798,37.4318,-8.3089,-4.2248,2410498.1,1.0,329,99.09,0.0,0.0,0.0,0.0,0.0,0.0,0.0,0.91,0.0,0.0,0.0,0.0,0.0,2026-09-28,2026-09-28,2026-09-28 14:23:46
RDF,ROTA PORTFÖY DOKUZUNCU HİSSE SENEDİ SERBEST FON (HİSSE SENEDİ YOĞUN FON),Hisse Senedi,VERIFY_ELIGIBILITY,Serbest fon; nitelikli yatırımcı / dağıtım kısıtı olabilir,True,2026-09-28,1.5643,1.3595,-7.9965,9.356,-4.9909,6.08,-11.0709,-6.8378,9.2259,46.8839,36.7679,-10.4893,-6.8378,277989963.28,440.0,329,98.58,0.0,0.0,0.0,0.0,0.0,0.0,0.0,0.0,0.0,0.0,0.0,1.08,0.0,2026-09-28,2026-09-28,2026-09-28 14:23:46
RDH,RE-PIE PORTFÖY DÖRDÜNCÜ HİSSE SENEDİ SERBEST (TL) FON (HİSSE SENEDİ YOĞUN FON),Hisse Senedi,VERIFY_ELIGIBILITY,Serbest fon; nitelikli yatırımcı / dağıtım kısıtı olabilir,True,2026-09-28,0.8244,-35.3204,-37.2221,1.9017,-80.3477,-25.9798,-54.3679,-81.9111,-71.757,-74.86,66.2532,-88.8783,-88.8783,215387173.34,17.0,329,84.69,0.0,0.0,0.0,0.0,0.0,0.0,0.0,0.34,0.0,0.0,0.0,0.0,0.0,2026-09-28,2026-09-28,2026-09-28 14:23:46
RDK,ROTA PORTFÖY ESİN HİSSE SENEDİ ÖZEL FON (HİSSE SENEDİ YOĞUN FON),Hisse Senedi,VERIFY_ELIGIBILITY,Özel fon; erişim kısıtı olabilir,True,2026-09-28,1.1409,0.6445,-5.838,6.4825,-4.2384,0.7012,-4.9396,-8.1927,-28.1596,-27.8557,31.1682,-11.7489,-8.3674,1224317.32,2.0,329,96.26,0.0,0.0,0.0,0.0,0.0,0.0,0.0,3.74,0.0,0.0,0.0,0.0,0.0,2026-09-28,2026-09-28,2026-09-28 14:23:46
RDS,ROTA PORTFÖY DÖRDÜNCÜ SERBEST (DÖVİZ) FON,Diğer / Belirsiz,VERIFY_ELIGIBILITY,Serbest fon; nitelikli yatırımcı / dağıtım kısıtı olabilir,True,2026-09-28,22.9263,0.5689,0.4219,0.147,1.8411,1.762,0.0791,,,-54.5392,1.2368,0.0,0.0,981209509.63,11.0,314,0.0,0.0,0.0,0.0,0.0,0.0,0.0,0.0,20.0,0.0,0.0,0.0,0.0,0.0,2026-09-28,2026-09-28,2026-09-28 14:23:46
RDT,PHİLLİP PORTFÖY RODOSTO SERBEST FON,Diğer / Belirsiz,VERIFY_ELIGIBILITY,Serbest fon; nitelikli yatırımcı / dağıtım kısıtı olabilir,True,2026-09-28,0.946,0.9962,1.2937,-0.2975,3.7685,3.4414,0.3271,8.7686,-5.8,-12.9734,14.9964,-2.5675,0.0,75291116.39,52.0,318,27.44,0.0,0.0,0.0,0.0,0.0,0.0,0.0,14.32,0.0,0.0,0.0,26.08,0.0,2026-09-28,2026-09-28,2026-09-28 14:23:46
RDZ,ROTA PORTFÖY ONDOKUZUNCU SERBEST (DÖVİZ) FON,Diğer / Belirsiz,VERIFY_ELIGIBILITY,Serbest fon; nitelikli yatırımcı / dağıtım kısıtı olabilir,True,2026-09-28,51.5041,0.4394,0.4457,-0.0062,1.783,1.8301,-0.0471,5.6174,12.3995,22.83,1.1589,0.0,0.0,680120303.1,108.0,329,0.0,0.0,0.0,0.0,0.0,0.0,0.0,0.0,0.95,0.0,0.0,0.0,0.0,0.0,2026-09-28,2026-09-28,2026-09-28 14:23:46
RE6,RE-PIE PORTFÖY ALTINCI HİSSE SENEDİ SERBEST (TL) FON (HİSSE SENEDİ YOĞUN FON),Altın,VERIFY_ELIGIBILITY,Serbest fon; nitelikli yatırımcı / dağıtım kısıtı olabilir,True,2026-09-28,0.8108,-21.2657,-4.674,-16.5917,-20.3844,-35.2628,14.8784,-28.5916,,,72.3945,-51.3421,-50.0589,4027484.22,11.0,98,,,,,,,,,,,,,,,2026-09-28,2026-09-28,2026-09-28 14:23:46
RE7,RE-PIE PORTFÖY YEDİNCİ HİSSE SENEDİ SERBEST (TL) FON (HİSSE SENEDİ YOĞUN FON),Hisse Senedi,VERIFY_ELIGIBILITY,Serbest fon; nitelikli yatırımcı / dağıtım kısıtı olabilir,True,2026-09-28,0.4986,-23.1707,-7.3962,-15.7745,-28.2523,-1.0851,-27.1672,-41.8557,-48.012,-39.8613,71.9092,-42.5971,-42.5971,69757.21,13.0,277,,,,,,,,,,,,,,,2026-09-28,2026-09-28,2026-09-28 14:23:46
RE8,RE-PIE PORTFÖY SEKİZİNCİ HİSSE SENEDİ SERBEST (TL) FON (HİSSE SENEDİ YOĞUN FON),Hisse Senedi,VERIFY_ELIGIBILITY,Serbest fon; nitelikli yatırımcı / dağıtım kısıtı olabilir,True,2026-09-28,1.8833,-14.5493,-26.4668,11.9175,-42.2947,-0.56,-41.7346,-48.7163,-44.5007,-2.6336,106.7137,-51.6539,-51.4272,339436698.99,13.0,294,100.0,0.0,0.0,0.0,0.0,0.0,0.0,0.0,0.0,0.0,0.0,0.0,0.0,0.0,2026-09-28,2026-09-28,2026-09-28 14:23:46
RGH,RE-PIE PORTFÖY MUTLAK GETİRİ HEDEFLİ HİSSE SENEDİ SERBEST FON (HİSSE SENEDİ YOĞUN FON),Hisse Senedi,VERIFY_ELIGIBILITY,Serbest fon; nitelikli yatırımcı / dağıtım kısıtı olabilir,True,2026-09-28,1.1619,-0.6709,1.3779,-2.0488,-0.1339,2.5173,-2.6512,5.0765,11.5647,,8.2387,-1.664,-1.2537,37695420.16,20.0,225,83.03,0.0,0.0,0.0,0.0,0.0,0.0,0.0,0.0,0.0,0.0,0.0,0.0,0.0,2026-09-28,2026-09-28,2026-09-28 14:23:46
RHD,ROTA PORTFÖY HEDEF SERBEST FON,Diğer / Belirsiz,VERIFY_ELIGIBILITY,Serbest fon; nitelikli yatırımcı / dağıtım kısıtı olabilir,True,2026-09-28,1.9154,0.7075,-5.0351,5.7426,-3.7245,6.4411,-10.1656,1.6004,12.4106,33.2821,16.6268,-5.4162,-4.747,138268382.14,12.0,329,63.59,4.6,0.0,0.0,0.0,0.0,0.0,0.0,11.1,2.93,0.0,0.0,9.94,0.0,2026-09-28,2026-09-28,2026-09-28 14:23:46
RIA,ROTA PORTFÖY İSTATİSTİKSEL ARBİTRAJ HİSSE SENEDİ SERBEST FON (HİSSE SENEDİ YOĞUN FON),Hisse Senedi,VERIFY_ELIGIBILITY,Serbest fon; nitelikli yatırımcı / dağıtım kısıtı olabilir,True,2026-09-28,1.4118,0.4327,0.6184,-0.1857,1.7662,2.1673,-0.4011,6.2795,15.4605,34.369,2.4644,-0.2811,0.0,11751803.98,38.0,308,80.19,0.0,0.0,0.0,0.0,0.0,0.0,0.0,0.0,0.0,0.0,0.0,0.0,0.0,2026-09-28,2026-09-28,2026-09-28 14:23:46
RIH,RE-PIE PORTFÖY İKİNCİ HİSSE SENEDİ SERBEST FON (HİSSE SENEDİ YOĞUN FON),Hisse Senedi,VERIFY_ELIGIBILITY,Serbest fon; nitelikli yatırımcı / dağıtım kısıtı olabilir,True,2026-09-28,5.4205,-33.4856,-20.2613,-13.2243,-58.6677,8.8684,-67.5361,-34.7937,-14.7714,-52.6505,81.2651,-58.6677,-58.6677,65529481.5,635.0,329,80.19,0.0,0.0,0.0,0.0,0.0,0.0,0.0,19.81,0.0,0.0,0.0,0.0,0.0,2026-09-28,2026-09-28,2026-09-28 14:23:46
RKH,RE-PIE PORTFÖY KATILIM HİSSE SENEDİ SERBEST (TL) FON (HİSSE SENEDİ YOĞUN FON),Hisse Senedi,VERIFY_ELIGIBILITY,Serbest fon; nitelikli yatırımcı / dağıtım kısıtı olabilir,True,2026-09-28,0.9749,-1.6735,-6.2506,4.5771,-11.3769,10.0908,-21.4677,-4.9387,7.0342,12.8858,24.7963,-11.4456,-11.3769,6679310.32,61.0,329,100.0,0.0,0.0,0.0,0.0,0.0,0.0,0.0,0.0,0.0,0.0,0.0,0.0,0.0,2026-09-28,2026-09-28,2026-09-28 14:23:46
RKL,AZİMUT PORTFÖY ALARKO YATIRIM BİRİNCİ SERBEST (TL) ÖZEL FON,Diğer / Belirsiz,VERIFY_ELIGIBILITY,Serbest fon; nitelikli yatırımcı / dağıtım kısıtı olabilir,True,2026-09-28,2.8216,0.797,-3.35,4.147,-1.6773,7.2217,-8.899,-4.2008,2.569,10.1647,39.5158,-10.7167,-4.2008,2208222549.71,1.0,329,98.26,0.0,0.0,0.0,0.0,0.0,0.0,0.0,1.74,0.0,0.0,0.0,0.0,0.0,2026-09-28,2026-09-28,2026-09-28 14:23:46
RKV,RE-PIE PORTFÖY KISA VADELİ KATILIM SERBEST (TL) FON,Katılım,VERIFY_ELIGIBILITY,Serbest fon; nitelikli yatırımcı / dağıtım kısıtı olabilir,True,2026-09-28,2.6981,0.6781,0.6806,-0.0025,2.7384,2.8954,-0.157,9.1886,20.8795,45.0251,1.2864,0.0,0.0,424176958.18,195.0,329,0.0,0.0,0.0,0.0,0.0,0.0,0.0,0.0,0.0,0.0,0.0,0.0,0.0,0.0,2026-09-28,2026-09-28,2026-09-28 14:23:46
RLH,ROTA PORTFÖY YİRMİNCİ SERBEST FON,Diğer / Belirsiz,VERIFY_ELIGIBILITY,Serbest fon; nitelikli yatırımcı / dağıtım kısıtı olabilir,True,2026-09-28,1.7471,0.7737,0.2608,0.5129,1.8695,4.0212,-2.1517,7.986,18.8822,47.1457,2.7239,-0.2534,0.0,262013543.95,35.0,329,-11.0,0.0,0.0,0.0,0.0,0.0,9.88,0.0,9.74,0.0,0.0,0.0,53.18,0.0,2026-09-28,2026-09-28,2026-09-28 14:23:46
ROD,ROTA PORTFÖY ODEABANK BİRİNCİ SERBEST (DÖVİZ) ÖZEL FON,Bankacılık / Finans,VERIFY_ELIGIBILITY,Serbest fon; nitelikli yatırımcı / dağıtım kısıtı olabilir,True,2026-09-28,57.0921,0.4215,0.4279,-0.0064,1.6895,1.7107,-0.0212,5.3436,11.8003,22.3575,1.1444,-0.1551,0.0,1646132280.59,579.0,329,0.0,0.0,0.0,0.0,0.0,0.0,0.0,0.0,0.37,0.0,0.0,0.0,0.0,0.0,2026-09-28,2026-09-28,2026-09-28 14:23:46
ROF,ROTA PORTFÖY ONUNCU HİSSE SENEDİ SERBEST FON (HİSSE SENEDİ YOĞUN FON),Hisse Senedi,VERIFY_ELIGIBILITY,Serbest fon; nitelikli yatırımcı / dağıtım kısıtı olabilir,True,2026-09-28,3.2147,1.5246,-7.6965,9.2212,-5.0808,8.5829,-13.6638,-7.9221,8.7438,77.0524,35.1917,-12.284,-7.9221,464689825.29,260.0,329,99.48,0.0,0.0,0.0,0.0,0.0,0.0,0.0,0.0,0.0,0.0,0.0,0.43,0.0,2026-09-28,2026-09-28,2026-09-28 14:23:46
ROY,ROTA PORTFÖY BİRİNCİ KATILIM SERBEST FON,Katılım,VERIFY_ELIGIBILITY,Serbest fon; nitelikli yatırımcı / dağıtım kısıtı olabilir,True,2026-09-28,1.4621,0.7442,0.7446,-0.0003,3.0321,3.1043,-0.0722,9.8593,20.6516,40.1122,1.3772,0.0,0.0,705852250.49,13.0,329,0.0,0.0,0.0,0.0,0.0,0.0,0.0,0.0,0.95,0.0,0.0,0.0,0.0,0.0,2026-09-28,2026-09-28,2026-09-28 14:23:46
RPE,ROTA PORTFÖY EGE SERBEST ÖZEL FON,Diğer / Belirsiz,VERIFY_ELIGIBILITY,Serbest fon; nitelikli yatırımcı / dağıtım kısıtı olabilir,True,2026-09-28,0.0,,,,,,,,,-100.0,356.7492,,,94.47,0.0,327,,,,,,,,,,,,,,,2026-09-28,2026-09-28,2026-09-28 14:23:46
RPK,ROTA PORTFÖY TGK KAR PAYI ÖDEYEN SERBEST (DÖVİZ) ÖZEL FON,Diğer / Belirsiz,VERIFY_ELIGIBILITY,Serbest fon; nitelikli yatırımcı / dağıtım kısıtı olabilir,True,2026-09-28,64.9771,0.1202,-0.0732,0.1934,0.8179,2.0151,-1.1973,4.1474,12.0466,22.4111,1.7305,-0.1809,-0.143,100926792.46,4.0,329,0.0,0.0,0.0,0.0,0.0,0.0,0.0,0.0,12.18,0.0,0.0,0.0,0.0,0.0,2026-09-28,2026-09-28,2026-09-28 14:23:46
RPL,RE-PIE PORTFÖY ALGORİTMİK STRATEJİLER SERBEST FON,Diğer / Belirsiz,VERIFY_ELIGIBILITY,Serbest fon; nitelikli yatırımcı / dağıtım kısıtı olabilir,True,2026-09-28,1.7099,-3.1916,-0.1145,-3.0771,-2.0552,2.1801,-4.2353,1.7505,13.5651,33.5764,9.9613,-3.5451,-3.5451,119768942.95,11.0,329,0.25,0.0,0.0,0.0,0.0,0.0,0.0,0.0,82.14,0.0,0.0,0.0,0.0,0.0,2026-09-28,2026-09-28,2026-09-28 14:23:46
RPN,ROTA PORTFÖY NEV SERBEST FON,Diğer / Belirsiz,VERIFY_ELIGIBILITY,Serbest fon; nitelikli yatırımcı / dağıtım kısıtı olabilir,True,2026-09-28,4.9016,-1.1423,-5.0882,3.946,-4.7791,-3.1877,-1.5914,-8.4753,0.5634,14.9175,26.5794,-11.9696,-10.7125,779644478.37,23.0,329,90.26,0.0,0.0,0.0,0.0,0.0,0.0,0.0,0.0,0.0,0.0,0.0,0.0,0.0,2026-09-28,2026-09-28,2026-09-28 14:23:46
RPO,ROTA PORTFÖY FORTİS SERBEST (TL) ÖZEL FON,Diğer / Belirsiz,VERIFY_ELIGIBILITY,Serbest fon; nitelikli yatırımcı / dağıtım kısıtı olabilir,True,2026-09-28,6.5481,0.8535,-3.464,4.3175,-1.8827,4.76,-6.6427,-0.1799,6.0141,21.3739,21.5885,-5.6742,-2.64,1591078464.9,3.0,329,58.31,0.0,0.0,0.0,0.0,0.0,0.0,0.0,21.19,0.0,0.0,0.0,0.0,0.0,2026-09-28,2026-09-28,2026-09-28 14:23:46
RPS,ROTA PORTFÖY BİRİNCİ SERBEST (DÖVİZ) FON,Diğer / Belirsiz,VERIFY_ELIGIBILITY,Serbest fon; nitelikli yatırımcı / dağıtım kısıtı olabilir,True,2026-09-28,64.2576,0.0222,-0.0949,0.1171,0.5638,1.8142,-1.2503,3.6712,9.9743,20.3898,1.4289,-0.2518,-0.2518,165003992.61,79.0,329,0.0,0.0,0.0,0.0,0.0,0.0,7.56,0.0,2.92,0.0,0.0,0.0,0.0,0.0,2026-09-28,2026-09-28,2026-09-28 14:23:46
RPT,ROTA PORTFÖY İKİNCİ SERBEST (TL) FON,Diğer / Belirsiz,VERIFY_ELIGIBILITY,Serbest fon; nitelikli yatırımcı / dağıtım kısıtı olabilir,True,2026-09-28,5.3399,0.6694,0.7057,-0.0362,2.5224,2.7224,-0.2,8.7735,20.9488,45.8007,0.8197,0.0,0.0,1190838116.57,136.0,329,5.06,0.0,0.0,0.0,0.0,0.0,0.09,4.57,7.75,0.0,0.0,0.0,0.0,0.0,2026-09-28,2026-09-28,2026-09-28 14:23:46
RPU,ALBARAKA PORTFÖY ÜÇÜNCÜ KISA VADELİ KATILIM SERBEST (TL) FON,Katılım,VERIFY_ELIGIBILITY,Serbest fon; nitelikli yatırımcı / dağıtım kısıtı olabilir,True,2026-09-28,3.8011,0.6601,0.6367,0.0234,2.7541,2.9034,-0.1494,9.1221,20.1651,43.7365,1.227,0.0,0.0,2741037565.18,12.0,329,0.0,0.0,0.0,0.0,0.0,0.0,0.0,0.0,0.0,0.0,0.0,0.0,0.0,0.0,2026-09-28,2026-09-28,2026-09-28 14:23:46
RPX,ROTA PORTFÖY ÜÇÜNCÜ SERBEST (DÖVİZ) FON,Diğer / Belirsiz,VERIFY_ELIGIBILITY,Serbest fon; nitelikli yatırımcı / dağıtım kısıtı olabilir,True,2026-09-28,64.3302,0.3625,0.3358,0.0268,1.5771,1.787,-0.2099,5.3149,11.6446,21.9808,1.202,-0.0342,0.0,638178639.03,103.0,329,0.0,0.0,0.0,0.0,0.0,0.0,0.0,0.0,0.0,0.0,0.0,0.0,0.0,0.0,2026-09-28,2026-09-28,2026-09-28 14:23:46
RS1,ROTA PORTFÖY BİRİNCİ KISA VADELİ SERBEST FON,Diğer / Belirsiz,VERIFY_ELIGIBILITY,Serbest fon; nitelikli yatırımcı / dağıtım kısıtı olabilir,True,2026-09-28,1.6797,0.7231,0.7325,-0.0094,2.9526,3.0382,-0.0855,9.697,22.4112,48.8563,1.3592,0.0,0.0,1015775791.29,118.0,322,0.0,0.0,0.0,0.0,0.0,0.0,0.0,2.71,0.0,0.0,0.0,0.0,19.74,0.0,2026-09-28,2026-09-28,2026-09-28 14:23:46
RSF,ATA PORTFÖY İKİNCİ İSTATİSTİKSEL ARBİTRAJ SERBEST FON,Diğer / Belirsiz,VERIFY_ELIGIBILITY,Serbest fon; nitelikli yatırımcı / dağıtım kısıtı olabilir,True,2026-09-28,4.5425,1.1205,0.5127,0.6077,2.855,2.792,0.063,8.6218,20.4392,43.2325,2.5457,-0.0994,0.0,87032570.41,12.0,329,94.34,0.0,0.0,0.0,0.0,0.0,0.0,0.0,0.0,0.0,0.0,0.0,0.0,0.0,2026-09-28,2026-09-28,2026-09-28 14:23:46
RSK,ROTA PORTFÖY ONSEKİZİNCİ SERBEST FON,Diğer / Belirsiz,VERIFY_ELIGIBILITY,Serbest fon; nitelikli yatırımcı / dağıtım kısıtı olabilir,True,2026-09-28,1.9015,3.9286,-6.866,10.7946,-2.6707,2.2229,-4.8937,4.7892,26.0269,73.7886,27.7224,-8.4673,-3.9518,208588959.52,132.0,329,53.21,0.0,0.0,0.0,0.0,0.0,11.82,0.0,1.18,0.0,0.0,0.0,7.18,0.0,2026-09-28,2026-09-28,2026-09-28 14:23:46
RSY,TACİRLER PORTFÖY REGULUS SERBEST FON,Diğer / Belirsiz,VERIFY_ELIGIBILITY,Serbest fon; nitelikli yatırımcı / dağıtım kısıtı olabilir,True,2026-09-28,1.0388,-0.3523,-4.0318,3.6794,-5.0446,7.1574,-12.202,-1.2589,16.0971,7.4486,22.0765,-7.1571,-5.0446,153159531.7,12.0,329,69.61,0.0,0.0,0.0,0.0,0.0,0.0,0.0,9.7,1.44,0.0,0.0,9.07,0.0,2026-09-28,2026-09-28,2026-09-28 14:23:46
RSZ,AHLATCI PORTFÖY İKİNCİ HİSSE SENEDİ SERBEST FON (HİSSE SENEDİ YOĞUN FON),Hisse Senedi,VERIFY_ELIGIBILITY,Serbest fon; nitelikli yatırımcı / dağıtım kısıtı olabilir,True,2026-09-28,1.9519,-35.3873,-38.798,3.4107,-81.7028,-25.1277,-56.5751,-82.8188,-59.2411,48.9498,65.1254,-89.5283,-89.5283,385903622.56,25.0,329,99.68,0.0,0.0,0.0,0.0,0.0,0.0,0.0,0.0,0.0,0.0,0.0,0.0,0.0,2026-09-28,2026-09-28,2026-09-28 14:23:46
RTA,ROTA PORTFÖY ONİKİNCİ HİSSE SENEDİ SERBEST FON (HİSSE SENEDİ YOĞUN FON),Hisse Senedi,VERIFY_ELIGIBILITY,Serbest fon; nitelikli yatırımcı / dağıtım kısıtı olabilir,True,2026-09-28,2.3448,-6.6823,1.8704,-8.5527,-4.6222,13.6502,-18.2724,3.4932,59.9543,51.8994,32.1034,-15.7722,-6.9324,4306250819.54,15.0,329,100.0,0.0,0.0,0.0,0.0,0.0,0.0,0.0,0.0,0.0,0.0,0.0,0.0,0.0,2026-09-28,2026-09-28,2026-09-28 14:23:46
RTB,ROTA PORTFÖY ONÜÇÜNCÜ SERBEST FON,Diğer / Belirsiz,VERIFY_ELIGIBILITY,Serbest fon; nitelikli yatırımcı / dağıtım kısıtı olabilir,True,2026-09-28,2.7882,0.6714,0.6772,-0.0058,2.7389,2.8795,-0.1405,9.1717,20.6601,44.0895,1.2499,0.0,0.0,507732950.11,13.0,329,0.0,0.0,0.0,0.0,0.0,0.0,0.0,0.0,0.0,0.0,0.0,0.0,0.0,0.0,2026-09-28,2026-09-28,2026-09-28 14:23:46
RTH,RE-PIE PORTFÖY BİRİNCİ HİSSE SENEDİ SERBEST FON (HİSSE SENEDİ YOĞUN FON),Hisse Senedi,VERIFY_ELIGIBILITY,Serbest fon; nitelikli yatırımcı / dağıtım kısıtı olabilir,True,2026-09-28,5.7339,-0.2693,-3.2649,2.9957,-5.4524,2.0528,-7.5051,-6.9336,1.2343,3.4602,28.5443,-9.4093,-6.9336,13402725.36,197.0,329,97.05,0.0,0.0,0.0,0.0,0.0,0.0,0.0,1.41,0.0,0.0,0.0,0.0,0.0,2026-09-28,2026-09-28,2026-09-28 14:23:46
RTI,ALBARAKA PORTFÖY ALBARAKA TÜRK İKİNCİ KISA VADELİ KATILIM SERBEST (TL) FON,Katılım,VERIFY_ELIGIBILITY,Serbest fon; nitelikli yatırımcı / dağıtım kısıtı olabilir,True,2026-09-28,3.5125,0.6907,0.6967,-0.006,2.8413,2.9539,-0.1127,9.3578,21.3807,45.6891,1.2991,0.0,0.0,60635104192.19,69.0,329,0.0,0.0,0.0,0.0,0.0,0.0,0.0,0.0,0.0,0.0,0.0,0.0,0.0,0.0,2026-09-28,2026-09-28,2026-09-28 14:23:46
RTP,RE-PIE PORTFÖY BİRİNCİ SERBEST FON,Diğer / Belirsiz,VERIFY_ELIGIBILITY,Serbest fon; nitelikli yatırımcı / dağıtım kısıtı olabilir,True,2026-09-28,10.6515,-12.3067,1.6488,-13.9555,-15.1927,0.1399,-15.3325,-18.3678,-12.5286,-1.7869,22.8649,-20.4167,-20.4167,280660110.06,901.0,329,17.28,0.0,0.0,0.0,0.0,0.0,0.0,0.0,4.32,0.0,0.0,0.0,0.0,0.0,2026-09-28,2026-09-28,2026-09-28 14:23:46
RUH,RE-PIE PORTFÖY ÜÇÜNCÜ HİSSE SENEDİ SERBEST FON (HİSSE SENEDİ YOĞUN FON),Hisse Senedi,VERIFY_ELIGIBILITY,Serbest fon; nitelikli yatırımcı / dağıtım kısıtı olabilir,True,2026-09-28,1.7807,-41.0485,-23.3332,-17.7154,-65.7496,4.8461,-70.5957,-49.5714,-22.1267,-16.9573,101.2158,-65.7496,-65.7496,18487600.26,17.0,329,100.0,0.0,0.0,0.0,0.0,0.0,0.0,0.0,0.0,0.0,0.0,0.0,0.0,0.0,2026-09-28,2026-09-28,2026-09-28 14:23:46
RVI,ROTA PORTFÖY ONALTINCI SERBEST FON,Altın,VERIFY_ELIGIBILITY,Serbest fon; nitelikli yatırımcı / dağıtım kısıtı olabilir,True,2026-09-28,1.1194,3.6524,-11.0111,14.6635,-20.9914,16.2199,-37.2113,-11.7194,-9.1477,2.7693,48.3581,-24.716,-20.9914,35163512.37,11.0,329,78.21,0.0,0.0,0.0,0.0,0.0,0.0,0.0,7.03,0.0,0.0,0.0,0.0,0.0,2026-09-28,2026-09-28,2026-09-28 14:23:46
RVS,ROTA PORTFÖY ONBEŞİNCİ HİSSE SENEDİ SERBEST FON (HİSSE SENEDİ YOĞUN FON),Hisse Senedi,VERIFY_ELIGIBILITY,Serbest fon; nitelikli yatırımcı / dağıtım kısıtı olabilir,True,2026-09-28,4.145,5.6815,3.7807,1.9008,22.3729,11.6377,10.7352,25.345,77.2977,36.0947,41.9359,-15.7803,0.0,5414195892.05,19.0,329,99.95,0.0,0.0,0.0,0.0,0.0,0.0,0.0,0.05,0.0,0.0,0.0,0.0,0.0,2026-09-28,2026-09-28,2026-09-28 14:23:46
RYA,SPARTA PORTFÖY ARYA HİSSE SENEDİ SERBEST ÖZEL FON (HİSSE SENEDİ YOĞUN FON),Hisse Senedi,VERIFY_ELIGIBILITY,Serbest fon; nitelikli yatırımcı / dağıtım kısıtı olabilir,True,2026-09-28,1.0887,1.4656,-10.4931,11.9587,-17.8007,10.6931,-28.4938,-14.6371,-5.0146,-2.4373,35.8976,-24.1335,-22.0694,327302980.4,1.0,329,84.84,0.0,0.0,0.0,0.0,0.0,0.0,0.0,14.63,0.0,0.0,0.0,0.0,0.0,2026-09-28,2026-09-28,2026-09-28 14:23:46
RYB,ROTA PORTFÖY YİRMİBİRİNCİ SERBEST (DÖVİZ) FON,Diğer / Belirsiz,VERIFY_ELIGIBILITY,Serbest fon; nitelikli yatırımcı / dağıtım kısıtı olabilir,True,2026-09-28,0.0,,-100.0,,-100.0,1.6849,-101.6849,-100.0,-100.0,-100.0,498.3152,-100.0,-100.0,0.01,0.0,317,,,,,,,,,,,,,,,2026-09-28,2026-09-28,2026-09-28 14:23:46
RYD,ROTA PORTFÖY YİRMİDÖRDÜNCÜ SERBEST FON,Diğer / Belirsiz,VERIFY_ELIGIBILITY,Serbest fon; nitelikli yatırımcı / dağıtım kısıtı olabilir,True,2026-09-28,1.2874,0.8714,-9.637,10.5084,-12.4891,1.4953,-13.9843,-16.6971,2.0455,7.4387,24.0928,-18.3004,-17.5885,284479539.56,13.0,316,55.54,0.0,0.0,0.0,0.0,0.0,0.0,0.0,44.46,0.0,0.0,0.0,0.0,0.0,2026-09-28,2026-09-28,2026-09-28 14:23:46
RYF,ROTA PORTFÖY YEDİNCİ HİSSE SENEDİ SERBEST (TL) FON (HİSSE SENEDİ YOĞUN FON),Hisse Senedi,VERIFY_ELIGIBILITY,Serbest fon; nitelikli yatırımcı / dağıtım kısıtı olabilir,True,2026-09-28,8.4744,-16.8299,-23.5354,6.7056,-31.9528,-1.1494,-30.8033,-37.0797,-38.9019,-14.9404,62.8329,-40.7786,-37.5768,273592378.54,44.0,329,119.2,0.0,0.0,0.0,0.0,0.0,0.0,0.0,0.0,0.0,0.0,-19.2,0.0,0.0,2026-09-28,2026-09-28,2026-09-28 14:23:46
RYU,ROTA PORTFÖY YİRMİÜÇÜNCÜ SERBEST (DÖVİZ) FON,Diğer / Belirsiz,VERIFY_ELIGIBILITY,Serbest fon; nitelikli yatırımcı / dağıtım kısıtı olabilir,True,2026-09-28,49.1975,-0.5216,-0.654,0.1324,-0.8984,2.8617,-3.7601,4.6989,10.269,,3.8843,-1.4683,-1.3767,524926106.38,65.0,193,0.0,0.0,0.0,0.0,0.0,0.0,0.0,0.0,0.0,0.0,0.0,0.0,0.0,0.0,2026-09-28,2026-09-28,2026-09-28 14:23:46
RZR,ROTA PORTFÖY RZR SERBEST ÖZEL FON,Diğer / Belirsiz,VERIFY_ELIGIBILITY,Serbest fon; nitelikli yatırımcı / dağıtım kısıtı olabilir,True,2026-09-28,4.7143,0.4474,-3.2029,3.6504,0.9796,6.261,-5.2815,9.6584,10.4199,20.0923,27.0506,-6.4722,-2.7698,16680349.61,2.0,329,99.31,0.0,0.0,0.0,0.0,0.0,0.0,0.0,0.69,0.0,0.0,0.0,0.0,0.0,2026-09-28,2026-09-28,2026-09-28 14:23:46
SAR,İŞ PORTFÖY SARDUNYA SERBEST (DÖVİZ) ÖZEL FON,Diğer / Belirsiz,VERIFY_ELIGIBILITY,Serbest fon; nitelikli yatırımcı / dağıtım kısıtı olabilir,True,2026-09-28,53.0392,-0.0832,-0.2851,0.202,-0.2198,2.5754,-2.7952,3.5767,11.7499,20.6152,2.3641,-0.6706,-0.6706,899746230.83,9.0,329,0.0,0.0,0.0,0.0,0.0,0.0,0.0,0.0,2.52,0.0,0.0,0.0,0.0,0.0,2026-09-28,2026-09-28,2026-09-28 14:23:46
SAT,AZİMUT PORTFÖY RASAT HİSSE SENEDİ SERBEST ÖZEL FON (HİSSE SENEDİ YOĞUN FON),Hisse Senedi,VERIFY_ELIGIBILITY,Serbest fon; nitelikli yatırımcı / dağıtım kısıtı olabilir,True,2026-09-28,216.1114,-2.9401,-5.6881,2.748,-11.9138,5.2928,-17.2067,-21.2145,-13.1293,-1.2183,23.1726,-21.2145,-21.2145,1718652604.81,4.0,318,83.17,0.0,0.0,0.0,0.0,0.0,0.0,0.0,9.04,2.26,0.0,0.0,2.04,0.0,2026-09-28,2026-09-28,2026-09-28 14:23:46
SBH,SPARTA PORTFÖY BİRİNCİ HİSSE SENEDİ SERBEST (TL) FON (HİSSE SENEDİ YOĞUN FON),Hisse Senedi,VERIFY_ELIGIBILITY,Serbest fon; nitelikli yatırımcı / dağıtım kısıtı olabilir,True,2026-09-28,1.6012,-0.1663,-10.6645,10.4981,-13.5973,1.5681,-15.1654,-18.7591,-5.5305,19.0043,42.2414,-22.5155,-20.6641,245587307.53,447.0,328,82.56,0.0,0.0,0.0,0.0,0.0,0.0,0.0,2.59,0.0,0.0,0.0,0.0,0.0,2026-09-28,2026-09-28,2026-09-28 14:23:46
SBI,STRATEJİ PORTFÖY BİRİNCİ SERBEST (TL) FON,Diğer / Belirsiz,VERIFY_ELIGIBILITY,Serbest fon; nitelikli yatırımcı / dağıtım kısıtı olabilir,True,2026-09-28,3.5226,2.334,-5.5788,7.9127,-5.0121,4.1376,-9.1497,-1.2002,-12.269,5.037,26.0103,-8.3685,-5.0121,33275589.33,15.0,329,75.15,0.0,0.0,0.0,0.0,0.0,0.0,0.0,0.0,0.0,0.0,0.0,15.03,0.0,2026-09-28,2026-09-28,2026-09-28 14:23:46
SBR,STRATEJİ PORTFÖY BİRİNCİ SERBEST FON,Diğer / Belirsiz,VERIFY_ELIGIBILITY,Serbest fon; nitelikli yatırımcı / dağıtım kısıtı olabilir,True,2026-09-28,1.249,-0.0656,-4.2639,4.1983,-4.5914,2.8786,-7.47,-6.172,1.346,14.0796,21.5502,-7.9953,-6.172,14400109.8,25.0,329,79.24,0.0,0.0,0.0,0.0,0.0,0.0,0.0,0.0,0.0,0.0,0.0,0.0,0.0,2026-09-28,2026-09-28,2026-09-28 14:23:46
SBS,STRATEJİ PORTFÖY BAŞAK SERBEST (DÖVİZ) ÖZEL FON,Diğer / Belirsiz,VERIFY_ELIGIBILITY,Serbest fon; nitelikli yatırımcı / dağıtım kısıtı olabilir,True,2026-09-28,72.4758,0.0584,-0.1421,0.2004,0.4829,2.0942,-1.6114,4.256,12.2477,20.8542,1.7578,-0.345,-0.2025,248200099.42,1.0,329,0.0,0.0,0.0,0.0,0.0,0.0,0.0,0.0,0.0,0.0,0.0,0.0,0.0,0.0,2026-09-28,2026-09-28,2026-09-28 14:23:46
SCZ,AK PORTFÖY SEKİZİNCİ SERBEST FON,Diğer / Belirsiz,VERIFY_ELIGIBILITY,Serbest fon; nitelikli yatırımcı / dağıtım kısıtı olabilir,True,2026-09-28,1.6168,0.7594,0.639,0.1204,2.6291,3.3767,-0.7475,9.8201,21.3212,47.2429,1.5097,-0.2358,0.0,116538673.62,326.0,311,0.0,0.97,0.0,0.89,0.0,0.0,0.0,0.0,9.48,0.0,0.0,0.0,78.51,0.0,2026-09-28,2026-09-28,2026-09-28 14:23:46
SDA,AK PORTFÖY 2026 SERBEST (DÖVİZ) FON,Diğer / Belirsiz,VERIFY_ELIGIBILITY,Serbest fon; nitelikli yatırımcı / dağıtım kısıtı olabilir,True,2026-09-28,51.6674,0.447,0.4743,-0.0272,1.784,1.85,-0.066,5.6551,12.3841,22.3654,1.2134,0.0,0.0,6681775260.66,1096.0,329,0.0,0.0,0.0,0.0,0.0,0.0,0.0,0.0,0.0,0.0,0.0,0.0,0.0,0.0,2026-09-28,2026-09-28,2026-09-28 14:23:46
SEH,A1 CAPİTAL PORTFÖY SANAYİ SEKTÖRÜ HİSSE SENEDİ SERBEST (TL) FON (HİSSE SENEDİ YOĞUN FON),Hisse Senedi,VERIFY_ELIGIBILITY,Serbest fon; nitelikli yatırımcı / dağıtım kısıtı olabilir,True,2026-09-28,1.3856,7.1395,-20.4608,27.6003,-8.9809,28.3028,-37.2836,1.6512,,,55.2664,-21.8632,-14.782,96854560.77,45.0,117,100.0,0.0,0.0,0.0,0.0,0.0,0.0,0.0,0.0,0.0,0.0,0.0,0.0,0.0,2026-09-28,2026-09-28,2026-09-28 14:23:46
SER,AK PORTFÖY 2028 SERBEST (DÖVİZ) FON,Diğer / Belirsiz,VERIFY_ELIGIBILITY,Serbest fon; nitelikli yatırımcı / dağıtım kısıtı olabilir,True,2026-09-28,58.5692,0.2537,-0.0274,0.2811,0.7721,2.007,-1.2349,4.3477,11.5134,22.1815,1.7225,-0.1952,-0.115,7275370804.44,821.0,329,0.0,0.0,0.0,0.0,0.0,0.0,0.0,0.0,0.0,0.0,0.0,0.0,0.0,0.0,2026-09-28,2026-09-28,2026-09-28 14:23:46
SFA,STATECH PORTFÖY ALPHA HİSSE SENEDİ SERBEST FON (HİSSE SENEDİ YOĞUN FON),Hisse Senedi,VERIFY_ELIGIBILITY,Serbest fon; nitelikli yatırımcı / dağıtım kısıtı olabilir,True,2026-09-28,25.5797,0.5332,0.4494,0.0838,3.6929,9.753,-6.0601,22.8335,49.6384,124.6411,4.8126,-0.5862,0.0,1358736882.93,18.0,329,88.68,0.0,0.0,0.0,0.0,0.0,0.0,0.0,0.0,0.0,0.0,0.0,0.0,0.0,2026-09-28,2026-09-28,2026-09-28 14:23:46
SHI,PARDUS PORTFÖY SEKİZİNCİ HİSSE SENEDİ SERBEST (TL) FON (HİSSE SENEDİ YOĞUN FON),Hisse Senedi,VERIFY_ELIGIBILITY,Serbest fon; nitelikli yatırımcı / dağıtım kısıtı olabilir,True,2026-09-28,0.1172,-23.4617,-15.2799,-8.1818,-30.746,9.2802,-40.0262,-14.7123,-96.8392,-96.1564,54.0588,-37.2518,-37.2518,484998808.61,46.0,329,71.09,0.0,0.0,0.0,0.0,0.0,0.0,0.0,18.42,0.0,0.0,0.0,0.0,0.0,2026-09-28,2026-09-28,2026-09-28 14:23:46
SHU,SPARTA PORTFÖY ÜÇÜNCÜ HİSSE SENEDİ SERBEST (TL) FON (HİSSE SENEDİ YOĞUN FON),Hisse Senedi,VERIFY_ELIGIBILITY,Serbest fon; nitelikli yatırımcı / dağıtım kısıtı olabilir,True,2026-09-28,1.0377,-16.9511,-13.7628,-3.1884,-28.6701,9.278,-37.9481,-27.1517,-17.1361,,40.2368,-29.1438,-28.9653,7662781.39,4.0,204,6.22,0.0,0.0,0.0,0.0,0.0,0.0,0.0,0.0,0.0,0.0,0.0,0.0,0.0,2026-09-28,2026-09-28,2026-09-28 14:23:46
SIA,SPARTA PORTFÖY BİRİNCİ İSTATİSTİKSEL ARBİTRAJ HİSSE SENEDİ SERBEST (TL) FON (HİSSE SENEDİ YOĞUN FON),Hisse Senedi,VERIFY_ELIGIBILITY,Serbest fon; nitelikli yatırımcı / dağıtım kısıtı olabilir,True,2026-09-28,0.8089,-1.7501,-8.0004,6.2503,-13.7872,0.4152,-14.2025,-10.2107,,,43.0377,-16.7518,-16.7518,955748.73,5.0,91,84.82,0.0,0.0,0.0,0.0,0.0,0.0,0.0,0.0,0.0,0.0,0.0,0.0,0.0,2026-09-28,2026-09-28,2026-09-28 14:23:46
SIS,SPARTA PORTFÖY İKİNCİ HİSSE SENEDİ SERBEST (TL) FON (HİSSE SENEDİ YOĞUN FON),Hisse Senedi,VERIFY_ELIGIBILITY,Serbest fon; nitelikli yatırımcı / dağıtım kısıtı olabilir,True,2026-09-28,0.2426,0.5709,-11.292,11.8629,-14.0365,-0.3218,-13.7148,-90.7847,-78.7933,,62.5881,-92.3586,-92.1261,34526331.13,14.0,188,90.53,0.0,0.0,0.0,0.0,0.0,0.0,0.0,9.47,0.0,0.0,0.0,0.0,0.0,2026-09-28,2026-09-28,2026-09-28 14:23:46
SJP,STRATEJİ PORTFÖY KAR PAYI ÖDEYEN İKİNCİ SERBEST (DÖVİZ) FON,Diğer / Belirsiz,VERIFY_ELIGIBILITY,Serbest fon; nitelikli yatırımcı / dağıtım kısıtı olabilir,True,2026-09-28,62.8698,0.0765,-0.1616,0.2381,0.5737,2.1856,-1.6119,4.3627,11.8993,20.6381,1.6528,-0.2845,-0.2047,328323425.24,29.0,329,0.0,0.0,0.0,0.0,0.0,0.0,0.0,0.0,0.0,0.0,0.0,0.0,0.0,0.0,2026-09-28,2026-09-28,2026-09-28 14:23:46
SKS,İŞ PORTFÖY ASKA SERBEST (DÖVİZ) ÖZEL FON,Diğer / Belirsiz,VERIFY_ELIGIBILITY,Serbest fon; nitelikli yatırımcı / dağıtım kısıtı olabilir,True,2026-09-28,51.1465,-0.2846,-0.3035,0.019,-0.6531,3.0538,-3.7069,3.0993,13.2942,21.8883,3.5418,-1.0683,-1.0683,1278661824.31,3.0,286,0.0,0.0,0.0,0.0,0.0,0.0,0.0,0.0,1.8,0.0,0.0,0.0,0.0,0.0,2026-09-28,2026-09-28,2026-09-28 14:23:46
SKZ,NEO PORTFÖY SEKİZİNCİ SERBEST FON,Diğer / Belirsiz,VERIFY_ELIGIBILITY,Serbest fon; nitelikli yatırımcı / dağıtım kısıtı olabilir,True,2026-09-28,1.029,-0.5486,-2.7269,2.1783,-1.4742,5.2914,-6.7656,5.1495,-7.1838,,6.7005,-3.4588,-3.2605,218364005.47,469.0,199,17.75,0.0,0.0,0.0,0.0,0.0,0.0,0.0,8.49,0.66,0.0,0.0,35.81,0.0,2026-09-28,2026-09-28,2026-09-28 14:23:46
SLR,QNB PORTFÖY SOLARİS SERBEST ÖZEL FON,Diğer / Belirsiz,VERIFY_ELIGIBILITY,Serbest fon; nitelikli yatırımcı / dağıtım kısıtı olabilir,True,2026-09-28,0.2391,-5.8753,-11.0698,5.1945,-23.479,-26.7291,3.2501,-0.9491,-20.0956,,46.5424,-47.4917,-43.9324,907814240.8,5.0,239,94.78,0.0,0.0,0.0,0.0,0.0,0.0,0.0,5.22,0.0,0.0,0.0,0.0,0.0,2026-09-28,2026-09-28,2026-09-28 14:23:46
SLS,ALLBATROSS PORTFÖY SELEN SERBEST FON,Diğer / Belirsiz,VERIFY_ELIGIBILITY,Serbest fon; nitelikli yatırımcı / dağıtım kısıtı olabilir,True,2026-09-28,0.5945,0.349,-4.6964,5.0454,-6.0292,5.4387,-11.4678,-13.3092,-45.7317,-49.6111,38.5155,-17.1852,-13.3092,358903.92,16.0,306,80.31,0.0,0.0,0.0,0.0,0.0,0.0,0.0,19.69,0.0,0.0,0.0,0.0,0.0,2026-09-28,2026-09-28,2026-09-28 14:23:46
SMP,İŞ PORTFÖY SOMPO SİGORTA KAR PAYI ÖDEYEN SERBEST (TL) ÖZEL FON,Diğer / Belirsiz,VERIFY_ELIGIBILITY,Serbest fon; nitelikli yatırımcı / dağıtım kısıtı olabilir,True,2026-09-28,1.0656,0.5478,0.5492,-0.0014,2.1253,1.7067,0.4186,6.3681,-0.6365,-0.2051,1.0209,0.0,0.0,1491790360.72,1.0,329,0.0,0.0,0.0,0.0,0.0,0.0,71.6,3.35,3.66,0.0,0.0,0.0,0.37,0.0,2026-09-28,2026-09-28,2026-09-28 14:23:46
SNY,ATLAS PORTFÖY SANAYİ SEKTÖRÜ HİSSE SENEDİ SERBEST FON (HİSSE SENEDİ YOĞUN FON),Hisse Senedi,VERIFY_ELIGIBILITY,Serbest fon; nitelikli yatırımcı / dağıtım kısıtı olabilir,True,2026-09-28,0.8392,-16.5857,-22.5638,5.9781,-46.2307,8.1326,-54.3633,-35.1779,-56.8812,-14.5355,52.705,-52.0867,-49.4411,230787754.67,370.0,329,79.6,0.0,0.0,0.0,0.0,0.0,0.0,0.0,19.57,0.0,0.0,0.0,0.0,0.0,2026-09-28,2026-09-28,2026-09-28 14:23:46
SPA,AZIMUT PORTFÖY 6.0 SERBEST (DÖVIZ) FON,Diğer / Belirsiz,VERIFY_ELIGIBILITY,Serbest fon; nitelikli yatırımcı / dağıtım kısıtı olabilir,True,2026-09-28,71.0501,0.1095,-0.0523,0.1617,0.8867,2.2426,-1.3559,4.6185,16.3056,28.0049,1.5579,-0.1963,-0.1579,3193462461.06,200.0,329,0.0,0.0,0.0,0.0,0.0,0.0,0.0,0.0,17.45,0.0,0.0,0.0,0.0,0.0,2026-09-28,2026-09-28,2026-09-28 14:23:46
SPD,AZIMUT PORTFÖY BEG SERBEST (DÖVIZ) ÖZEL FON,Diğer / Belirsiz,VERIFY_ELIGIBILITY,Serbest fon; nitelikli yatırımcı / dağıtım kısıtı olabilir,True,2026-09-28,82.8741,-0.1601,-0.2122,0.0521,0.084,2.5691,-2.485,4.0301,12.2698,22.0173,1.9608,-0.5556,-0.5556,350913816.5,1.0,329,0.0,0.0,0.0,0.0,0.0,0.0,0.0,0.0,0.0,0.0,0.0,0.0,0.0,0.0,2026-09-28,2026-09-28,2026-09-28 14:23:46
SPE,AZIMUT PORTFÖY 5.0 SERBEST (DÖVIZ) FON,Diğer / Belirsiz,VERIFY_ELIGIBILITY,Serbest fon; nitelikli yatırımcı / dağıtım kısıtı olabilir,True,2026-09-28,109.2946,-0.075,-0.2498,0.1748,0.2968,2.8586,-2.5618,4.5772,14.5616,27.2004,1.9447,-0.4564,-0.4564,4314495710.91,1035.0,329,0.0,0.0,0.0,0.0,0.0,0.0,0.0,0.0,11.15,0.0,0.0,-8.14,0.0,0.0,2026-09-28,2026-09-28,2026-09-28 14:23:46
SPN,AZİMUT PORTFÖY İSTATİSTİKSEL ARBİTRAJ HİSSE SENEDİ SERBEST FON (HİSSE SENEDİ YOĞUN FON),Hisse Senedi,VERIFY_ELIGIBILITY,Serbest fon; nitelikli yatırımcı / dağıtım kısıtı olabilir,True,2026-09-28,10.2925,0.6578,0.5574,0.1004,2.345,2.1719,0.1731,7.201,17.7142,37.7987,2.3426,-0.2495,0.0,1132906721.39,309.0,329,78.57,0.0,0.0,0.0,0.0,0.0,0.0,0.91,0.66,0.0,0.0,0.0,0.0,0.0,2026-09-28,2026-09-28,2026-09-28 14:23:46
SRA,AZİMUT PORTFÖY ASERVA SERBEST ÖZEL FON,Diğer / Belirsiz,VERIFY_ELIGIBILITY,Serbest fon; nitelikli yatırımcı / dağıtım kısıtı olabilir,True,2026-09-28,7.8745,-39.2916,-23.7935,-15.4981,-53.9231,7.0838,-61.0069,-44.0279,-35.8649,-37.3355,80.9308,-56.0452,-56.0452,819019879.01,1.0,329,91.58,0.0,0.0,0.0,0.0,0.0,0.0,0.0,8.42,0.0,0.0,0.0,0.0,0.0,2026-09-28,2026-09-28,2026-09-28 14:23:46
SRE,AZİMUT PORTFÖY SİRİUS SERBEST (DÖVİZ) ÖZEL FON,Diğer / Belirsiz,VERIFY_ELIGIBILITY,Serbest fon; nitelikli yatırımcı / dağıtım kısıtı olabilir,True,2026-09-28,64.0739,0.0348,-0.499,0.5338,-0.119,3.3427,-3.4617,5.2509,9.7094,21.5918,3.81,-1.0788,-0.8594,1002833270.56,1.0,329,3.83,0.0,0.0,7.11,0.0,0.0,0.0,0.0,53.99,0.0,0.0,0.0,0.0,0.0,2026-09-28,2026-09-28,2026-09-28 14:23:46
SRO,AZİMUT PORTFÖY SKY HİSSE SENEDİ SERBEST ÖZEL FON (HİSSE SENEDİ YOĞUN FON),Hisse Senedi,VERIFY_ELIGIBILITY,Serbest fon; nitelikli yatırımcı / dağıtım kısıtı olabilir,True,2026-09-28,27.1419,-0.0906,-0.6702,0.5796,8.5371,-11.4219,19.9591,0.1662,22.2388,25.8942,31.135,-12.8877,-4.5399,7565945859.45,6.0,329,84.23,0.0,0.0,0.0,0.0,0.0,0.0,0.0,1.89,0.12,0.0,0.0,0.0,0.0,2026-09-28,2026-09-28,2026-09-28 14:23:46
SSD,İŞ PORTFÖY SET SERBEST (DÖVİZ) ÖZEL FON,Diğer / Belirsiz,VERIFY_ELIGIBILITY,Serbest fon; nitelikli yatırımcı / dağıtım kısıtı olabilir,True,2026-09-28,54.1403,0.0459,-0.4829,0.5288,-0.0129,2.4458,-2.4587,0.1364,8.6715,15.1145,3.1833,-3.3705,-0.7016,559411161.36,1.0,329,0.0,0.0,0.0,0.0,0.0,0.0,0.0,0.0,1.26,0.0,0.0,0.0,0.0,0.0,2026-09-28,2026-09-28,2026-09-28 14:23:46
SSE,ATLAS PORTFÖY İKİNCİ SERBEST FON,Diğer / Belirsiz,VERIFY_ELIGIBILITY,Serbest fon; nitelikli yatırımcı / dağıtım kısıtı olabilir,True,2026-09-28,0.0022,-12.8165,-17.8954,5.079,-36.6667,-0.5998,-36.0668,-44.1743,-29.6296,-74.7682,52.9369,-48.1298,-45.405,69548851.84,11.0,329,100.0,0.0,0.0,0.0,0.0,0.0,0.0,0.0,0.0,0.0,0.0,0.0,0.0,0.0,2026-09-28,2026-09-28,2026-09-28 14:23:46
SSF,INVEO PORTFÖY SEKİZİNCİ SERBEST FON,Diğer / Belirsiz,VERIFY_ELIGIBILITY,Serbest fon; nitelikli yatırımcı / dağıtım kısıtı olabilir,True,2026-09-28,0.9108,1.2428,-7.1287,8.3715,-4.7997,-0.4313,-4.3684,-10.109,-1.6566,-13.3514,40.2218,-14.799,-10.2271,1178248.59,15.0,318,90.87,0.0,0.0,0.0,0.0,0.0,0.0,0.0,0.0,0.0,0.0,0.0,0.0,0.0,2026-09-28,2026-09-28,2026-09-28 14:23:46
SSN,DENİZ PORTFÖY 880 SERBEST (DÖVİZ) ÖZEL FON,Diğer / Belirsiz,VERIFY_ELIGIBILITY,Serbest fon; nitelikli yatırımcı / dağıtım kısıtı olabilir,True,2026-09-28,59.8136,0.0341,-0.2168,0.251,0.2268,2.7013,-2.4745,4.3257,12.8963,22.3609,2.365,-0.4713,-0.4398,780475575.34,4.0,329,0.0,0.0,0.0,0.0,0.0,0.0,0.0,0.0,6.55,0.0,0.0,0.0,0.0,0.0,2026-09-28,2026-09-28,2026-09-28 14:23:46
SSO,AK PORTFÖY AK SANDIK SERBEST ÖZEL FON,Diğer / Belirsiz,VERIFY_ELIGIBILITY,Serbest fon; nitelikli yatırımcı / dağıtım kısıtı olabilir,True,2026-09-28,15.5751,0.7586,0.7569,0.0017,3.0839,3.2334,-0.1495,10.2577,22.6725,49.5885,1.3494,0.0,0.0,7941416863.73,1.0,329,0.0,0.0,0.0,0.0,0.0,0.0,0.0,0.92,0.54,0.0,0.0,0.0,0.0,0.0,2026-09-28,2026-09-28,2026-09-28 14:23:46
SST,STRATEJİ PORTFÖY İSTATİSTİKSEL ARBİTRAJ SERBEST FON,Diğer / Belirsiz,VERIFY_ELIGIBILITY,Serbest fon; nitelikli yatırımcı / dağıtım kısıtı olabilir,True,2026-09-28,1.6507,0.2571,0.9741,-0.717,2.0716,2.0131,0.0585,6.3486,15.755,32.4636,2.6076,-0.1401,-0.0639,9739697.88,22.0,329,55.34,0.0,0.0,0.0,0.0,0.0,0.0,0.0,0.0,1.51,0.0,0.0,0.0,0.0,2026-09-28,2026-09-28,2026-09-28 14:23:46
STI,ATLAS PORTFÖY SENTİMENT SERBEST FON,Diğer / Belirsiz,VERIFY_ELIGIBILITY,Serbest fon; nitelikli yatırımcı / dağıtım kısıtı olabilir,True,2026-09-28,1.4274,-0.236,-1.7299,1.4939,9.6251,9.3912,0.2339,14.1068,20.1696,17.833,44.5437,-5.4384,-2.642,15213105.09,155.0,329,21.75,39.23,0.0,0.0,0.0,0.0,0.0,0.0,0.0,0.0,0.0,0.0,0.0,0.0,2026-09-28,2026-09-28,2026-09-28 14:23:46
STM,ALLBATROSS PORTFÖY ALGORİTMİK STRATEJİLER SERBEST FON,Diğer / Belirsiz,VERIFY_ELIGIBILITY,Serbest fon; nitelikli yatırımcı / dağıtım kısıtı olabilir,True,2026-09-28,3.1191,0.096,-3.5825,3.6785,-3.1403,0.9222,-4.0625,-34.1088,-33.9369,184.5274,17.6228,-34.8419,-34.2785,372843.66,15.0,311,55.2,0.0,0.0,0.0,0.0,0.0,0.0,0.0,44.8,0.0,0.0,0.0,0.0,0.0,2026-09-28,2026-09-28,2026-09-28 14:23:46
STS,STRATEJİ PORTFÖY BİRİNCİ SERBEST (DÖVİZ) FON,Diğer / Belirsiz,VERIFY_ELIGIBILITY,Serbest fon; nitelikli yatırımcı / dağıtım kısıtı olabilir,True,2026-09-28,87.0498,0.1048,-0.1211,0.2259,0.5875,2.2423,-1.6548,4.4545,11.9551,20.9862,1.6686,-0.2667,-0.1834,423689862.83,27.0,329,0.0,0.0,0.0,0.0,0.0,0.0,0.0,0.0,0.0,0.0,0.0,0.0,0.0,0.0,2026-09-28,2026-09-28,2026-09-28 14:23:46
STZ,STRATEJİ PORTFÖY HİSSE SENEDİ SERBEST FON (HİSSE SENEDİ YOĞUN FON),Hisse Senedi,VERIFY_ELIGIBILITY,Serbest fon; nitelikli yatırımcı / dağıtım kısıtı olabilir,True,2026-09-28,23.964,1.241,-5.7622,7.0032,-4.2481,7.834,-12.0822,-1.0114,5.0668,21.4058,27.9473,-8.0619,-4.6865,507696196.74,81.0,329,83.79,0.0,0.0,0.0,0.0,0.0,0.0,0.0,2.31,0.0,0.0,0.0,7.47,0.0,2026-09-28,2026-09-28,2026-09-28 14:23:46
SVS,AZİMUT PORTFÖY SVS SERBEST ÖZEL FON,Diğer / Belirsiz,VERIFY_ELIGIBILITY,Serbest fon; nitelikli yatırımcı / dağıtım kısıtı olabilir,True,2026-09-28,2.6776,0.6449,-5.11,5.7549,-3.8199,7.4494,-11.2693,0.3975,11.3466,35.7791,25.579,-7.5012,-4.4981,1581589650.0,1.0,329,47.92,0.0,0.0,0.0,0.0,0.0,0.0,5.54,6.94,0.0,0.0,0.0,0.0,0.0,2026-09-28,2026-09-28,2026-09-28 14:23:46
SVY,DENİZ PORTFÖY TTSVY HİSSE SENEDİ SERBEST ÖZEL FON (HİSSE SENEDİ YOĞUN FON),Hisse Senedi,VERIFY_ELIGIBILITY,Serbest fon; nitelikli yatırımcı / dağıtım kısıtı olabilir,True,2026-09-28,1.1371,3.5038,-20.4407,23.9445,-37.5225,16.7407,-54.2632,-37.9943,-14.1798,30.1907,66.5049,-49.8038,-47.0146,1722457718.36,2.0,329,96.91,0.0,0.0,0.0,0.0,0.0,0.0,0.0,0.0,0.0,0.0,0.0,0.0,0.0,2026-09-28,2026-09-28,2026-09-28 14:23:46
SYF,AZİMUT PORTFÖY KLM HİSSE SENEDİ SERBEST ÖZEL FON (HİSSE SENEDİ YOĞUN FON),Hisse Senedi,VERIFY_ELIGIBILITY,Serbest fon; nitelikli yatırımcı / dağıtım kısıtı olabilir,True,2026-09-28,200.2115,-4.1587,-7.8075,3.6488,-16.2,5.4532,-21.6532,-28.0038,-19.7654,-9.726,31.111,-28.0038,-28.0038,1494950074.46,6.0,318,99.32,0.0,0.0,0.0,0.0,0.0,0.0,0.0,0.68,0.0,0.0,0.0,0.0,0.0,2026-09-28,2026-09-28,2026-09-28 14:23:46
SYL,AZİMUT PORTFÖY SYH HİSSE SENEDİ SERBEST ÖZEL FON (HİSSE SENEDİ YOĞUN FON),Hisse Senedi,VERIFY_ELIGIBILITY,Serbest fon; nitelikli yatırımcı / dağıtım kısıtı olabilir,True,2026-09-28,4549.1031,-0.158,-0.4472,0.2893,10.2416,-12.8139,23.0554,0.1359,24.7733,26.4965,36.8756,-14.5539,-4.628,1259219040.65,1.0,329,95.44,0.0,0.0,0.0,0.0,0.0,0.0,0.0,4.16,0.0,0.0,0.0,0.0,0.0,2026-09-28,2026-09-28,2026-09-28 14:23:46
SYR,AZİMUT PORTFÖY 25.0 SERBEST (DÖVİZ) FON,Diğer / Belirsiz,VERIFY_ELIGIBILITY,Serbest fon; nitelikli yatırımcı / dağıtım kısıtı olabilir,True,2026-09-28,49.2898,0.1024,-2.5784,2.6808,-1.6961,2.3039,-4.0,0.6667,5.6699,13.1603,8.0191,-2.9111,-2.4786,305151573.62,22.0,329,0.0,0.0,0.0,0.0,0.0,0.0,0.0,0.0,0.0,0.0,0.0,0.0,0.0,0.0,2026-09-28,2026-09-28,2026-09-28 14:23:46
SYS,YAPI KREDİ PORTFÖY ŞUBAT 2028 KAR PAYI ÖDEYEN SERBEST (DÖVİZ) FON,Diğer / Belirsiz,VERIFY_ELIGIBILITY,Serbest fon; nitelikli yatırımcı / dağıtım kısıtı olabilir,True,2026-09-28,50.0089,0.4614,0.4675,-0.0062,1.8696,1.3677,0.5018,4.9605,10.3987,18.0981,1.1559,-0.4457,0.0,1803572393.4,121.0,319,0.0,0.0,0.0,0.0,0.0,0.0,0.0,0.0,1.12,0.0,0.0,0.0,0.0,0.0,2026-09-28,2026-09-28,2026-09-28 14:23:46
T3B,TERA PORTFÖY ÜÇÜNCÜ  HİSSE SENEDİ SERBEST (TL) FON (HİSSE SENEDİ YOĞUN),Hisse Senedi,VERIFY_ELIGIBILITY,Serbest fon; nitelikli yatırımcı / dağıtım kısıtı olabilir,True,2026-09-28,0.0,-100.0,-23.4778,-76.5222,-100.0,18.3086,-118.3086,-100.0,-100.0,-100.0,358.0626,-100.0,-100.0,0.0,16.0,329,,,,,,,,,,,,,,,2026-09-28,2026-09-28,2026-09-28 14:23:46
TAO,TEB PORTFÖY ALARKO GRUBU DEĞİŞKEN ÖZEL FON,Değişken,VERIFY_ELIGIBILITY,Özel fon; erişim kısıtı olabilir,True,2026-09-28,21.6842,0.2142,1.7738,-1.5597,1.6328,3.04,-1.4073,7.5146,14.78,34.2837,8.0174,-1.1815,-0.2943,1146149987.07,1.0,329,55.29,0.0,0.0,0.0,0.0,0.0,13.55,0.0,0.0,0.0,0.0,0.0,14.19,0.0,2026-09-28,2026-09-28,2026-09-28 14:23:46
TAZ,AZİMUT PORTFÖY TAF HİSSE SENEDİ SERBEST ÖZEL FON (HİSSE SENEDİ YOĞUN FON),Hisse Senedi,VERIFY_ELIGIBILITY,Serbest fon; nitelikli yatırımcı / dağıtım kısıtı olabilir,True,2026-09-28,2.4453,0.9899,-3.6687,4.6587,-2.6711,3.567,-6.2381,0.3522,14.1948,41.062,12.5168,-4.0124,-2.8107,1153016763.58,2.0,329,81.92,0.0,0.0,0.0,0.0,0.0,1.7,0.0,13.82,0.0,0.0,0.0,0.0,0.0,2026-09-28,2026-09-28,2026-09-28 14:23:46
TB9,TEB PORTFÖY DOKUZUNCU SERBEST (DÖVİZ) FON,Diğer / Belirsiz,VERIFY_ELIGIBILITY,Serbest fon; nitelikli yatırımcı / dağıtım kısıtı olabilir,True,2026-09-28,54.5393,0.4307,0.4311,-0.0003,1.729,1.777,-0.048,5.435,11.8102,21.1381,1.1788,0.0,0.0,40903621625.64,10382.0,329,0.0,0.0,0.0,0.0,0.0,0.0,0.0,0.0,24.36,0.0,0.0,0.0,34.15,0.0,2026-09-28,2026-09-28,2026-09-28 14:23:46
TBP,İŞ PORTFÖY PRİVİA BANKACILIK FON SEPETİ ÖZEL FONU,Bankacılık / Finans,VERIFY_ELIGIBILITY,Özel fon; erişim kısıtı olabilir,True,2026-09-28,0.2905,0.7026,0.6727,0.0298,2.4604,2.8665,-0.4061,6.203,16.3319,32.8453,1.5435,-0.3264,0.0,434715255.42,186.0,329,0.0,0.0,0.0,6.3,0.0,0.0,0.0,0.14,83.33,0.0,0.0,0.0,1.28,0.0,2026-09-28,2026-09-28,2026-09-28 14:23:46
TBV,İŞ PORTFÖY ÖZEL SEKTÖR BORÇLANMA ARAÇLARI (TL) FONU,Borçlanma Araçları,VERIFY_ELIGIBILITY,Özel fon; erişim kısıtı olabilir,True,2026-09-28,0.4263,0.7034,0.696,0.0075,2.8079,2.9938,-0.1859,9.4209,21.0285,46.2087,1.3151,0.0,0.0,1275230058.22,7718.0,329,0.0,0.0,0.0,0.0,0.0,0.0,0.0,42.14,0.0,0.0,0.0,0.0,2.85,0.0,2026-09-28,2026-09-28,2026-09-28 14:23:46
TCC,TACİRLER PORTFÖY SERBEST ( DÖVİZ ) FON,Diğer / Belirsiz,VERIFY_ELIGIBILITY,Serbest fon; nitelikli yatırımcı / dağıtım kısıtı olabilir,True,2026-09-28,0.0827,2.2566,0.0656,2.191,1.455,7.3428,-5.8879,7.0744,25.5808,25.1665,14.0557,-4.8502,-0.8405,398962766.25,352.0,329,0.0,67.0,0.0,7.52,0.0,0.0,0.0,0.0,1.57,0.0,0.0,0.0,4.63,0.0,2026-09-28,2026-09-28,2026-09-28 14:23:46
TCG,TEB PORTFÖY CEMAY HİSSE SENEDİ SERBEST ÖZEL FON (HİSSE SENEDİ YOĞUN FON),Hisse Senedi,VERIFY_ELIGIBILITY,Serbest fon; nitelikli yatırımcı / dağıtım kısıtı olabilir,True,2026-09-28,1.3039,0.8396,-3.0364,3.8761,-3.2159,4.2575,-7.4735,-2.2345,5.6783,11.0721,22.6564,-6.8371,-3.5729,184706556.2,1.0,329,83.41,0.0,0.0,0.0,0.0,0.0,0.0,0.0,0.35,0.0,0.0,0.0,9.22,0.0,2026-09-28,2026-09-28,2026-09-28 14:23:46
TCH,TACİRLER PORTFÖY TAÇ SERBEST FON,Diğer / Belirsiz,VERIFY_ELIGIBILITY,Serbest fon; nitelikli yatırımcı / dağıtım kısıtı olabilir,True,2026-09-28,2.2782,0.4394,-0.6607,1.1001,0.8071,2.9667,-2.1596,6.3436,16.0727,37.4802,5.1042,-1.3402,-0.2241,245117121.32,59.0,329,14.47,0.0,0.0,0.0,0.0,0.0,2.46,4.93,0.0,1.76,0.0,0.0,8.98,0.0,2026-09-28,2026-09-28,2026-09-28 14:23:46
TCI,TACİRLER PORTFÖY İSTATİSTİKSEL ARBİTRAJ SERBEST FON,Diğer / Belirsiz,VERIFY_ELIGIBILITY,Serbest fon; nitelikli yatırımcı / dağıtım kısıtı olabilir,True,2026-09-28,11.8858,0.6908,0.6095,0.0812,2.6256,2.8013,-0.1756,8.7998,20.7526,43.9905,0.8393,-0.06,0.0,1443287382.64,15.0,329,2.9,0.0,0.0,0.0,0.0,0.0,0.0,0.0,19.54,0.0,0.0,0.0,62.2,0.0,2026-09-28,2026-09-28,2026-09-28 14:23:46
TCS,TACİRLER PORTFÖY SİRİUS HİSSE SENEDİ SERBEST FON (HİSSE SENEDİ YOĞUN FON),Hisse Senedi,VERIFY_ELIGIBILITY,Serbest fon; nitelikli yatırımcı / dağıtım kısıtı olabilir,True,2026-09-28,40.2671,-1.7107,-7.2729,5.5622,-7.3125,4.8945,-12.207,-5.5573,10.456,30.5513,39.8112,-10.1036,-8.8592,1364142844.96,44.0,329,90.03,0.0,0.0,0.0,0.0,0.0,0.0,0.0,3.75,0.0,0.0,0.0,1.99,0.0,2026-09-28,2026-09-28,2026-09-28 14:23:46
TDP,TEB PORTFÖY İKİNCİ SERBEST (DÖVİZ) FON,Diğer / Belirsiz,VERIFY_ELIGIBILITY,Serbest fon; nitelikli yatırımcı / dağıtım kısıtı olabilir,True,2026-09-28,61.0263,0.3967,0.2467,0.15,1.398,1.8188,-0.4207,5.151,12.4397,21.953,1.8433,-0.1114,-0.0268,143763788.21,19.0,329,0.0,0.0,0.0,0.0,0.0,0.0,0.0,0.0,2.99,0.0,0.0,0.0,0.0,0.0,2026-09-28,2026-09-28,2026-09-28 14:23:46
TFE,AKTİF PORTFÖY TÜRKİYE FİNANS ALA BANKACILIK KATILIM ÖZEL FONU,Bankacılık / Finans,VERIFY_ELIGIBILITY,Özel fon; erişim kısıtı olabilir,True,2026-09-28,2.9305,0.6419,0.6429,-0.001,2.5947,2.7638,-0.1691,8.7313,20.043,44.1412,1.1496,0.0,0.0,34442676.4,120.0,329,0.0,0.0,0.0,0.0,0.0,0.0,0.0,0.0,4.06,0.0,0.0,0.0,0.0,0.0,2026-09-28,2026-09-28,2026-09-28 14:23:46
TGV,TACİRLER PORTFÖY KG SERBEST ÖZEL FON,Diğer / Belirsiz,VERIFY_ELIGIBILITY,Serbest fon; nitelikli yatırımcı / dağıtım kısıtı olabilir,True,2026-09-28,4.2619,-39.7573,-31.5745,-8.1828,-61.0746,-9.7375,-51.3371,-71.418,-76.7604,-77.7598,69.8266,-72.2119,-72.2119,2712265201.89,13.0,329,100.0,0.0,0.0,0.0,0.0,0.0,0.0,0.0,0.0,0.0,0.0,0.0,0.0,0.0,2026-09-28,2026-09-28,2026-09-28 14:23:46
TGZ,TACİRLER PORTFÖY SPİCA SERBEST (TL) FON,Diğer / Belirsiz,VERIFY_ELIGIBILITY,Serbest fon; nitelikli yatırımcı / dağıtım kısıtı olabilir,True,2026-09-28,6.3349,0.1147,0.2347,-0.12,1.0207,3.431,-2.4103,7.4072,20.5759,47.4893,3.0314,-0.5171,0.0,1150794686.95,29.0,329,62.61,0.0,0.0,0.0,0.0,0.0,0.0,0.0,0.01,0.0,0.0,0.0,23.46,0.0,2026-09-28,2026-09-28,2026-09-28 14:23:46
THG,TACİRLER PORTFÖY ODEABANK SERBEST ÖZEL FON,Bankacılık / Finans,VERIFY_ELIGIBILITY,Serbest fon; nitelikli yatırımcı / dağıtım kısıtı olabilir,True,2026-09-28,7.4012,0.0863,0.6023,-0.516,2.1109,3.1097,-0.9988,8.3909,20.399,44.1267,2.4543,-0.4677,-0.2287,166653105.07,163.0,329,0.0,0.0,0.0,0.0,0.0,0.0,9.0,4.5,13.25,0.0,0.0,0.0,48.6,0.0,2026-09-28,2026-09-28,2026-09-28 14:23:46
THH,DENİZ PORTFÖY CCO HİSSE SENEDİ SERBEST ÖZEL FON (HİSSE SENEDİ YOĞUN FON),Hisse Senedi,VERIFY_ELIGIBILITY,Serbest fon; nitelikli yatırımcı / dağıtım kısıtı olabilir,True,2026-09-28,72.0593,-31.598,-19.5682,-12.0298,-53.0058,36.0518,-89.0575,-43.2253,-37.7185,9.1113,89.3012,-54.4702,-54.4702,919368297.18,1.0,329,105.81,0.0,0.0,0.0,0.0,0.0,0.0,0.0,0.0,0.0,0.0,0.0,0.0,0.0,2026-09-28,2026-09-28,2026-09-28 14:23:46
THO,AZİMUT PORTFÖY 20.0 SERBEST (DÖVİZ) FON,Diğer / Belirsiz,VERIFY_ELIGIBILITY,Serbest fon; nitelikli yatırımcı / dağıtım kısıtı olabilir,True,2026-09-28,51.1573,0.0382,0.0225,0.0157,0.3308,2.9707,-2.6399,5.0721,10.0946,19.0911,1.8087,-0.3215,-0.2255,4892742373.39,12.0,329,0.0,0.0,0.0,0.0,0.0,0.0,0.0,0.0,0.0,6.37,0.0,0.0,0.0,0.0,2026-09-28,2026-09-28,2026-09-28 14:23:46
THS,AZİMUT PORTFÖY AEB SERBEST (DÖVİZ) ÖZEL FON,Diğer / Belirsiz,VERIFY_ELIGIBILITY,Serbest fon; nitelikli yatırımcı / dağıtım kısıtı olabilir,True,2026-09-28,63.7379,-0.5925,-0.683,0.0905,-0.9936,2.6625,-3.6561,3.7939,11.4529,20.2789,2.2701,-1.4536,-1.4263,418163515.48,1.0,329,1.34,0.0,0.0,0.0,0.0,0.0,0.0,0.0,3.25,0.0,0.0,0.0,0.0,0.0,2026-09-28,2026-09-28,2026-09-28 14:23:46
THT,TRİVE PORTFÖY HİSSE SENEDİ SERBEST FON (HİSSE SENEDİ YOĞUN FON),Hisse Senedi,VERIFY_ELIGIBILITY,Serbest fon; nitelikli yatırımcı / dağıtım kısıtı olabilir,True,2026-09-28,0.1441,-6.2152,-19.2187,13.0034,-29.8189,10.3793,-40.1981,-28.4309,-35.0489,-28.4839,36.4548,-34.0731,-33.3763,4192413.47,291.0,329,96.43,0.0,0.0,0.0,0.0,0.0,0.0,0.0,0.0,0.0,0.0,0.0,0.0,0.0,2026-09-28,2026-09-28,2026-09-28 14:23:46
THV,ATA PORTFÖY BARBAROS HİSSE SENEDİ SERBEST (TL) FON (HİSSE SENEDİ YOĞUN FON),Hisse Senedi,VERIFY_ELIGIBILITY,Serbest fon; nitelikli yatırımcı / dağıtım kısıtı olabilir,True,2026-09-28,35.7281,-8.3007,-18.2644,9.9637,-29.2395,-9.1999,-20.0396,-47.6461,-57.0112,-58.4404,38.5064,-49.7635,-49.0449,97863598.42,15.0,329,99.95,0.0,0.0,0.0,0.0,0.0,0.0,0.0,0.0,0.0,0.0,0.0,0.0,0.0,2026-09-28,2026-09-28,2026-09-28 14:23:46
TIP,TEB PORTFÖY ING BANK ÖZEL BANKACILIK VE PLATİNUM SERBEST (DÖVİZ) ÖZEL FON,Bankacılık / Finans,VERIFY_ELIGIBILITY,Serbest fon; nitelikli yatırımcı / dağıtım kısıtı olabilir,True,2026-09-28,51.182,0.4859,0.4904,-0.0045,1.9866,1.8158,0.1708,5.4303,12.7294,21.9234,1.1556,-0.101,0.0,972437415.02,101.0,311,0.0,0.0,0.0,0.0,0.0,0.0,0.0,0.0,14.82,0.0,0.0,0.0,0.0,0.0,2026-09-28,2026-09-28,2026-09-28 14:23:46
TJB,TACİRLER PORTFÖY BDR SERBEST ÖZEL FON,Diğer / Belirsiz,VERIFY_ELIGIBILITY,Serbest fon; nitelikli yatırımcı / dağıtım kısıtı olabilir,True,2026-09-28,9.8277,0.0038,-3.084,3.0878,-3.2284,6.8028,-10.0312,2.6619,12.2858,20.7072,20.403,-5.8293,-3.2284,802947850.06,1.0,329,73.29,4.44,0.0,0.0,0.0,0.0,0.31,0.0,12.65,0.0,0.0,0.0,5.24,0.0,2026-09-28,2026-09-28,2026-09-28 14:23:46
TJL,AZİMUT PORTFÖY TAYD HİSSE SENEDİ SERBEST ÖZEL FON (HİSSE SENEDİ YOĞUN FON),Hisse Senedi,VERIFY_ELIGIBILITY,Serbest fon; nitelikli yatırımcı / dağıtım kısıtı olabilir,True,2026-09-28,22.4748,-0.2691,-1.3996,1.1306,6.71,-8.8691,15.5792,-0.5521,20.7837,27.5948,29.5993,-10.4855,-4.4434,1528078879.56,4.0,329,82.31,0.0,0.0,0.0,0.0,0.0,0.0,0.0,15.8,0.0,0.0,0.0,0.0,0.0,2026-09-28,2026-09-28,2026-09-28 14:23:46
TJT,TEB PORTFÖY ALTINCI SERBEST (DÖVİZ-AVRO) FON,Altın,VERIFY_ELIGIBILITY,Serbest fon; nitelikli yatırımcı / dağıtım kısıtı olabilir,True,2026-09-28,67.8829,-0.4691,-0.9046,0.4354,-1.5745,3.2463,-4.8208,3.7607,10.3496,18.0194,4.3479,-1.943,-1.8708,2071259569.92,1728.0,329,0.0,0.0,0.0,0.0,0.0,0.0,2.37,0.0,12.0,0.0,0.0,0.0,0.0,0.0,2026-09-28,2026-09-28,2026-09-28 14:23:46
TKH,AZIMUT PORTFÖY TKS SERBEST (TL) ÖZEL FON,Diğer / Belirsiz,VERIFY_ELIGIBILITY,Serbest fon; nitelikli yatırımcı / dağıtım kısıtı olabilir,True,2026-09-28,2.0788,-0.2505,-7.291,7.0405,-10.5177,8.0326,-18.5503,-1.649,-2.4182,16.9313,24.5907,-11.796,-10.5177,424546966.14,1.0,329,94.84,0.0,0.0,0.0,0.0,0.0,0.0,0.0,5.16,0.0,0.0,0.0,0.0,0.0,2026-09-28,2026-09-28,2026-09-28 14:23:46
TKK,İŞ PORTFÖY KUMBARA HESABI FON SEPETİ ÖZEL FON,Fon Sepeti,VERIFY_ELIGIBILITY,Özel fon; erişim kısıtı olabilir,True,2026-09-28,1.7612,-0.4261,-0.9117,0.4856,-1.4168,3.7407,-5.1575,1.5474,8.2857,34.067,11.1139,-2.6678,-1.5447,1778404468.38,112336.0,329,7.66,0.0,0.0,0.0,0.0,0.0,0.0,0.0,67.03,4.63,0.0,0.0,0.27,0.0,2026-09-28,2026-09-28,2026-09-28 14:23:46
TLC,TEB PORTFÖY ALTERNATİFBANK DEĞİŞKEN ÖZEL FON,Bankacılık / Finans,VERIFY_ELIGIBILITY,Özel fon; erişim kısıtı olabilir,True,2026-09-28,1.0929,0.6545,0.4029,0.2517,2.5977,3.5295,-0.9318,,,,1.9121,-0.1683,0.0,675540203.98,390.0,58,0.0,0.0,0.0,0.56,0.0,0.0,41.29,0.0,2.24,0.0,0.0,0.0,49.48,0.0,2026-09-28,2026-09-28,2026-09-28 14:23:46
TLT,TEB PORTFÖY YAHŞİ SERBEST (DÖVİZ) ÖZEL FON,Diğer / Belirsiz,VERIFY_ELIGIBILITY,Serbest fon; nitelikli yatırımcı / dağıtım kısıtı olabilir,True,2026-09-28,72.0341,0.3165,-0.1794,0.4959,0.8182,2.5384,-1.7202,5.1226,13.7162,22.4837,2.2184,-0.3245,-0.1089,407977320.14,1.0,329,0.0,0.0,0.0,0.0,0.0,0.0,1.07,0.0,3.16,0.0,0.0,0.0,0.0,0.0,2026-09-28,2026-09-28,2026-09-28 14:23:46
TLU,TEB PORTFÖY ONİKİNCİ SERBEST (DÖVİZ) FON,Diğer / Belirsiz,VERIFY_ELIGIBILITY,Serbest fon; nitelikli yatırımcı / dağıtım kısıtı olabilir,True,2026-09-28,54.7242,0.4272,0.4339,-0.0066,1.734,1.7787,-0.0447,5.4472,11.9442,21.7095,1.1604,0.0,0.0,7444670881.58,487.0,329,0.0,0.0,0.0,0.0,0.0,0.0,0.0,0.0,0.0,0.0,0.0,0.0,91.38,0.0,2026-09-28,2026-09-28,2026-09-28 14:23:46
TLY,TERA PORTFÖY BİRİNCİ SERBEST FON,Diğer / Belirsiz,VERIFY_ELIGIBILITY,Serbest fon; nitelikli yatırımcı / dağıtım kısıtı olabilir,True,2026-09-28,0.0,,-100.0,,-100.0,16.0268,-116.0268,-100.0,-100.0,-100.0,357.9721,-100.0,-100.0,0.0,104211.0,329,,,,,,,,,,,,,,,2026-09-28,2026-09-28,2026-09-28 14:23:46
TMH,ALLBATROSS PORTFÖY ATMACA HİSSE SENEDİ SERBEST FON (HİSSE SENEDİ YOĞUN FON),Hisse Senedi,VERIFY_ELIGIBILITY,Serbest fon; nitelikli yatırımcı / dağıtım kısıtı olabilir,True,2026-09-28,0.0,,,,,,,,,-100.0,,,,0.0,12.0,329,99.83,0.0,0.0,0.0,0.0,0.0,0.0,0.0,0.17,0.0,0.0,0.0,0.0,0.0,2026-09-28,2026-09-28,2026-09-28 14:23:46
TMM,TERA PORTFÖY İKİNCİ SERBEST (DÖVİZ) FON,Diğer / Belirsiz,VERIFY_ELIGIBILITY,Serbest fon; nitelikli yatırımcı / dağıtım kısıtı olabilir,True,2026-09-28,65.8549,-10.5447,-2.8624,-7.6823,-11.1464,4.6969,-15.8433,-5.242,3.9361,14.6944,21.2345,-13.5633,-13.4333,1208774875.08,1725.0,329,0.0,0.61,0.0,1.66,0.0,0.0,0.0,0.0,18.31,0.0,0.0,0.0,0.0,0.0,2026-09-28,2026-09-28,2026-09-28 14:23:46
TMR,TEB PORTFÖY MAKRO SERBEST ÖZEL FON,Diğer / Belirsiz,VERIFY_ELIGIBILITY,Serbest fon; nitelikli yatırımcı / dağıtım kısıtı olabilir,True,2026-09-28,7.8061,0.0009,0.7401,-0.7392,0.4016,6.1802,-5.7786,8.543,14.6421,38.6219,6.2492,-1.5487,0.0,9120084991.29,1.0,329,0.0,0.0,0.0,0.0,26.2,0.0,10.61,0.0,2.26,0.0,0.0,0.0,0.0,0.0,2026-09-28,2026-09-28,2026-09-28 14:23:46
TMS,TACİRLER PORTFÖY MARATON SERBEST FON,Diğer / Belirsiz,VERIFY_ELIGIBILITY,Serbest fon; nitelikli yatırımcı / dağıtım kısıtı olabilir,True,2026-09-28,2.1645,1.8321,-1.7386,3.5707,-0.9378,10.5779,-11.5156,10.2439,25.5159,52.0259,26.1901,-6.5318,-2.2252,427701753.66,84.0,329,55.31,27.83,0.0,0.0,0.0,0.0,0.0,0.0,0.2,0.0,0.0,0.0,3.7,0.0,2026-09-28,2026-09-28,2026-09-28 14:23:46
TMV,TERA PORTFÖY ALGORİTMİK STRATEJİLER SERBEST FON,Diğer / Belirsiz,VERIFY_ELIGIBILITY,Serbest fon; nitelikli yatırımcı / dağıtım kısıtı olabilir,True,2026-09-28,0.0,-100.0,-50.9575,-49.0425,-100.0,21.7617,-121.7617,-100.0,-100.0,-100.0,376.0111,-100.0,-100.0,0.0,10080.0,329,,,,,,,,,,,,,,,2026-09-28,2026-09-28,2026-09-28 14:23:46
TNB,TEB PORTFÖY ING BANK KAR PAYI ÖDEYEN SERBEST (DÖVİZ) ÖZEL FON,Bankacılık / Finans,VERIFY_ELIGIBILITY,Serbest fon; nitelikli yatırımcı / dağıtım kısıtı olabilir,True,2026-09-28,50.6899,0.2984,0.0068,0.2916,0.6457,1.8369,-1.1912,3.6886,9.6016,16.0987,2.1883,-0.4593,-0.133,621685789.73,78.0,329,0.0,0.0,0.0,0.0,0.0,0.0,0.0,0.0,4.02,0.0,0.0,0.0,0.0,0.0,2026-09-28,2026-09-28,2026-09-28 14:23:46
TNF,TEB PORTFÖY ONUNCU SERBEST (TL) ÖZEL FON,Diğer / Belirsiz,VERIFY_ELIGIBILITY,Serbest fon; nitelikli yatırımcı / dağıtım kısıtı olabilir,True,2026-09-28,4.4235,0.7043,0.7107,-0.0064,2.9042,3.0485,-0.1443,9.6735,22.2265,47.7901,1.3297,0.0,0.0,5379496006.4,3.0,329,0.0,0.0,0.0,0.0,0.0,0.0,0.0,0.0,0.0,0.0,0.0,0.0,0.0,0.0,2026-09-28,2026-09-28,2026-09-28 14:23:46
TNH,TACİRLER PORTFÖY REAL CAPİTAL SERBEST ÖZEL FON,Diğer / Belirsiz,VERIFY_ELIGIBILITY,Serbest fon; nitelikli yatırımcı / dağıtım kısıtı olabilir,True,2026-09-28,12.3765,0.6872,0.6735,0.0137,2.8437,-3.4666,6.3104,-7.1404,11.1331,15.0609,1.0469,-15.6325,-11.9125,206401464.87,3.0,329,0.0,0.0,0.0,0.0,0.0,0.0,0.0,0.0,50.49,0.0,0.0,0.0,41.72,0.0,2026-09-28,2026-09-28,2026-09-28 14:23:46
TNI,TEB PORTFÖY ING BANK ÖZEL BANKACILIK VE PLATİNUM DEĞİŞKEN ÖZEL FON,Bankacılık / Finans,VERIFY_ELIGIBILITY,Özel fon; erişim kısıtı olabilir,True,2026-09-28,11.7627,0.6567,0.3621,0.2946,2.5907,3.6618,-1.0712,9.5809,21.9967,49.4132,2.6544,-0.46,0.0,8569270527.18,2831.0,329,0.0,0.0,0.0,0.51,0.0,0.0,47.19,0.01,2.74,0.0,0.0,0.0,40.69,0.0,2026-09-28,2026-09-28,2026-09-28 14:23:46
TNS,TACİRLER PORTFÖY NAR SERBEST FON,Diğer / Belirsiz,VERIFY_ELIGIBILITY,Serbest fon; nitelikli yatırımcı / dağıtım kısıtı olabilir,True,2026-09-28,13.2647,1.4176,-1.8738,3.2914,-0.16,5.6265,-5.7865,7.8554,40.6245,37.9633,27.6507,-6.0799,-1.1244,96244636.13,16.0,329,53.54,0.0,0.0,0.0,0.0,0.0,0.0,0.0,12.67,0.0,0.0,0.0,12.46,0.0,2026-09-28,2026-09-28,2026-09-28 14:23:46
TO8,TEB PORTFÖY ONSEKİZİNCİ SERBEST (DÖVİZ-AVRO) FON,Diğer / Belirsiz,VERIFY_ELIGIBILITY,Serbest fon; nitelikli yatırımcı / dağıtım kısıtı olabilir,True,2026-09-28,56.844,-0.3277,-0.6228,0.2952,-0.5197,2.9607,-3.4803,5.1865,9.7532,,3.7024,-1.3535,-1.1665,727553906.37,101.0,248,0.0,0.0,0.0,0.0,0.0,0.0,0.0,0.0,0.0,0.0,0.0,0.0,22.06,0.0,2026-09-28,2026-09-28,2026-09-28 14:23:46
TOK,TEB PORTFÖY ONBİRİNCİ SERBEST (DÖVİZ - AVRO) FON,Diğer / Belirsiz,VERIFY_ELIGIBILITY,Serbest fon; nitelikli yatırımcı / dağıtım kısıtı olabilir,True,2026-09-28,59.2898,-0.3473,-0.6428,0.2954,-0.5917,2.8813,-3.473,4.9304,9.1105,15.7999,3.6878,-1.3915,-1.2149,23735739307.56,6757.0,329,0.0,0.0,0.0,0.0,0.0,0.0,0.0,0.0,15.73,0.0,0.0,0.0,67.09,0.0,2026-09-28,2026-09-28,2026-09-28 14:23:46
TOT,TEB PORTFÖY ÖZEL SEKTÖR BORÇLANMA ARAÇLARI FONU,Borçlanma Araçları,VERIFY_ELIGIBILITY,Özel fon; erişim kısıtı olabilir,True,2026-09-28,988.2537,0.6796,0.6672,0.0124,2.6946,2.9046,-0.21,9.1444,20.8345,45.6272,1.2857,0.0,0.0,114552433.86,627.0,329,0.0,0.0,0.0,0.0,0.0,0.0,0.19,9.82,0.0,0.0,0.0,0.0,4.37,0.0,2026-09-28,2026-09-28,2026-09-28 14:23:46
TP1,TEB PORTFÖY UYUM SERBEST (DÖVİZ) ÖZEL FON,Diğer / Belirsiz,VERIFY_ELIGIBILITY,Serbest fon; nitelikli yatırımcı / dağıtım kısıtı olabilir,True,2026-09-28,69.1218,0.4596,-0.1168,0.5764,0.9624,2.088,-1.1256,4.9604,13.1597,23.2139,2.0544,-0.2044,-0.1144,387854875.73,1.0,329,0.0,0.0,0.0,0.0,0.0,0.0,0.0,0.0,3.13,0.0,0.0,0.0,0.0,0.0,2026-09-28,2026-09-28,2026-09-28 14:23:46
TPE,İŞ PORTFÖY PY EUROBOND BORÇLANMA ARAÇLARI (DÖVİZ) ÖZEL FONU,Eurobond,VERIFY_ELIGIBILITY,Özel fon; erişim kısıtı olabilir,True,2026-09-28,0.5574,0.1076,0.0205,0.0871,0.8495,2.1487,-1.2992,4.8494,13.2698,25.9214,1.3847,-0.1474,-0.1365,2367024855.22,34.0,329,0.0,0.0,0.0,0.0,0.0,0.0,0.0,0.0,0.0,0.0,0.0,0.0,5.84,0.0,2026-09-28,2026-09-28,2026-09-28 14:23:46
TPJ,TEB PORTFÖY BİRİNCİ SERBEST (DÖVİZ) FON,Diğer / Belirsiz,VERIFY_ELIGIBILITY,Serbest fon; nitelikli yatırımcı / dağıtım kısıtı olabilir,True,2026-09-28,79.9723,0.3696,0.216,0.1537,1.3016,2.3573,-1.0557,5.593,14.2572,23.6365,1.2973,-0.2603,0.0,2345972902.81,1414.0,329,0.0,0.0,0.0,0.0,0.0,0.0,0.0,0.0,0.0,0.0,0.0,0.0,0.0,0.0,2026-09-28,2026-09-28,2026-09-28 14:23:46
TPO,İŞ PORTFÖY PY ÖZEL SEKTÖR BORÇLANMA ARAÇLARI (TL) ÖZEL FONU,Borçlanma Araçları,VERIFY_ELIGIBILITY,Özel fon; erişim kısıtı olabilir,True,2026-09-28,0.1883,0.7314,0.7357,-0.0043,2.7804,3.1152,-0.3349,9.676,19.2351,45.0358,1.4944,-0.0464,0.0,110238562.85,3.0,329,0.0,0.0,0.0,0.0,0.0,0.0,0.0,34.38,0.0,0.0,0.0,0.0,5.63,0.0,2026-09-28,2026-09-28,2026-09-28 14:23:46
TPP,TEB PORTFÖY PUSULA SERBEST FON,Diğer / Belirsiz,VERIFY_ELIGIBILITY,Serbest fon; nitelikli yatırımcı / dağıtım kısıtı olabilir,True,2026-09-28,78.5407,0.2034,-0.4686,0.672,0.3807,3.8148,-3.4341,6.9206,20.1184,57.656,11.4061,-2.7311,-1.3944,1800624535.94,363.0,329,7.32,15.78,0.0,0.0,0.0,0.0,44.47,0.0,0.0,0.0,0.0,0.0,0.0,0.0,2026-09-28,2026-09-28,2026-09-28 14:23:46
TPR,İŞ PORTFÖY PY HİSSE SENEDİ (TL) ÖZEL FONU (HİSSE SENEDİ YOĞUN FON),Hisse Senedi,VERIFY_ELIGIBILITY,Özel fon; erişim kısıtı olabilir,True,2026-09-28,0.4663,-0.2641,-4.6012,4.3371,-4.1377,5.1799,-9.3177,-7.152,4.5057,26.4383,27.3962,-9.5979,-7.152,10037705.41,1.0,329,89.32,0.0,0.0,0.0,0.0,0.0,0.0,0.0,0.0,0.0,0.0,0.0,10.68,0.0,2026-09-28,2026-09-28,2026-09-28 14:23:46
TRN,AZİMUT PORTFÖY CO HİSSE SENEDİ SERBEST ÖZEL FON (HİSSE SENEDİ YOĞUN FON),Hisse Senedi,VERIFY_ELIGIBILITY,Serbest fon; nitelikli yatırımcı / dağıtım kısıtı olabilir,True,2026-09-28,0.9365,3.1259,-26.8529,29.9788,-15.097,17.6668,-32.7638,-8.9229,-15.2596,-47.1359,97.6661,-30.5441,-27.0823,1713031106.41,1.0,329,172.53,0.0,0.0,0.0,0.0,0.0,0.0,0.0,0.0,0.0,0.0,-72.53,0.0,0.0,2026-09-28,2026-09-28,2026-09-28 14:23:46
TRR,TEB PORTFÖY BEŞİNCİ SERBEST (TL) FONU,Diğer / Belirsiz,VERIFY_ELIGIBILITY,Serbest fon; nitelikli yatırımcı / dağıtım kısıtı olabilir,True,2026-09-28,6.6838,0.6811,0.6969,-0.0158,2.8163,2.9632,-0.147,9.3854,21.528,45.8728,1.2856,0.0,0.0,2697428057.1,462.0,329,0.0,0.0,0.0,0.0,0.0,0.0,0.0,0.0,2.6,0.0,0.0,0.0,0.0,0.0,2026-09-28,2026-09-28,2026-09-28 14:23:46
TRU,TERA PORTFÖY KATILIM SERBEST (DÖVİZ) FON,Katılım,VERIFY_ELIGIBILITY,Serbest fon; nitelikli yatırımcı / dağıtım kısıtı olabilir,True,2026-09-28,1.5488,0.3965,0.2173,0.1792,1.5984,2.3737,-0.7753,5.5147,14.9127,23.7732,1.1857,-0.2381,0.0,311213613.92,277.0,329,0.0,0.0,0.0,2.0,0.0,0.0,0.0,0.0,13.95,0.0,0.0,0.0,0.0,0.0,2026-09-28,2026-09-28,2026-09-28 14:23:46
TSP,AZİMUT PORTFÖY TESA SERBEST (DÖVİZ) ÖZEL FON,Diğer / Belirsiz,VERIFY_ELIGIBILITY,Serbest fon; nitelikli yatırımcı / dağıtım kısıtı olabilir,True,2026-09-28,71.0523,0.1486,-0.6323,0.7809,-0.3078,2.7227,-3.0305,3.4649,13.6171,24.1776,4.1598,-1.2653,-0.7866,1744283912.75,5.0,329,4.33,0.0,0.0,0.0,0.0,0.0,0.0,0.0,12.48,0.0,0.0,0.0,0.0,0.0,2026-09-28,2026-09-28,2026-09-28 14:23:46
TTL,TACİRLER PORTFÖY KARTOPU SERBEST FON,Diğer / Belirsiz,VERIFY_ELIGIBILITY,Serbest fon; nitelikli yatırımcı / dağıtım kısıtı olabilir,True,2026-09-28,37.9772,-0.2373,-4.3184,4.0811,-3.0851,3.9492,-7.0343,0.4242,16.9736,29.2415,25.2696,-6.3168,-4.5455,291340881.96,294.0,329,79.76,0.0,0.0,0.0,0.0,0.0,0.0,5.19,0.0,0.0,0.0,0.0,0.0,0.0,2026-09-28,2026-09-28,2026-09-28 14:23:46
TTP,TEB PORTFÖY ÜÇÜNCÜ SERBEST (DÖVİZ) FON,Diğer / Belirsiz,VERIFY_ELIGIBILITY,Serbest fon; nitelikli yatırımcı / dağıtım kısıtı olabilir,True,2026-09-28,52.7232,0.5651,0.4487,0.1164,1.8566,1.8373,0.0193,5.6604,12.6145,22.8384,1.4034,-0.0028,0.0,907571497.78,105.0,329,0.0,0.0,0.0,0.0,0.0,0.0,0.0,0.0,0.96,0.0,0.0,0.0,0.0,0.0,2026-09-28,2026-09-28,2026-09-28 14:23:46
TTS,TEB PORTFÖY DÖRDÜNCÜ SERBEST (DÖVİZ) ÖZEL FON,Diğer / Belirsiz,VERIFY_ELIGIBILITY,Serbest fon; nitelikli yatırımcı / dağıtım kısıtı olabilir,True,2026-09-28,71.2173,0.3829,-0.2068,0.5897,0.3032,4.1289,-3.8257,4.988,15.7458,24.7779,4.526,-0.8037,-0.5762,2213896922.02,1.0,329,0.0,5.83,0.0,13.09,0.0,0.0,0.0,0.0,0.0,0.0,0.0,0.0,0.0,0.0,2026-09-28,2026-09-28,2026-09-28 14:23:46
TTV,TACİRLER PORTFÖY VEGA SERBEST (TL)  FON,Diğer / Belirsiz,VERIFY_ELIGIBILITY,Serbest fon; nitelikli yatırımcı / dağıtım kısıtı olabilir,True,2026-09-28,9.0368,0.3204,0.5185,-0.1981,1.4581,2.9838,-1.5258,7.0755,18.561,41.0065,2.7351,-0.4695,0.0,1841536203.75,30.0,329,62.47,0.0,0.0,0.0,0.0,0.0,0.0,0.0,0.05,0.0,0.0,0.0,20.64,0.0,2026-09-28,2026-09-28,2026-09-28 14:23:46
TTZ,DENİZ PORTFÖY EGE HİSSE SENEDİ SERBEST ÖZEL FON (HİSSE SENEDİ YOĞUN FON),Hisse Senedi,VERIFY_ELIGIBILITY,Serbest fon; nitelikli yatırımcı / dağıtım kısıtı olabilir,True,2026-09-28,3.6044,0.7908,-6.1403,6.9311,-3.3447,3.3271,-6.6718,-4.8212,11.2791,11.1066,37.8744,-10.6452,-5.3981,230949207.75,7.0,329,86.8,0.0,0.0,0.0,0.0,0.0,0.0,0.0,0.0,0.0,0.0,0.0,0.0,0.0,2026-09-28,2026-09-28,2026-09-28 14:23:46
TZC,ZİRAAT PORTFÖY BÜYÜYEN ÇOCUKLARA YÖNELİK DEĞİŞKEN ÖZEL FON,Değişken,VERIFY_ELIGIBILITY,Özel fon; erişim kısıtı olabilir,True,2026-09-28,0.3046,0.6637,-4.8564,5.52,-5.1241,7.8927,-13.0169,-0.9651,10.8462,23.7474,27.2825,-8.7427,-5.1241,29953528.03,1127.0,329,81.16,0.0,0.0,0.0,0.0,0.0,0.0,0.0,4.16,0.0,0.0,0.0,7.65,0.0,2026-09-28,2026-09-28,2026-09-28 14:23:46
TZH,ZİRAAT PORTFÖY TZH SERBEST ÖZEL FON,Diğer / Belirsiz,VERIFY_ELIGIBILITY,Serbest fon; nitelikli yatırımcı / dağıtım kısıtı olabilir,True,2026-09-28,8.6672,0.4342,-0.7537,1.1879,0.3898,5.4167,-5.0268,7.3258,16.8209,38.3391,7.0541,-1.8297,-0.3227,63878990085.97,1.0,329,14.21,0.0,0.0,0.0,0.0,0.0,0.0,0.12,9.06,4.01,0.0,0.0,0.0,0.0,2026-09-28,2026-09-28,2026-09-28 14:23:46
TZP,TACİRLER PORTFÖY RİGEL SERBEST ÖZEL FON,Diğer / Belirsiz,VERIFY_ELIGIBILITY,Serbest fon; nitelikli yatırımcı / dağıtım kısıtı olabilir,True,2026-09-28,14.8046,0.8242,0.6563,0.1679,3.0865,3.0825,0.004,10.1263,23.4902,48.7793,1.0167,-0.052,0.0,1168178971.9,14.0,329,4.12,0.0,0.0,0.0,0.0,0.0,0.0,0.0,14.86,0.01,0.0,0.0,64.81,0.0,2026-09-28,2026-09-28,2026-09-28 14:23:46
UAB,ÜNLÜ PORTFÖY BONCUK SERBEST (DÖVİZ) ÖZEL FON,Diğer / Belirsiz,VERIFY_ELIGIBILITY,Serbest fon; nitelikli yatırımcı / dağıtım kısıtı olabilir,True,2026-09-28,5.4287,-0.4482,-0.3219,-0.1263,-1.3554,4.2055,-5.5609,5.3504,12.5555,26.0085,3.4238,-1.4498,-1.4498,640812452.62,2.0,329,0.0,8.94,0.0,0.0,0.0,0.0,0.0,0.0,51.01,0.0,0.0,0.0,0.0,0.0,2026-09-28,2026-09-28,2026-09-28 14:23:46
UAP,ÜNLÜ PORTFÖY ALTINCI SERBEST (DÖVİZ) ÖZEL FON,Altın,VERIFY_ELIGIBILITY,Serbest fon; nitelikli yatırımcı / dağıtım kısıtı olabilir,True,2026-09-28,71.7673,-0.0129,0.0025,-0.0154,0.4539,2.6036,-2.1496,4.7742,14.0457,28.5374,1.3966,-0.2387,-0.2387,471256652.29,1.0,329,0.33,0.0,0.0,0.0,0.0,0.0,10.81,0.0,29.74,0.4,0.0,0.0,2.63,0.0,2026-09-28,2026-09-28,2026-09-28 14:23:46
UCN,AK PORTFÖY FNM HİSSE SENEDİ SERBEST ÖZEL FON (HİSSE SENEDİ YOĞUN FON),Hisse Senedi,VERIFY_ELIGIBILITY,Serbest fon; nitelikli yatırımcı / dağıtım kısıtı olabilir,True,2026-09-28,2.052,-0.0074,-4.3192,4.3119,-1.8382,6.4385,-8.2767,2.3853,1.4435,15.73,26.2666,-7.6828,-5.0091,1117809785.03,2.0,329,80.52,0.0,0.0,0.0,0.0,0.0,0.0,0.0,1.36,0.0,0.0,0.0,0.0,0.0,2026-09-28,2026-09-28,2026-09-28 14:23:46
UFH,AZİMUT PORTFÖY EE SERBEST (DÖVİZ) ÖZEL FON,Diğer / Belirsiz,VERIFY_ELIGIBILITY,Serbest fon; nitelikli yatırımcı / dağıtım kısıtı olabilir,True,2026-09-28,73.6233,-0.0434,-0.1868,0.1433,0.2669,2.4486,-2.1817,4.1626,13.2452,20.6607,1.8856,-0.3389,-0.3389,270661281.34,1.0,329,0.0,0.0,0.0,0.0,0.0,0.0,0.0,0.0,21.19,0.0,0.0,0.0,0.0,0.0,2026-09-28,2026-09-28,2026-09-28 14:23:46
UHL,AZİMUT PORTFÖY ARUNA SERBEST (DÖVİZ) ÖZEL FON,Diğer / Belirsiz,VERIFY_ELIGIBILITY,Serbest fon; nitelikli yatırımcı / dağıtım kısıtı olabilir,True,2026-09-28,74.3326,0.0139,-0.3134,0.3272,0.2574,2.6593,-2.4019,4.3935,13.3705,22.5836,2.0059,-0.4594,-0.3982,2655441703.33,1.0,329,0.0,0.0,0.0,0.0,0.0,0.0,0.0,0.0,0.06,0.0,0.0,0.0,0.0,0.0,2026-09-28,2026-09-28,2026-09-28 14:23:46
UHS,ATLAS PORTFÖY ÜÇÜNCÜ HİSSE SENEDİ SERBEST FON (HİSSE SENEDİ YOĞUN FON),Hisse Senedi,VERIFY_ELIGIBILITY,Serbest fon; nitelikli yatırımcı / dağıtım kısıtı olabilir,True,2026-09-28,3.687,-40.9524,-24.5807,-16.3717,-47.6997,7.4705,-55.1701,-34.4859,-28.4153,145.7944,95.2986,-56.9575,-56.9575,198404025.02,13.0,329,99.7,0.0,0.0,0.0,0.0,0.0,0.0,0.0,0.3,0.0,0.0,0.0,0.0,0.0,2026-09-28,2026-09-28,2026-09-28 14:23:46
ULH,ÜNLÜ PORTFÖY ONUNCU SERBEST FON,Diğer / Belirsiz,VERIFY_ELIGIBILITY,Serbest fon; nitelikli yatırımcı / dağıtım kısıtı olabilir,True,2026-09-28,6.8788,2.4534,0.9192,1.5342,3.5205,4.1436,-0.6232,8.1032,19.5573,27.4481,15.014,-4.7053,-1.1575,1301296741.1,223.0,329,0.0,77.4,0.0,0.0,0.0,0.0,0.0,0.0,21.59,0.0,0.0,0.0,0.88,0.0,2026-09-28,2026-09-28,2026-09-28 14:23:46
ULL,QNB PORTFÖY SEKİZİNCİ SERBEST (DÖVİZ) ÖZEL FON,Diğer / Belirsiz,VERIFY_ELIGIBILITY,Serbest fon; nitelikli yatırımcı / dağıtım kısıtı olabilir,True,2026-09-28,71.8296,0.7907,0.0561,0.7346,1.6221,1.8365,-0.2144,2.9577,16.6813,24.8147,5.3636,-2.4415,-0.5318,294285424.01,3.0,329,0.0,19.24,0.0,0.0,0.0,0.0,0.0,0.0,0.66,0.0,0.0,0.0,0.0,0.0,2026-09-28,2026-09-28,2026-09-28 14:23:46
UNT,İŞ PORTFÖY ÜÇÜNCÜ SERBEST (TL) FON,Diğer / Belirsiz,VERIFY_ELIGIBILITY,Serbest fon; nitelikli yatırımcı / dağıtım kısıtı olabilir,True,2026-09-28,1.6241,0.6843,0.6838,0.0006,2.7687,2.9512,-0.1826,9.3388,21.5448,46.5781,1.2705,0.0,0.0,11702166004.11,291.0,315,0.0,0.0,0.0,0.0,0.0,0.0,0.0,0.0,0.0,0.0,0.0,0.0,100.0,0.0,2026-09-28,2026-09-28,2026-09-28 14:23:46
UPD,ÜNLÜ PORTFÖY DÖRDÜNCÜ SERBEST (DÖVIZ) FON,Diğer / Belirsiz,VERIFY_ELIGIBILITY,Serbest fon; nitelikli yatırımcı / dağıtım kısıtı olabilir,True,2026-09-28,22.0989,-0.4273,-0.2564,-0.1709,-0.7379,2.8535,-3.5914,3.9478,11.312,22.9532,2.2328,-0.9055,-0.9055,2350226470.62,223.0,329,0.0,2.37,0.0,0.0,0.0,0.0,0.0,0.0,9.25,0.0,0.0,0.0,12.64,0.0,2026-09-28,2026-09-28,2026-09-28 14:23:46
UPS,ÜNLÜ PORTFÖY SESA SERBEST ÖZEL FON,Diğer / Belirsiz,VERIFY_ELIGIBILITY,Serbest fon; nitelikli yatırımcı / dağıtım kısıtı olabilir,True,2026-09-28,5.0008,-0.1269,-0.5718,0.4449,-1.5885,6.9272,-8.5158,6.7604,12.0718,115.0028,5.1247,-1.593,-1.593,1055683430.63,1.0,329,0.5,12.94,0.0,0.0,0.0,0.0,0.0,0.0,52.68,0.0,0.0,0.0,32.81,0.0,2026-09-28,2026-09-28,2026-09-28 14:23:46
URC,AK PORTFÖY ONUNCU SERBEST (DÖVİZ) FON,Diğer / Belirsiz,VERIFY_ELIGIBILITY,Serbest fon; nitelikli yatırımcı / dağıtım kısıtı olabilir,True,2026-09-28,56.6414,0.3519,0.3582,-0.0062,1.418,1.4687,-0.0507,4.4527,9.7793,17.5053,1.1911,0.0,0.0,158082251.37,145.0,329,0.0,0.0,0.0,0.0,0.0,0.0,0.0,0.0,0.0,0.0,0.0,0.0,0.0,0.0,2026-09-28,2026-09-28,2026-09-28 14:23:46
URD,ALBARAKA PORTFÖY ÜÇÜNCÜ KATILIM SERBEST (DÖVİZ-ABD DOLARI) FON,Katılım,VERIFY_ELIGIBILITY,Serbest fon; nitelikli yatırımcı / dağıtım kısıtı olabilir,True,2026-09-28,51.3873,0.4382,0.4768,-0.0386,1.904,1.874,0.03,6.2489,13.5767,,1.0851,0.0,0.0,11326239294.94,14.0,242,0.0,0.0,0.0,0.0,0.0,0.0,0.0,0.0,4.43,0.0,0.0,0.0,0.0,0.0,2026-09-28,2026-09-28,2026-09-28 14:23:46
URG,AK PORTFÖY BİRİNCİ SERBEST (DÖVİZ) ÖZEL FON,Diğer / Belirsiz,VERIFY_ELIGIBILITY,Serbest fon; nitelikli yatırımcı / dağıtım kısıtı olabilir,True,2026-09-28,76.8827,0.0413,-0.178,0.2193,0.3551,2.5425,-2.1874,4.4871,13.3546,24.0415,1.9951,-0.3551,-0.3323,576831657.24,1.0,329,0.0,0.0,0.0,0.0,0.0,0.0,0.0,0.0,4.69,0.0,0.0,0.0,0.0,0.0,2026-09-28,2026-09-28,2026-09-28 14:23:46
URM,AK PORTFÖY ÖPY ALTINCI SERBEST (DÖVİZ) ÖZEL FON,Altın,VERIFY_ELIGIBILITY,Serbest fon; nitelikli yatırımcı / dağıtım kısıtı olabilir,True,2026-09-28,50.1537,0.4662,0.4744,-0.0083,1.8998,1.9368,-0.037,5.3409,9.6168,15.507,1.1517,-0.1357,0.0,3767202974.66,5.0,329,0.0,0.0,0.0,0.0,0.0,0.0,0.0,0.0,0.0,0.0,0.0,0.0,0.0,0.0,2026-09-28,2026-09-28,2026-09-28 14:23:46
URS,AK PORTFÖY ORKİDE SERBEST ÖZEL FON,Diğer / Belirsiz,VERIFY_ELIGIBILITY,Serbest fon; nitelikli yatırımcı / dağıtım kısıtı olabilir,True,2026-09-28,3.9532,-0.6458,-1.2069,0.5611,-0.494,11.9037,-12.3977,16.2298,18.2537,39.6029,14.7413,-3.6679,-2.0588,1036088355.93,1.0,329,47.63,0.0,0.0,0.0,0.0,0.0,0.0,0.0,0.12,0.0,0.0,0.0,0.0,0.0,2026-09-28,2026-09-28,2026-09-28 14:23:46
URV,AK PORTFÖY GELİNCİK SERBEST ÖZEL FON,Diğer / Belirsiz,VERIFY_ELIGIBILITY,Serbest fon; nitelikli yatırımcı / dağıtım kısıtı olabilir,True,2026-09-28,3.3505,0.284,-4.2192,4.5032,-3.8335,13.5453,-17.3787,-8.7515,3.081,7.575,47.3958,-18.6658,-8.7515,8997489530.17,2.0,329,98.14,0.0,0.0,0.0,0.0,0.0,0.0,0.0,0.07,0.0,0.0,0.0,0.0,0.0,2026-09-28,2026-09-28,2026-09-28 14:23:46
USS,AZİMUT PORTFÖY UNİCO SİGORTA SERBEST (TL) ÖZEL FON,Diğer / Belirsiz,VERIFY_ELIGIBILITY,Serbest fon; nitelikli yatırımcı / dağıtım kısıtı olabilir,True,2026-09-28,3.9966,0.6699,0.4344,0.2355,2.7193,3.1399,-0.4205,9.2407,24.7884,49.037,2.0605,-0.1318,0.0,4332483224.54,1.0,329,4.12,0.0,0.0,0.0,0.0,0.0,9.85,4.41,0.0,0.0,0.0,0.0,8.05,0.0,2026-09-28,2026-09-28,2026-09-28 14:23:46
UST,İŞ PORTFÖY ÜÇÜNCÜ SERBEST (TL) ÖZEL FON,Diğer / Belirsiz,VERIFY_ELIGIBILITY,Serbest fon; nitelikli yatırımcı / dağıtım kısıtı olabilir,True,2026-09-28,4.3862,0.7045,0.7329,-0.0284,3.0022,3.1277,-0.1255,9.9301,22.548,48.2193,1.377,0.0,0.0,2056413942.83,1.0,329,0.0,0.0,0.0,0.0,0.0,0.0,0.0,1.27,0.05,0.0,0.0,0.0,0.0,0.0,2026-09-28,2026-09-28,2026-09-28 14:23:46
USY,ÜNLÜ PORTFÖY DEĞER YATIRIMLARI SERBEST FON,Diğer / Belirsiz,VERIFY_ELIGIBILITY,Serbest fon; nitelikli yatırımcı / dağıtım kısıtı olabilir,True,2026-09-28,0.2632,-0.4519,-0.287,-0.165,-0.3705,4.66,-5.0305,5.0499,14.9449,41.5429,5.1729,-1.0391,-1.016,1260641381.97,343.0,329,4.2,7.81,0.0,0.0,0.0,0.0,0.08,0.76,59.29,5.21,0.0,0.0,9.58,0.0,2026-09-28,2026-09-28,2026-09-28 14:23:46
UYH,ÜNLÜ PORTFÖY DOKUZUNCU SERBEST (TL) FON,Diğer / Belirsiz,VERIFY_ELIGIBILITY,Serbest fon; nitelikli yatırımcı / dağıtım kısıtı olabilir,True,2026-09-28,5.2446,0.6865,0.6338,0.0527,2.6376,3.3198,-0.6821,8.4512,19.9016,46.509,1.5653,-0.1596,0.0,690290851.59,12.0,329,1.96,0.0,0.0,0.0,0.0,0.0,9.88,2.05,0.0,0.0,0.0,0.0,78.98,0.0,2026-09-28,2026-09-28,2026-09-28 14:23:46
UZY,ÜNLÜ PORTFÖY İKİNCİ İSTATİSTİKSEL ARBİTRAJ SERBEST FON,Diğer / Belirsiz,VERIFY_ELIGIBILITY,Serbest fon; nitelikli yatırımcı / dağıtım kısıtı olabilir,True,2026-09-28,9.4219,0.5747,-0.6882,1.2629,0.8401,3.2272,-2.3871,6.9306,14.5373,117.6286,3.7697,-1.1555,-0.1175,334403194.21,44.0,329,7.75,7.79,0.0,0.0,0.0,0.0,0.0,0.0,0.0,0.69,0.0,0.0,78.04,0.0,2026-09-28,2026-09-28,2026-09-28 14:23:46
VCG,AZİMUT PORTFÖY DÖRDÜNCÜ SERBEST (TL) FON,Diğer / Belirsiz,VERIFY_ELIGIBILITY,Serbest fon; nitelikli yatırımcı / dağıtım kısıtı olabilir,True,2026-09-28,5.9514,0.7492,0.5794,0.1698,2.73,2.9991,-0.2691,9.3421,21.5978,46.601,0.9301,0.0,0.0,2061234178.31,12.0,329,0.0,0.0,0.0,0.0,0.0,0.0,0.05,1.71,35.87,0.0,0.0,0.0,0.0,0.0,2026-09-28,2026-09-28,2026-09-28 14:23:46
VFS,AZİMUT PORTFÖY AVF SERBEST ÖZEL FON,Diğer / Belirsiz,VERIFY_ELIGIBILITY,Serbest fon; nitelikli yatırımcı / dağıtım kısıtı olabilir,True,2026-09-28,2.0322,0.6149,0.6527,-0.0377,2.3112,2.621,-0.3098,4.4655,10.1034,24.8678,2.4556,-3.0127,0.0,6545237.76,1.0,329,57.54,0.0,0.0,0.0,0.0,0.0,0.0,0.0,9.82,0.0,0.0,0.0,0.0,0.0,2026-09-28,2026-09-28,2026-09-28 14:23:46
VKI,ALBARAKA PORTFÖY VAKIF KATILIM İKİNCİ KISA VADELİ KATILIM SERBEST (TL) FON,Katılım,VERIFY_ELIGIBILITY,Serbest fon; nitelikli yatırımcı / dağıtım kısıtı olabilir,True,2026-09-28,3.2239,0.6667,0.6628,0.0039,2.7394,2.8323,-0.0928,8.9756,20.702,43.4767,1.2496,0.0,0.0,3231146479.47,331.0,329,0.0,0.0,0.0,0.0,0.0,0.0,0.0,0.0,0.0,0.0,0.0,0.0,0.0,0.0,2026-09-28,2026-09-28,2026-09-28 14:23:46
VMV,VEGA PORTFÖY MAVİ SERBEST FON,Diğer / Belirsiz,VERIFY_ELIGIBILITY,Serbest fon; nitelikli yatırımcı / dağıtım kısıtı olabilir,True,2026-09-28,2.8947,0.69,0.6706,0.0194,2.9225,3.0562,-0.1338,9.5733,21.7325,47.6959,1.2516,0.0,0.0,7620451986.3,111.0,329,0.0,0.0,0.0,0.0,0.0,0.0,0.0,0.32,5.17,0.0,0.0,0.0,54.47,0.0,2026-09-28,2026-09-28,2026-09-28 14:23:46
VNK,VEGA PORTFÖY ANKA SERBEST FON,Diğer / Belirsiz,VERIFY_ELIGIBILITY,Serbest fon; nitelikli yatırımcı / dağıtım kısıtı olabilir,True,2026-09-28,2.4886,0.9268,0.3623,0.5644,0.983,5.0716,-4.0886,7.2939,11.1825,36.4018,4.0957,-1.019,0.0,3659630721.62,190.0,329,2.09,0.0,0.0,0.0,6.46,0.0,0.37,1.47,12.15,0.0,0.0,0.0,11.53,0.0,2026-09-28,2026-09-28,2026-09-28 14:23:46
VPP,VEGA PORTFÖY PARLA SERBEST (DÖVİZ) FON,Diğer / Belirsiz,VERIFY_ELIGIBILITY,Serbest fon; nitelikli yatırımcı / dağıtım kısıtı olabilir,True,2026-09-28,56.1371,1.3896,0.8586,0.531,3.4735,3.0612,0.4123,10.1269,19.4821,,2.1103,-0.0386,0.0,1205750237.48,341.0,182,0.0,0.0,0.0,0.0,0.0,0.0,0.0,0.0,12.06,0.0,0.0,0.0,0.0,0.0,2026-09-28,2026-09-28,2026-09-28 14:23:46
VPS,VEGA PORTFÖY SALUR HİSSE SENEDİ SERBEST (TL) FON (HİSSE SENEDİ YOĞUN FON),Hisse Senedi,VERIFY_ELIGIBILITY,Serbest fon; nitelikli yatırımcı / dağıtım kısıtı olabilir,True,2026-09-28,0.776,-1.1679,-7.6361,6.4683,-14.1447,2.3414,-16.4861,-36.8138,-39.2494,,30.3816,-38.3003,-37.8417,722630695.31,4570.0,182,82.71,0.0,0.0,0.0,0.0,0.0,0.0,0.0,0.0,0.81,0.0,0.0,0.0,0.0,2026-09-28,2026-09-28,2026-09-28 14:23:46
VTF,AZİMUT PORTFÖY VİTA SERBEST ÖZEL FON,Diğer / Belirsiz,VERIFY_ELIGIBILITY,Serbest fon; nitelikli yatırımcı / dağıtım kısıtı olabilir,True,2026-09-28,2.0297,-2.4812,-10.7269,8.2457,-7.7094,-1.0896,-6.6198,-4.1593,-3.2621,14.3183,54.7463,-20.7838,-19.7462,387977538.26,1.0,329,75.89,0.0,0.0,0.0,0.0,0.0,0.0,0.0,24.11,0.0,0.0,0.0,0.0,0.0,2026-09-28,2026-09-28,2026-09-28 14:23:46
YA1,YAPI KREDİ PORTFÖY BİRİNCİ SERBEST FON,Diğer / Belirsiz,VERIFY_ELIGIBILITY,Serbest fon; nitelikli yatırımcı / dağıtım kısıtı olabilir,True,2026-09-28,1.4775,0.6953,0.6954,-0.0001,2.7996,2.9656,-0.166,9.4024,21.4665,45.5471,1.289,0.0,0.0,6991194804.25,87.0,289,0.0,0.0,0.0,0.0,0.0,0.0,0.0,0.0,0.0,0.0,0.0,0.0,100.0,0.0,2026-09-28,2026-09-28,2026-09-28 14:23:46
YAR,İŞ PORTFÖY RESAN DEĞİŞKEN ÖZEL FON,Değişken,VERIFY_ELIGIBILITY,Özel fon; erişim kısıtı olabilir,True,2026-09-28,27.8798,0.1511,-2.6149,2.766,0.3526,2.8754,-2.5228,3.8929,12.9095,27.1773,23.6775,-5.8009,-2.4678,780633342.28,1.0,329,71.63,0.0,0.0,0.0,0.0,0.0,0.0,0.0,17.15,0.0,0.0,0.0,11.22,0.0,2026-09-28,2026-09-28,2026-09-28 14:23:46
YBH,YAPI KREDİ PORTFÖY 5-15 YIL VADELİ SERBEST (DÖVİZ) FON,Diğer / Belirsiz,VERIFY_ELIGIBILITY,Serbest fon; nitelikli yatırımcı / dağıtım kısıtı olabilir,True,2026-09-28,53.6458,-0.5182,-0.3336,-0.1846,-1.4411,3.4366,-4.8777,2.1071,13.9568,20.7368,6.8623,-1.9469,-1.8312,620241445.42,548.0,329,3.37,0.0,0.0,3.87,0.0,0.0,0.0,0.0,0.16,0.0,0.0,0.0,0.0,0.0,2026-09-28,2026-09-28,2026-09-28 14:23:46
YBJ,DENİZ PORTFÖY AYBÜKE SERBEST (DÖVİZ) ÖZEL FON,Diğer / Belirsiz,VERIFY_ELIGIBILITY,Serbest fon; nitelikli yatırımcı / dağıtım kısıtı olabilir,True,2026-09-28,59.1914,-0.1334,-0.3263,0.1929,0.1702,2.4372,-2.267,4.1057,12.9659,21.828,2.1312,-0.5602,-0.5602,1957188829.46,1.0,329,0.0,0.0,0.0,0.0,0.0,0.0,0.0,0.0,8.85,0.0,0.0,0.0,0.0,0.0,2026-09-28,2026-09-28,2026-09-28 14:23:46
YBP,YAPI KREDİ PORTFÖY PY BİRİNCİ DEĞİŞKEN ÖZEL FON,Değişken,VERIFY_ELIGIBILITY,Özel fon; erişim kısıtı olabilir,True,2026-09-28,13.1777,0.7431,0.6472,0.0959,2.6313,3.3942,-0.7629,7.9421,18.3325,42.1159,1.6777,-0.4928,0.0,980174283.58,55.0,329,0.0,0.0,0.0,0.0,0.0,0.0,10.68,14.25,8.6,0.0,0.0,0.0,51.19,0.0,2026-09-28,2026-09-28,2026-09-28 14:23:46
YBR,İŞ PORTFÖY YİRMİBİRİNCİ SERBEST (DÖVİZ) FON,Diğer / Belirsiz,VERIFY_ELIGIBILITY,Serbest fon; nitelikli yatırımcı / dağıtım kısıtı olabilir,True,2026-09-28,55.7209,-0.4244,-0.4298,0.0054,-0.4477,2.6902,-3.138,3.8975,14.5096,23.765,2.4414,-0.9917,-0.9917,5846515541.27,2419.0,329,0.0,0.0,0.0,0.0,0.0,0.0,0.0,0.0,1.27,0.0,0.0,0.0,0.72,0.0,2026-09-28,2026-09-28,2026-09-28 14:23:46
YBS,YAPI KREDİ PORTFÖY ÖZEL SEKTÖR BORÇLANMA ARAÇLARI FONU,Borçlanma Araçları,VERIFY_ELIGIBILITY,Özel fon; erişim kısıtı olabilir,True,2026-09-28,0.1511,0.6711,0.6945,-0.0235,2.7793,2.9128,-0.1335,9.3075,21.3387,46.7728,1.1393,0.0,0.0,2212451306.57,12030.0,329,0.0,0.0,0.0,0.0,0.0,0.0,0.0,34.34,10.47,0.0,0.0,0.0,0.0,0.0,2026-09-28,2026-09-28,2026-09-28 14:23:46
YCG,YAPI KREDİ PORTFÖY KARŞIYAKA SERBEST (DÖVİZ) ÖZEL FON,Diğer / Belirsiz,VERIFY_ELIGIBILITY,Serbest fon; nitelikli yatırımcı / dağıtım kısıtı olabilir,True,2026-09-28,60.8897,-0.3144,-0.4665,0.1522,-0.5135,2.3045,-2.8181,3.4214,10.9729,19.2854,2.1874,-1.0007,-1.0007,202775166.91,4.0,329,0.0,0.0,0.0,0.0,0.0,0.0,0.0,0.0,18.99,0.0,0.0,0.0,0.0,0.0,2026-09-28,2026-09-28,2026-09-28 14:23:46
YCH,YAPI KREDİ PORTFÖY ODEABANK AYRICALIKLI VE ÖZEL BANKACILIK FON SEPETİ ÖZEL FONU,Bankacılık / Finans,VERIFY_ELIGIBILITY,Özel fon; erişim kısıtı olabilir,True,2026-09-28,2.7531,0.4666,-0.2009,0.6674,0.5179,5.3078,-4.7899,7.8889,19.7962,36.9941,5.2795,-1.2034,0.0,108706696.49,112.0,329,3.68,0.0,0.0,6.29,0.0,0.0,0.0,4.96,85.07,0.0,0.0,0.0,0.0,0.0,2026-09-28,2026-09-28,2026-09-28 14:23:46
YCK,YAPI KREDİ PORTFÖY CİHANGİR SERBEST FON,Diğer / Belirsiz,VERIFY_ELIGIBILITY,Serbest fon; nitelikli yatırımcı / dağıtım kısıtı olabilir,True,2026-09-28,4.9121,4.0806,-1.0546,5.1352,3.9175,6.0273,-2.1098,2.1127,36.8353,41.2432,28.4964,-15.2899,-2.4263,432119358.64,146.0,329,0.0,68.57,0.0,0.0,0.0,0.0,0.0,0.0,9.36,0.0,0.0,0.0,0.0,0.0,2026-09-28,2026-09-28,2026-09-28 14:23:46
YCL,ATA PORTFÖY BEŞİNCİ SERBEST FON,Diğer / Belirsiz,VERIFY_ELIGIBILITY,Serbest fon; nitelikli yatırımcı / dağıtım kısıtı olabilir,True,2026-09-28,10.4976,0.3617,-1.3738,1.7354,-0.4978,0.769,-1.2668,1.4668,4.0479,23.2924,9.6335,-4.2336,-1.2963,175260045.59,12.0,329,26.93,0.0,0.0,0.0,0.0,0.0,0.0,2.8,0.0,0.0,0.0,0.0,0.0,0.0,2026-09-28,2026-09-28,2026-09-28 14:23:46
YCP,YAPI KREDİ PORTFÖY BANKACILIK SEKTÖRÜ HİSSE SENEDİ SERBEST FON (HİSSE SENEDİ YOĞUN FON),Bankacılık / Finans,VERIFY_ELIGIBILITY,Serbest fon; nitelikli yatırımcı / dağıtım kısıtı olabilir,True,2026-09-28,8.3981,-0.8175,-4.0984,3.2809,-3.0658,10.5281,-13.594,-10.8754,2.1714,0.7712,45.8818,-19.0442,-10.8754,986715690.88,1905.0,329,91.37,0.0,0.0,0.0,0.0,0.0,0.0,0.0,2.04,0.0,0.0,0.0,0.0,0.0,2026-09-28,2026-09-28,2026-09-28 14:23:46
YDH,AK PORTFÖY İKİNCİ SERBEST ÖZEL FON,Diğer / Belirsiz,VERIFY_ELIGIBILITY,Serbest fon; nitelikli yatırımcı / dağıtım kısıtı olabilir,True,2026-09-28,1.1088,1.1013,-5.5295,6.6307,-6.3017,14.7287,-21.0303,3.7445,,,28.7629,-9.5226,-6.3017,5485893403.83,1.0,91,77.43,0.0,0.0,0.0,0.0,0.0,0.0,0.0,9.23,0.0,0.0,0.0,7.19,0.0,2026-09-28,2026-09-28,2026-09-28 14:23:46
YDL,YAPI KREDİ PORTFÖY ADALAR SERBEST (DÖVİZ) ÖZEL FON,Diğer / Belirsiz,VERIFY_ELIGIBILITY,Serbest fon; nitelikli yatırımcı / dağıtım kısıtı olabilir,True,2026-09-28,60.5185,0.0011,-0.2904,0.2915,0.3107,2.5738,-2.2631,4.5987,13.7124,22.7704,1.9834,-0.4317,-0.3606,1267030121.84,8.0,329,0.0,0.0,0.0,0.0,0.0,0.0,0.0,0.0,0.69,0.0,0.0,0.0,0.0,0.0,2026-09-28,2026-09-28,2026-09-28 14:23:46
YDM,AZİMUT PORTFÖY 24.0 SERBEST ÖZEL FON,Diğer / Belirsiz,VERIFY_ELIGIBILITY,Serbest fon; nitelikli yatırımcı / dağıtım kısıtı olabilir,True,2026-09-28,1.958,2.8409,-2.3329,5.1738,1.128,6.8113,-5.6833,11.7304,27.5429,55.2147,17.4359,-3.9854,-0.1248,1508807784.85,2.0,329,54.08,0.86,0.0,2.91,0.0,0.0,0.0,0.0,9.82,0.0,0.0,0.0,22.46,0.0,2026-09-28,2026-09-28,2026-09-28 14:23:46
YDZ,YAPI KREDİ PORTFÖY ODEABANK DÖRDÜNCÜ SERBEST (DÖVİZ) ÖZEL FON,Bankacılık / Finans,VERIFY_ELIGIBILITY,Serbest fon; nitelikli yatırımcı / dağıtım kısıtı olabilir,True,2026-09-28,56.3301,0.4342,0.4605,-0.0263,1.8071,1.8924,-0.0853,5.7802,12.8101,23.1921,1.071,0.0,0.0,9855775142.29,2559.0,329,0.0,0.0,0.0,0.0,0.0,0.0,0.0,0.0,7.88,0.0,0.0,0.0,2.4,0.0,2026-09-28,2026-09-28,2026-09-28 14:23:46
YGM,YAPI KREDİ PORTFÖY EMTİA SERBEST FON,Diğer / Belirsiz,VERIFY_ELIGIBILITY,Serbest fon; nitelikli yatırımcı / dağıtım kısıtı olabilir,True,2026-09-28,3.4626,-0.4573,0.2895,-0.7468,0.5366,9.6023,-9.0656,16.4071,15.8062,39.4759,8.6445,-2.3965,-1.1532,536777639.81,1820.0,329,3.62,12.55,0.0,61.98,0.0,0.0,0.0,0.0,3.25,0.0,0.0,0.0,5.58,0.0,2026-09-28,2026-09-28,2026-09-28 14:23:46
YHI,YAPI KREDİ PORTFÖY İNŞAAT SEKTÖRÜ HİSSE SENEDİ SERBEST (TL) FON (HİSSE SENEDİ YOĞUN FON),Hisse Senedi,VERIFY_ELIGIBILITY,Serbest fon; nitelikli yatırımcı / dağıtım kısıtı olabilir,True,2026-09-28,1.4158,1.3657,-8.8543,10.22,-8.687,6.1343,-14.8212,-5.4514,6.7897,14.8964,26.8238,-10.226,-8.9199,53680776.35,218.0,329,81.68,0.0,0.0,0.0,0.0,0.0,0.0,0.0,3.54,0.0,0.0,0.0,0.0,0.0,2026-09-28,2026-09-28,2026-09-28 14:23:46
YHP,YAPI KREDİ PORTFÖY KADIKÖY SERBEST FON,Diğer / Belirsiz,VERIFY_ELIGIBILITY,Serbest fon; nitelikli yatırımcı / dağıtım kısıtı olabilir,True,2026-09-28,4.6854,0.4311,-3.1968,3.6279,-0.9672,7.1292,-8.0964,8.8212,19.7706,47.2254,16.2953,-4.9226,-2.7795,1733586174.81,1.0,329,52.74,0.0,0.0,0.0,0.0,0.0,3.18,8.42,2.72,0.0,0.0,0.0,0.0,0.0,2026-09-28,2026-09-28,2026-09-28 14:23:46
YHY,INVEO PORTFÖY YEDİNCİ HİSSE SENEDİ SERBEST FON (HİSSE SENEDİ YOĞUN FON),Hisse Senedi,VERIFY_ELIGIBILITY,Serbest fon; nitelikli yatırımcı / dağıtım kısıtı olabilir,True,2026-09-28,0.8418,-2.9236,-7.1249,4.2013,-19.1729,0.8296,-20.0025,-33.8712,-26.7023,-22.1331,39.7928,-35.3724,-33.8712,153476876.85,18.0,318,99.99,0.0,0.0,0.0,0.0,0.0,0.0,0.0,0.01,0.0,0.0,0.0,0.0,0.0,2026-09-28,2026-09-28,2026-09-28 14:23:46
YIS,YAPI KREDİ PORTFÖY İKİNCİ SERBEST ÖZEL FON,Diğer / Belirsiz,VERIFY_ELIGIBILITY,Serbest fon; nitelikli yatırımcı / dağıtım kısıtı olabilir,True,2026-09-28,1.4784,0.698,0.6964,0.0017,2.8423,3.0697,-0.2274,9.5534,21.6123,46.7257,1.2897,0.0,0.0,940611530.32,1.0,257,0.0,0.0,0.0,0.0,0.0,0.0,0.0,7.07,0.02,0.0,0.0,0.0,0.0,0.0,2026-09-28,2026-09-28,2026-09-28 14:23:46
YIV,YAPI KREDİ PORTFÖY ALLİANZ DEĞİŞKEN ÖZEL FON,Değişken,VERIFY_ELIGIBILITY,Özel fon; erişim kısıtı olabilir,True,2026-09-28,3.5844,-0.4283,-0.0288,-0.3994,-1.1009,3.6705,-4.7713,3.6603,8.0287,19.6194,3.6147,-1.3134,-1.3134,5723902432.91,2.0,329,0.0,0.0,0.0,0.0,0.0,0.0,3.66,0.0,9.55,5.73,0.0,0.0,0.0,0.0,2026-09-28,2026-09-28,2026-09-28 14:23:46
YJA,YAPI KREDİ PORTFÖY PY ALSANCAK SERBEST ( DÖVİZ) ÖZEL FON,Diğer / Belirsiz,VERIFY_ELIGIBILITY,Serbest fon; nitelikli yatırımcı / dağıtım kısıtı olabilir,True,2026-09-28,68.0151,0.0957,-0.2183,0.3139,0.1583,2.3874,-2.2291,3.7087,12.9067,21.61,2.2886,-0.483,-0.3787,407202103.31,4.0,329,0.0,0.0,0.0,2.09,0.0,0.0,0.0,0.0,5.26,0.0,0.0,0.0,0.0,0.0,2026-09-28,2026-09-28,2026-09-28 14:23:46
YJU,YAPI KREDİ PORTFÖY PY ULUDAĞ SERBEST (DÖVİZ) ÖZEL FON,Diğer / Belirsiz,VERIFY_ELIGIBILITY,Serbest fon; nitelikli yatırımcı / dağıtım kısıtı olabilir,True,2026-09-28,67.1711,0.053,-0.2836,0.3366,0.1833,3.0141,-2.8307,4.4581,12.8274,21.91,2.4246,-0.6082,-0.3902,447198633.92,1.0,329,0.0,2.59,0.0,2.74,0.0,0.0,0.0,0.0,10.38,0.0,0.0,0.0,0.0,0.0,2026-09-28,2026-09-28,2026-09-28 14:23:46
YJY,YAPI KREDİ PORTFÖY YENİKÖY SERBEST (DÖVİZ) FON,Diğer / Belirsiz,VERIFY_ELIGIBILITY,Serbest fon; nitelikli yatırımcı / dağıtım kısıtı olabilir,True,2026-09-28,59.2751,0.4412,0.4494,-0.0082,1.7862,1.8266,-0.0404,5.6386,12.3918,22.3937,1.1511,0.0,0.0,75503746980.37,9191.0,329,0.0,0.0,0.0,0.0,0.0,0.0,0.0,0.0,1.47,0.0,0.0,0.0,0.0,0.0,2026-09-28,2026-09-28,2026-09-28 14:23:46
YKS,YAPI KREDİ PORTFÖY İSTANBUL SERBEST FON,Diğer / Belirsiz,VERIFY_ELIGIBILITY,Serbest fon; nitelikli yatırımcı / dağıtım kısıtı olabilir,True,2026-09-28,0.3634,0.6592,1.0744,-0.4152,2.9403,3.3766,-0.4363,10.1539,22.4831,39.9099,1.5187,0.0,0.0,759676922.01,387.0,329,11.82,0.0,0.0,0.0,0.0,0.0,0.0,0.11,0.21,0.0,0.0,0.0,72.79,0.0,2026-09-28,2026-09-28,2026-09-28 14:23:46
YLR,YAPI KREDİ PORTFÖY AKATLAR SERBEST (DÖVİZ) ÖZEL FON,Diğer / Belirsiz,VERIFY_ELIGIBILITY,Serbest fon; nitelikli yatırımcı / dağıtım kısıtı olabilir,True,2026-09-28,2.2242,-0.0178,-6.7793,6.7615,-5.3828,-4.0379,-1.3449,-1.6723,-86.199,-95.4055,26.904,-14.3585,-14.3585,10894.28,4.0,329,,,,,,,,,,,,,,,2026-09-28,2026-09-28,2026-09-28 14:23:46
YLZ,BULLS PORTFÖY YILDIZ PAZAR ŞİRKETLERİ HİSSE SENEDİ SERBEST FON (HİSSE SENEDİ YOĞUN FON),Hisse Senedi,VERIFY_ELIGIBILITY,Serbest fon; nitelikli yatırımcı / dağıtım kısıtı olabilir,True,2026-09-28,6.6404,1.1307,-6.5862,7.7169,97.1336,-6.2462,103.3798,73.539,94.6697,,509.0564,-26.3155,-5.53,3324890.3,10.0,191,82.5,0.0,0.0,0.0,0.0,0.0,0.0,0.0,4.78,0.0,0.0,0.0,0.0,0.0,2026-09-28,2026-09-28,2026-09-28 14:23:46
YMD,YAPI KREDİ PORTFÖY MASLAK SERBEST (DÖVİZ- ABD DOLARI) FON,Diğer / Belirsiz,VERIFY_ELIGIBILITY,Serbest fon; nitelikli yatırımcı / dağıtım kısıtı olabilir,True,2026-09-28,57.9912,0.4292,0.4469,-0.0177,1.7675,1.8006,-0.0331,5.5653,12.3562,22.3864,1.1255,0.0,0.0,7716527392.45,1449.0,329,0.0,0.0,0.0,0.0,0.0,0.0,0.0,0.0,2.38,0.0,0.0,0.0,0.0,0.0,2026-09-28,2026-09-28,2026-09-28 14:23:46
YMH,YAPI KREDİ PORTFÖY MUTLAK GETİRİ HEDEFLİ HİSSE SENEDİ SERBEST FON (HİSSE SENEDİ YOĞUN FON),Hisse Senedi,VERIFY_ELIGIBILITY,Serbest fon; nitelikli yatırımcı / dağıtım kısıtı olabilir,True,2026-09-28,1.6357,0.3971,0.7157,-0.3187,2.2569,2.3407,-0.0837,7.2075,16.8243,33.3308,1.4919,-0.1093,0.0,430841154.54,302.0,329,78.4,0.0,0.0,0.0,0.0,0.0,0.0,0.0,0.0,0.0,0.0,0.0,0.0,0.0,2026-09-28,2026-09-28,2026-09-28 14:23:46
YNF,AK PORTFÖY AKBANK YENİ NESİL FON SEPETİ ÖZEL FONU,Bankacılık / Finans,VERIFY_ELIGIBILITY,Özel fon; erişim kısıtı olabilir,True,2026-09-28,1.0763,2.4939,0.4851,2.0089,4.0603,3.2114,0.8489,,,,9.4244,-1.042,-0.0405,1308768.49,383.0,46,0.0,0.0,0.0,38.09,0.0,0.0,0.0,0.0,53.82,0.0,0.0,0.0,0.0,0.0,2026-09-28,2026-09-28,2026-09-28 14:23:46
YNK,YAPI KREDİ PORTFÖY NİŞANTAŞI KAR PAYI ÖDEYEN SERBEST (DÖVİZ) FON,Diğer / Belirsiz,VERIFY_ELIGIBILITY,Serbest fon; nitelikli yatırımcı / dağıtım kısıtı olabilir,True,2026-09-28,48.7031,0.0763,-0.1128,0.189,0.5276,2.2342,-1.7066,3.0099,9.3309,14.5585,1.6397,-1.4794,-0.2314,20221944359.66,1175.0,329,0.0,0.0,0.0,0.0,0.0,0.0,0.0,0.0,4.96,0.0,0.0,0.0,0.0,0.0,2026-09-28,2026-09-28,2026-09-28 14:23:46
YNL,YAPI KREDİ PORTFÖY CADDEBOSTAN SERBEST (DÖVİZ) ÖZEL FON,Diğer / Belirsiz,VERIFY_ELIGIBILITY,Serbest fon; nitelikli yatırımcı / dağıtım kısıtı olabilir,True,2026-09-28,56.0988,-0.0568,0.0109,-0.0677,0.5279,2.1522,-1.6243,4.2622,12.0259,19.9055,1.814,-0.3252,-0.3252,223381417.98,1.0,329,0.0,0.0,0.0,3.65,0.0,0.0,0.0,0.0,10.56,0.0,0.0,0.0,0.0,0.0,2026-09-28,2026-09-28,2026-09-28 14:23:46
YOA,YAPI KREDİ PORTFÖY PY BORÇLANMA ARAÇLARI (DÖVİZ) ÖZEL FONU,Borçlanma Araçları,VERIFY_ELIGIBILITY,Özel fon; erişim kısıtı olabilir,True,2026-09-28,90.3829,-0.0744,-0.1956,0.1212,0.074,2.4786,-2.4046,4.112,13.4376,23.2375,2.2015,-0.5035,-0.5035,1927656892.9,140.0,329,0.0,0.0,0.0,0.0,0.0,0.0,0.0,0.0,11.15,0.0,0.0,0.0,0.0,0.0,2026-09-28,2026-09-28,2026-09-28 14:23:46
YOS,YAPI KREDİ PORTFÖY ODEABANK SERBEST (DÖVİZ-AVRO) ÖZEL FON,Bankacılık / Finans,VERIFY_ELIGIBILITY,Serbest fon; nitelikli yatırımcı / dağıtım kısıtı olabilir,True,2026-09-28,57.0035,-0.3189,-0.6132,0.2943,-0.4826,3.0061,-3.4887,5.3225,10.0697,,3.7095,-1.3366,-1.1454,728261966.26,237.0,199,0.0,0.0,0.0,0.0,0.0,0.0,0.0,0.0,0.0,0.0,0.0,0.0,0.0,0.0,2026-09-28,2026-09-28,2026-09-28 14:23:46
YOZ,DENİZ PORTFÖY YAKAMOZ SERBEST (DÖVİZ) FON,Diğer / Belirsiz,VERIFY_ELIGIBILITY,Serbest fon; nitelikli yatırımcı / dağıtım kısıtı olabilir,True,2026-09-28,50.8114,0.4555,0.4621,-0.0066,1.8485,1.8969,-0.0484,5.8295,12.8065,,1.1489,0.0,0.0,49951176371.79,2267.0,232,0.0,0.0,0.0,0.0,0.0,0.0,0.0,0.0,0.0,0.0,0.0,0.0,5.1,0.0,2026-09-28,2026-09-28,2026-09-28 14:23:46
YP1,YAPI KREDİ PORTFÖY PY GÜMÜŞSUYU SERBEST (DÖVIZ) ÖZEL FON,Gümüş,VERIFY_ELIGIBILITY,Serbest fon; nitelikli yatırımcı / dağıtım kısıtı olabilir,True,2026-09-28,64.7327,0.1788,-1.1367,1.3155,-0.1157,2.1402,-2.2559,1.1154,8.8124,15.7533,3.3478,-1.781,-0.9883,220929699.86,3.0,329,0.0,0.0,0.0,0.0,0.0,0.0,0.0,0.0,0.18,0.0,0.0,0.0,0.0,0.0,2026-09-28,2026-09-28,2026-09-28 14:23:46
YP2,YAPI KREDİ PORTFÖY PERA SERBEST (DÖVİZ) ÖZEL FON,Diğer / Belirsiz,VERIFY_ELIGIBILITY,Serbest fon; nitelikli yatırımcı / dağıtım kısıtı olabilir,True,2026-09-28,73.789,-0.1265,-0.2516,0.1251,-0.3964,2.8055,-3.202,3.0621,12.1531,20.3136,3.5414,-0.8957,-0.8609,1371674260.96,1.0,329,0.0,0.0,0.0,0.0,0.0,0.0,0.0,0.0,0.0,0.0,0.0,0.0,0.0,0.0,2026-09-28,2026-09-28,2026-09-28 14:23:46
YP4,YAPI KREDİ PORTFÖY FERİKÖY SERBEST (DÖVİZ) FON,Diğer / Belirsiz,VERIFY_ELIGIBILITY,Serbest fon; nitelikli yatırımcı / dağıtım kısıtı olabilir,True,2026-09-28,55.7602,0.4369,0.4465,-0.0095,1.7785,1.8315,-0.0529,5.6114,12.2175,22.0367,1.1494,0.0,0.0,134867239279.72,28859.0,329,0.0,0.0,0.0,0.0,0.0,0.0,0.0,0.0,2.06,0.0,0.0,0.0,0.0,0.0,2026-09-28,2026-09-28,2026-09-28 14:23:46
YPD,YAPI KREDİ PORTFÖY ALARA SERBEST (DÖVİZ) ÖZEL FON,Diğer / Belirsiz,VERIFY_ELIGIBILITY,Serbest fon; nitelikli yatırımcı / dağıtım kısıtı olabilir,True,2026-09-28,67.421,-0.6228,-0.591,-0.0318,-1.6486,1.7681,-3.4168,1.4457,9.6488,14.9664,2.2969,-1.8245,-1.8245,95501830.94,2.0,329,0.0,0.0,0.0,0.0,0.0,0.0,0.0,0.0,0.0,0.0,0.0,0.0,0.0,0.0,2026-09-28,2026-09-28,2026-09-28 14:23:46
YPF,YAPI KREDİ PORTFÖY ALFA SERBEST FON,Diğer / Belirsiz,VERIFY_ELIGIBILITY,Serbest fon; nitelikli yatırımcı / dağıtım kısıtı olabilir,True,2026-09-28,10.4281,0.6334,-0.6911,1.3244,-0.2655,7.3446,-7.6101,7.2711,26.651,52.622,8.7946,-2.1673,-0.415,1395987397.85,595.0,329,20.86,8.12,0.0,11.93,0.0,0.0,0.0,0.0,12.24,0.0,0.0,0.0,24.3,0.0,2026-09-28,2026-09-28,2026-09-28 14:23:46
YPI,YAPI KREDİ PORTFÖY PY GÖZTEPE SERBEST (DÖVİZ) ÖZEL FON,Diğer / Belirsiz,VERIFY_ELIGIBILITY,Serbest fon; nitelikli yatırımcı / dağıtım kısıtı olabilir,True,2026-09-28,57.156,0.3659,-0.1234,0.4893,0.3024,3.6337,-3.3314,3.7227,15.0299,23.2769,3.7143,-1.2227,-0.5635,1983891433.76,58.0,329,0.0,0.04,0.0,0.0,0.0,0.0,0.0,0.0,3.32,0.0,0.0,0.0,0.0,0.0,2026-09-28,2026-09-28,2026-09-28 14:23:46
YPK,YAPI KREDİ PORTFÖY GALATA SERBEST FON,Diğer / Belirsiz,VERIFY_ELIGIBILITY,Serbest fon; nitelikli yatırımcı / dağıtım kısıtı olabilir,True,2026-09-28,14.6746,-0.3306,-1.2479,0.9172,-0.3362,5.3872,-5.7234,2.8927,15.7622,21.6074,6.9572,-3.4381,-1.8656,207458493.38,207.0,329,0.0,0.0,0.0,0.0,0.0,0.0,86.97,0.0,8.31,0.0,0.0,0.0,0.0,0.0,2026-09-28,2026-09-28,2026-09-28 14:23:46
YPL,YAPI KREDİ PORTFÖY BALAT SERBEST (DÖVİZ) FON,Diğer / Belirsiz,VERIFY_ELIGIBILITY,Serbest fon; nitelikli yatırımcı / dağıtım kısıtı olabilir,True,2026-09-28,73.9865,-0.1501,-0.3317,0.1815,-0.2199,2.3217,-2.5415,3.7432,12.9659,22.2245,2.1255,-0.7454,-0.7454,13277199424.84,1504.0,329,0.0,0.0,0.0,0.0,0.0,0.0,0.0,0.0,4.15,0.0,0.0,0.0,0.0,0.0,2026-09-28,2026-09-28,2026-09-28 14:23:46
YPN,İŞ PORTFÖY YİRMİNCİ SERBEST (DÖVİZ- POUND) FON,Diğer / Belirsiz,VERIFY_ELIGIBILITY,Serbest fon; nitelikli yatırımcı / dağıtım kısıtı olabilir,True,2026-09-28,67.8579,-0.5115,-0.6414,0.1298,-0.856,2.8724,-3.7284,4.7488,10.5804,19.4824,3.8935,-1.4401,-1.3445,4294229827.8,1234.0,329,0.0,0.0,0.0,0.0,0.0,0.0,0.0,0.0,0.0,0.0,0.0,0.0,15.22,0.0,2026-09-28,2026-09-28,2026-09-28 14:23:46
YPP,YAPI KREDİ PORTFÖY PY KUZGUNCUK SERBEST ÖZEL FON,Diğer / Belirsiz,VERIFY_ELIGIBILITY,Serbest fon; nitelikli yatırımcı / dağıtım kısıtı olabilir,True,2026-09-28,25.646,-0.3468,-2.0826,1.7358,-1.0098,8.3766,-9.3864,8.0574,11.9122,21.3512,18.1222,-4.9004,-2.4222,4797312807.23,1.0,329,61.17,0.0,0.0,0.0,0.0,0.0,0.0,0.03,31.75,0.0,0.0,0.0,0.0,0.0,2026-09-28,2026-09-28,2026-09-28 14:23:46
YPU,YAPI KREDİ PORTFÖY SERBEST (DÖVİZ-POUND) FON,Diğer / Belirsiz,VERIFY_ELIGIBILITY,Serbest fon; nitelikli yatırımcı / dağıtım kısıtı olabilir,True,2026-09-28,66.8746,-0.512,-0.6478,0.1359,-0.8459,2.8832,-3.7291,4.8169,10.7792,19.9463,3.9006,-1.4428,-1.3459,5304866437.75,1915.0,265,0.0,0.0,0.0,0.0,0.0,0.0,0.0,0.0,0.0,0.0,0.0,0.0,0.0,0.0,2026-09-28,2026-09-28,2026-09-28 14:23:46
YRZ,YAPI KREDİ PORTFÖY ŞUBAT 2027 KAR PAYI ÖDEYEN SERBEST (DÖVİZ) FON,Diğer / Belirsiz,VERIFY_ELIGIBILITY,Serbest fon; nitelikli yatırımcı / dağıtım kısıtı olabilir,True,2026-09-28,49.6041,0.399,0.4047,-0.0057,1.6164,1.3074,0.309,4.8371,11.0366,18.5776,1.1723,-0.3512,0.0,815667334.91,156.0,329,0.0,0.0,0.0,0.0,0.0,0.0,0.0,0.0,1.37,0.0,0.0,0.0,0.0,0.0,2026-09-28,2026-09-28,2026-09-28 14:23:46
YSA,YAPI KREDİ PORTFÖY SUADİYE SERBEST (DÖVİZ) FON,Diğer / Belirsiz,VERIFY_ELIGIBILITY,Serbest fon; nitelikli yatırımcı / dağıtım kısıtı olabilir,True,2026-09-28,50.1002,0.8331,0.0499,0.7831,1.0721,4.1011,-3.029,4.3328,17.318,,5.2495,-2.0606,-0.687,362853829.74,278.0,200,0.0,4.57,0.0,0.0,0.0,0.0,0.0,0.0,2.06,0.0,0.0,0.0,0.0,0.0,2026-09-28,2026-09-28,2026-09-28 14:23:46
YSL,YAPI KREDİ PORTFÖY KAR PAYI ÖDEYEN KİRA SERTİFİKALARI KATILIM SERBEST (DÖVİZ) FON,Katılım,VERIFY_ELIGIBILITY,Serbest fon; nitelikli yatırımcı / dağıtım kısıtı olabilir,True,2026-09-28,44.3078,0.0837,0.0468,0.0369,0.6728,1.9418,-1.269,1.6595,8.6474,12.6725,1.7648,-2.4708,-0.2241,681520005.0,367.0,329,0.0,0.0,0.0,0.0,0.0,0.0,0.0,0.0,4.53,0.0,0.0,0.0,0.0,0.0,2026-09-28,2026-09-28,2026-09-28 14:23:46
YSO,YAPI KREDİ PORTFÖY SAĞLIK SEKTÖRÜ SERBEST FON,Sağlık,VERIFY_ELIGIBILITY,Serbest fon; nitelikli yatırımcı / dağıtım kısıtı olabilir,True,2026-09-28,1.5817,-0.8659,-3.3241,2.4582,-4.9391,12.9467,-17.8858,8.4494,32.9084,45.9343,9.5105,-5.3818,-5.3404,86576317.06,404.0,329,27.09,0.0,0.0,65.57,0.0,0.0,0.0,0.0,2.11,0.0,0.0,0.0,0.0,0.0,2026-09-28,2026-09-28,2026-09-28 14:23:46
YTJ,YAPI KREDİ PORTFÖY DUDULLU SERBEST (DÖVİZ) ÖZEL FON,Diğer / Belirsiz,VERIFY_ELIGIBILITY,Serbest fon; nitelikli yatırımcı / dağıtım kısıtı olabilir,True,2026-09-28,70.9485,0.0606,-0.2283,0.2888,0.4693,2.3941,-1.9248,3.308,12.4429,23.0468,1.9238,-0.4929,-0.244,1246468517.58,1.0,329,0.0,0.0,0.0,0.0,0.0,0.0,0.0,0.0,4.45,0.0,0.0,0.0,0.0,0.0,2026-09-28,2026-09-28,2026-09-28 14:23:46
YTO,YAPI KREDİ PORTFÖY TOPHANE PARK SERBEST (DÖVİZ) ÖZEL FON,Diğer / Belirsiz,VERIFY_ELIGIBILITY,Serbest fon; nitelikli yatırımcı / dağıtım kısıtı olabilir,True,2026-09-28,54.1899,0.2455,-0.4015,0.647,0.4433,2.5547,-2.1115,2.0097,11.8505,19.4811,2.7853,-1.7377,-0.3212,716016223.59,4.0,329,0.0,0.0,0.0,5.47,0.0,0.0,0.0,0.0,0.75,0.0,0.0,0.0,0.0,0.0,2026-09-28,2026-09-28,2026-09-28 14:23:46
YTR,YAPI KREDİ PORTFÖY LARA SERBEST (DÖVİZ-AVRO) ÖZEL FON,Diğer / Belirsiz,VERIFY_ELIGIBILITY,Serbest fon; nitelikli yatırımcı / dağıtım kısıtı olabilir,True,2026-09-28,79.4015,-0.6735,-1.1183,0.4448,-2.2055,4.0483,-6.2537,3.1604,10.4139,17.5997,5.0985,-2.6503,-2.6503,614996200.76,2.0,329,0.0,0.73,0.0,0.0,1.01,0.0,0.0,0.0,9.97,0.0,0.0,0.0,0.0,0.0,2026-09-28,2026-09-28,2026-09-28 14:23:46
YTY,YAPI KREDİ PORTFÖY TARABYA SERBEST (DÖVİZ-AVRO) FON,Diğer / Belirsiz,VERIFY_ELIGIBILITY,Serbest fon; nitelikli yatırımcı / dağıtım kısıtı olabilir,True,2026-09-28,59.5309,-0.3205,-0.6145,0.294,-0.4867,2.9801,-3.4668,5.2475,9.7632,17.0387,3.7012,-1.3392,-1.1481,121825994064.51,20571.0,329,0.0,0.0,0.0,0.0,0.0,0.0,0.0,0.0,0.0,0.0,0.0,0.0,0.0,0.0,2026-09-28,2026-09-28,2026-09-28 14:23:46
YUB,YAPI KREDİ PORTFÖY KARAKÖY HİSSE SENEDİ SERBEST FON (HİSSE SENEDİ YOĞUN FON),Hisse Senedi,VERIFY_ELIGIBILITY,Serbest fon; nitelikli yatırımcı / dağıtım kısıtı olabilir,True,2026-09-28,5.3812,0.7236,-4.4764,5.1999,-3.317,11.32,-14.637,0.7245,8.4166,17.8362,35.2936,-9.2972,-4.2502,359330301.39,554.0,329,98.17,0.0,0.0,0.0,0.0,0.0,0.0,0.0,0.32,0.0,0.0,0.0,0.0,0.0,2026-09-28,2026-09-28,2026-09-28 14:23:46
YUD,YAPI KREDİ PORTFÖY BODRUM SERBEST [DÖVİZ] ÖZEL FON,Diğer / Belirsiz,VERIFY_ELIGIBILITY,Serbest fon; nitelikli yatırımcı / dağıtım kısıtı olabilir,True,2026-09-28,73.3855,-2.3784,-1.9958,-0.3826,-3.8586,2.9515,-6.8101,0.1311,8.7119,17.186,5.6784,-4.5336,-4.5336,242649193.62,2.0,329,0.0,1.8,0.0,0.0,0.0,0.0,0.0,0.0,6.2,0.0,0.0,0.0,0.0,0.0,2026-09-28,2026-09-28,2026-09-28 14:23:46
YUI,YAPI KREDİ PORTFÖY BEYKOZ SERBEST FON,Diğer / Belirsiz,VERIFY_ELIGIBILITY,Serbest fon; nitelikli yatırımcı / dağıtım kısıtı olabilir,True,2026-09-28,1.8979,0.2316,-5.1119,5.3435,-5.7338,8.6552,-14.389,1.9418,10.0086,25.4979,21.0988,-7.433,-5.7338,909451896.09,7.0,329,67.37,0.0,0.0,0.0,0.0,0.0,0.0,0.0,0.0,0.0,0.0,0.0,26.56,0.0,2026-09-28,2026-09-28,2026-09-28 14:23:46
YUK,YAPI KREDİ PORTFÖY ÜSKÜDAR KAR PAYI ÖDEYEN SERBEST (DÖVİZ) FON,Diğer / Belirsiz,VERIFY_ELIGIBILITY,Serbest fon; nitelikli yatırımcı / dağıtım kısıtı olabilir,True,2026-09-28,51.3235,0.4527,0.4616,-0.0089,1.8435,1.36,0.4834,4.9974,10.6145,18.1674,1.1498,-0.435,0.0,1394669832.09,147.0,329,0.0,0.0,0.0,0.0,0.0,0.0,0.0,0.0,1.91,0.0,0.0,0.0,0.0,0.0,2026-09-28,2026-09-28,2026-09-28 14:23:46
YUN,YAPI KREDİ PORTFÖY İSTİNYE SERBEST (DÖVİZ) FON,Diğer / Belirsiz,VERIFY_ELIGIBILITY,Serbest fon; nitelikli yatırımcı / dağıtım kısıtı olabilir,True,2026-09-28,59.9317,0.4257,0.4295,-0.0038,1.7665,1.8452,-0.0787,5.8789,13.6484,24.8457,1.1328,0.0,0.0,3228929562.63,593.0,329,0.0,0.0,0.0,0.0,0.0,0.0,0.0,0.0,2.79,0.0,0.0,0.0,0.0,0.0,2026-09-28,2026-09-28,2026-09-28 14:23:46
YUY,YAPI KREDİ PORTFÖY ALLİANZ KAR PAYI ÖDEYEN SERBEST (TL) ÖZEL FON,Diğer / Belirsiz,VERIFY_ELIGIBILITY,Serbest fon; nitelikli yatırımcı / dağıtım kısıtı olabilir,True,2026-09-28,1.0339,0.7467,0.7541,-0.0074,3.0434,-0.1075,3.1509,2.9233,0.5787,0.1492,1.3897,-3.2468,-0.0836,1023892016.43,2.0,329,0.0,0.0,0.0,0.0,0.0,0.0,0.0,0.0,2.45,0.0,0.0,0.0,0.0,0.0,2026-09-28,2026-09-28,2026-09-28 14:23:46
YVF,YAPI KREDİ PORTFÖY ETİLER SERBEST (DÖVİZ) ÖZEL FON,Diğer / Belirsiz,VERIFY_ELIGIBILITY,Serbest fon; nitelikli yatırımcı / dağıtım kısıtı olabilir,True,2026-09-28,74.4539,-0.0263,-0.1331,0.1068,0.3818,2.1572,-1.7754,2.8707,11.149,19.5441,1.9387,-0.6933,-0.3433,959418422.05,4.0,329,0.0,1.55,0.0,0.0,0.0,0.0,0.0,0.0,3.56,0.0,0.0,0.0,0.0,0.0,2026-09-28,2026-09-28,2026-09-28 14:23:46
YVG,YAPI KREDİ PORTFÖY SARIYER SERBEST (DÖVİZ-AVRO) FON,Diğer / Belirsiz,VERIFY_ELIGIBILITY,Serbest fon; nitelikli yatırımcı / dağıtım kısıtı olabilir,True,2026-09-28,63.675,-0.3193,-0.6206,0.3014,-0.5039,2.9794,-3.4833,5.2308,10.0338,17.2113,3.7003,-1.3407,-1.152,5975928041.86,1219.0,329,0.0,0.0,0.0,0.0,0.0,0.0,0.0,0.0,0.0,0.0,0.0,0.0,0.0,0.0,2026-09-28,2026-09-28,2026-09-28 14:23:46
YVO,YAPI KREDİ PORTFÖY NİLÜFER SERBEST (DÖVİZ) ÖZEL FON,Diğer / Belirsiz,VERIFY_ELIGIBILITY,Serbest fon; nitelikli yatırımcı / dağıtım kısıtı olabilir,True,2026-09-28,70.5549,-0.2745,-0.4486,0.1741,-0.3373,2.5336,-2.871,3.3067,12.0592,20.8543,2.3852,-0.921,-0.921,968049450.12,2.0,329,0.0,0.0,0.0,0.0,0.0,0.0,0.0,0.0,0.44,0.0,0.0,0.0,0.0,0.0,2026-09-28,2026-09-28,2026-09-28 14:23:46
YVS,YAPI KREDİ PORTFÖY BEYOĞLU SERBEST (DÖVİZ) ÖZEL FON,Diğer / Belirsiz,VERIFY_ELIGIBILITY,Serbest fon; nitelikli yatırımcı / dağıtım kısıtı olabilir,True,2026-09-28,77.2796,0.0728,-0.2406,0.3134,0.3805,2.7566,-2.3761,4.6759,14.3082,23.2743,2.2509,-0.4087,-0.3791,446499285.39,6.0,329,0.0,0.0,0.0,0.0,0.0,0.0,0.0,0.0,10.63,0.0,0.0,0.0,0.0,0.0,2026-09-28,2026-09-28,2026-09-28 14:23:46
YZF,YAPI KREDİ PORTFÖY PY ERENKÖY  SERBEST (DÖVIZ) ÖZEL FON,Diğer / Belirsiz,VERIFY_ELIGIBILITY,Serbest fon; nitelikli yatırımcı / dağıtım kısıtı olabilir,True,2026-09-28,102.2628,-0.1203,-0.1813,0.061,0.1873,3.6861,-3.4988,5.6512,20.8717,37.8967,3.4725,-0.8497,-0.701,460182756.94,1.0,329,0.0,0.0,0.0,0.0,0.0,0.0,0.0,0.0,1.96,0.0,0.0,0.0,0.0,0.0,2026-09-28,2026-09-28,2026-09-28 14:23:46
YZK,YAPI KREDİ PORTFÖY KALAMIŞ SERBEST FON,Diğer / Belirsiz,VERIFY_ELIGIBILITY,Serbest fon; nitelikli yatırımcı / dağıtım kısıtı olabilir,True,2026-09-28,7.863,-0.3136,-0.0673,-0.2463,-0.5927,2.1214,-2.7141,2.6296,10.0309,20.5651,3.3193,-0.908,-0.908,192955848.15,177.0,329,0.0,0.0,0.0,13.29,0.0,0.0,0.0,0.0,18.59,0.0,0.0,0.0,0.0,0.0,2026-09-28,2026-09-28,2026-09-28 14:23:46
YZL,YAPI KREDİ PORTFÖY PY ÇAMLICA SERBEST ÖZEL FON,Diğer / Belirsiz,VERIFY_ELIGIBILITY,Serbest fon; nitelikli yatırımcı / dağıtım kısıtı olabilir,True,2026-09-28,5.7859,0.0625,0.3582,-0.2957,0.6367,13.0807,-12.4441,12.5978,23.0443,55.9525,12.9555,-4.8111,-1.4707,552463877.48,58.0,329,11.72,18.07,0.0,2.95,0.0,0.0,22.65,0.0,0.0,0.0,0.0,0.0,37.13,0.0,2026-09-28,2026-09-28,2026-09-28 14:23:46
ZAD,KUVEYT TÜRK PORTFÖY SEPET HESAP KATILIM SERBEST (DÖVİZ) FON,Katılım,VERIFY_ELIGIBILITY,Serbest fon; nitelikli yatırımcı / dağıtım kısıtı olabilir,True,2026-09-28,47.167,0.3879,0.4087,-0.0209,1.3051,1.4304,-0.1254,4.1747,8.834,15.0681,1.8071,-0.2643,0.0,13887604.53,51.0,329,0.0,0.0,0.0,0.0,0.0,0.0,0.0,0.0,100.0,0.0,0.0,0.0,0.0,0.0,2026-09-28,2026-09-28,2026-09-28 14:23:46
ZAV,ZİRAAT PORTFÖY BAŞAK SERBEST (DÖVİZ-AVRO) FON,Diğer / Belirsiz,VERIFY_ELIGIBILITY,Serbest fon; nitelikli yatırımcı / dağıtım kısıtı olabilir,True,2026-09-28,57.5966,-0.3533,-0.6483,0.295,-0.6149,2.8504,-3.4652,4.8553,9.0057,15.8781,3.687,-1.4044,-1.2285,60863883170.29,4866.0,329,0.0,0.0,0.0,0.0,0.0,0.0,0.0,0.0,0.0,0.0,0.0,0.0,100.0,0.0,2026-09-28,2026-09-28,2026-09-28 14:23:46
ZBN,ZİRAAT PORTFÖY HİSSE SENEDİ SERBEST (TL) FON (HİSSE SENEDİ YOĞUN FON),Hisse Senedi,VERIFY_ELIGIBILITY,Serbest fon; nitelikli yatırımcı / dağıtım kısıtı olabilir,True,2026-09-28,20.9829,-0.9472,-9.6693,8.7221,-12.628,2.4698,-15.0978,-11.2403,-3.485,-20.3704,33.0977,-13.9421,-13.0408,130378597.32,160.0,329,88.46,0.0,0.0,0.0,0.0,0.0,0.0,0.0,0.0,9.6,0.0,0.0,0.36,0.0,2026-09-28,2026-09-28,2026-09-28 14:23:46
ZBO,ZİRAAT PORTFÖY MUTLAK GETİRİ HEDEFLİ HİSSE SENEDİ SERBEST FON (HİSSE SENEDİ YOĞUN FON),Hisse Senedi,VERIFY_ELIGIBILITY,Serbest fon; nitelikli yatırımcı / dağıtım kısıtı olabilir,True,2026-09-28,3.408,1.3002,-0.8325,2.1327,1.7965,3.2248,-1.4283,10.2359,28.0701,24.0209,14.4406,-2.6217,-0.9046,453574932.95,213.0,329,80.56,0.0,0.0,0.0,0.0,0.0,0.0,0.0,0.0,0.0,0.0,0.0,0.89,0.0,2026-09-28,2026-09-28,2026-09-28 14:23:46
ZBZ,ZİRAAT PORTFÖY GÜLLÜ SERBEST (DÖVİZ) ÖZEL FON,Diğer / Belirsiz,VERIFY_ELIGIBILITY,Serbest fon; nitelikli yatırımcı / dağıtım kısıtı olabilir,True,2026-09-28,68.8475,0.1449,-0.0679,0.2128,0.4903,3.3222,-2.8319,5.1226,14.3641,22.4573,2.6903,-0.4655,-0.4655,361438259.31,1.0,329,0.0,0.0,0.0,0.0,0.0,0.0,0.0,0.0,19.82,0.0,0.0,0.0,0.0,0.0,2026-09-28,2026-09-28,2026-09-28 14:23:46
ZCA,ZİRAAT PORTFÖY ÖPY BİRİNCİ SERBEST (TL) ÖZEL FON,Diğer / Belirsiz,VERIFY_ELIGIBILITY,Serbest fon; nitelikli yatırımcı / dağıtım kısıtı olabilir,True,2026-09-28,8.9132,0.68,0.6372,0.0428,2.7046,2.8868,-0.1822,8.9345,21.1365,180.0623,1.2615,0.0,0.0,67166105.91,1.0,329,0.0,0.0,0.0,0.0,0.0,0.0,0.0,0.0,100.0,0.0,0.0,0.0,0.0,0.0,2026-09-28,2026-09-28,2026-09-28 14:23:46
ZCB,ZİRAAT PORTFÖY MGN SERBEST (DÖVİZ) ÖZEL FON,Diğer / Belirsiz,VERIFY_ELIGIBILITY,Serbest fon; nitelikli yatırımcı / dağıtım kısıtı olabilir,True,2026-09-28,76.44,0.68,0.6622,0.0178,2.0374,1.4208,0.6166,6.5253,15.6784,27.3006,2.6404,-0.6168,0.0,2456859.4,3.0,329,0.0,0.0,0.0,0.0,0.0,0.0,0.0,0.0,100.0,0.0,0.0,0.0,0.0,0.0,2026-09-28,2026-09-28,2026-09-28 14:23:46
ZCC,ZİRAAT PORTFÖY DURUSU SERBEST (DÖVİZ) ÖZEL FON,Diğer / Belirsiz,VERIFY_ELIGIBILITY,Serbest fon; nitelikli yatırımcı / dağıtım kısıtı olabilir,True,2026-09-28,79.6756,-0.1745,-0.3916,0.2171,-1.0863,3.5259,-4.6122,1.3574,12.1127,20.1011,5.5418,-2.1468,-1.3471,421106110.09,2.0,329,0.0,0.0,0.0,0.0,0.0,0.0,0.0,0.0,3.62,0.0,0.0,0.0,0.0,0.0,2026-09-28,2026-09-28,2026-09-28 14:23:46
ZCD,ZİRAAT PORTFÖY ALTINCI SERBEST (TL) FON,Altın,VERIFY_ELIGIBILITY,Serbest fon; nitelikli yatırımcı / dağıtım kısıtı olabilir,True,2026-09-28,4.5187,-4.1735,-6.6889,2.5153,-9.3465,10.3078,-19.6543,-3.2909,11.6091,11.5798,28.1973,-12.516,-11.4842,1219839994.89,412.0,329,20.67,0.0,0.0,0.0,0.0,0.0,0.0,0.0,0.0,35.05,0.0,0.0,31.89,0.0,2026-09-28,2026-09-28,2026-09-28 14:23:46
ZCE,ZİRAAT PORTFÖY TÜRK ALTIN SERBEST (TL) ÖZEL FON,Altın,VERIFY_ELIGIBILITY,Serbest fon; nitelikli yatırımcı / dağıtım kısıtı olabilir,True,2026-09-28,4.8764,0.7105,0.704,0.0065,2.9078,3.0665,-0.1588,9.7323,21.9192,45.51,1.1631,0.0,0.0,13691646815.22,1.0,329,0.0,0.0,0.0,0.0,0.0,0.0,0.0,0.0,13.71,0.0,0.0,0.0,0.0,0.0,2026-09-28,2026-09-28,2026-09-28 14:23:46
ZCG,ZİRAAT PORTFÖY DOKUZUNCU SERBEST (TL) FON,Diğer / Belirsiz,VERIFY_ELIGIBILITY,Serbest fon; nitelikli yatırımcı / dağıtım kısıtı olabilir,True,2026-09-28,7.0077,0.7353,0.7163,0.019,2.9479,3.2811,-0.3332,10.5781,24.8432,52.6666,1.3863,0.0,0.0,867897910.34,153.0,329,0.0,0.0,0.0,0.0,0.0,0.0,0.0,0.0,0.0,0.0,0.0,-59.66,24.62,0.0,2026-09-28,2026-09-28,2026-09-28 14:23:46
ZCH,ZİRAAT PORTFÖY ODAK SERBEST ÖZEL FON,Diğer / Belirsiz,VERIFY_ELIGIBILITY,Serbest fon; nitelikli yatırımcı / dağıtım kısıtı olabilir,True,2026-09-28,2.4613,0.4458,-3.0574,3.5032,-2.0182,3.0442,-5.0624,-0.3398,9.9499,23.5247,16.8073,-4.6961,-2.6252,9152247784.14,1.0,329,41.47,0.0,0.0,0.0,0.0,0.0,0.0,0.0,1.6,21.33,0.0,0.0,26.12,0.0,2026-09-28,2026-09-28,2026-09-28 14:23:46
ZDK,ZİRAAT PORTFÖY ÖPY DÖRDÜNCÜ KATILIM SERBEST (DÖVİZ-ABD DOLARI) ÖZEL FON,Katılım,VERIFY_ELIGIBILITY,Serbest fon; nitelikli yatırımcı / dağıtım kısıtı olabilir,True,2026-09-28,16.0913,0.3651,0.3481,0.017,1.3671,0.2396,1.1275,3.0833,7.3634,-36.2257,1.2848,-1.0961,0.0,3371735.16,1.0,329,0.0,0.0,0.0,0.0,0.0,0.0,0.0,0.0,0.0,0.0,0.0,0.0,0.0,0.0,2026-09-28,2026-09-28,2026-09-28 14:23:46
ZJB,ZİRAAT PORTFÖY BİRİNCİ SERBEST (TL) FON,Diğer / Belirsiz,VERIFY_ELIGIBILITY,Serbest fon; nitelikli yatırımcı / dağıtım kısıtı olabilir,True,2026-09-28,9.6348,-0.9829,-7.4452,6.4623,-7.5961,2.5768,-10.173,0.1031,-16.5121,-26.6736,30.1334,-10.8863,-8.6966,7755940230.91,1524.0,329,122.62,0.0,0.0,0.0,0.0,0.0,0.0,0.0,0.0,0.0,0.0,-24.27,0.01,0.0,2026-09-28,2026-09-28,2026-09-28 14:23:46
ZJH,ZİRAAT PORTFÖY V10 SERBEST (DÖVİZ) ÖZEL FON,Diğer / Belirsiz,VERIFY_ELIGIBILITY,Serbest fon; nitelikli yatırımcı / dağıtım kısıtı olabilir,True,2026-09-28,62.7709,0.1416,0.0097,0.1319,0.7918,2.2088,-1.417,4.7696,11.9539,21.6347,1.6638,-0.1701,-0.1624,212542247.81,1.0,329,0.0,0.0,0.0,0.0,0.0,0.0,0.0,0.0,0.0,0.0,0.0,0.0,0.0,0.0,2026-09-28,2026-09-28,2026-09-28 14:23:46
ZJI,ZİRAAT PORTFÖY İKİNCİ SERBEST (TL) FON,Diğer / Belirsiz,VERIFY_ELIGIBILITY,Serbest fon; nitelikli yatırımcı / dağıtım kısıtı olabilir,True,2026-09-28,9.8768,-0.8402,-7.9922,7.152,-8.5343,2.7684,-11.3028,-2.7908,-17.6633,-28.5165,30.5279,-11.5999,-9.5252,6205165641.02,1461.0,329,120.9,0.0,0.0,0.0,0.0,0.0,0.0,0.0,0.0,0.0,0.0,-26.9,0.02,0.0,2026-09-28,2026-09-28,2026-09-28 14:23:46
ZJT,ZİRAAT PORTFÖY DURU SERBEST (DÖVİZ) ÖZEL FON,Diğer / Belirsiz,VERIFY_ELIGIBILITY,Serbest fon; nitelikli yatırımcı / dağıtım kısıtı olabilir,True,2026-09-28,69.2311,0.1004,-0.149,0.2495,0.6657,2.3347,-1.6689,4.7936,13.0771,22.4536,1.7641,-0.2532,-0.1845,1377363460.08,1.0,329,0.0,0.0,0.0,0.0,0.0,0.0,0.0,0.0,0.0,0.0,0.0,0.0,0.0,0.0,2026-09-28,2026-09-28,2026-09-28 14:23:46
ZK1,ZİRAAT PORTFÖY BAŞAK KATILIM SERBEST (DÖVİZ-AMERİKAN DOLARI) FON,Katılım,VERIFY_ELIGIBILITY,Serbest fon; nitelikli yatırımcı / dağıtım kısıtı olabilir,True,2026-09-28,51.6899,0.4146,0.4213,-0.0067,1.6829,1.727,-0.0441,5.2935,11.6243,21.2341,1.1633,0.0,0.0,2167263582.0,110.0,329,0.0,0.0,0.0,0.0,0.0,0.0,0.0,0.0,0.0,0.0,0.0,0.0,0.0,0.0,2026-09-28,2026-09-28,2026-09-28 14:23:46
ZK2,ZİRAAT PORTFÖY BAŞAK KATILIM SERBEST (DÖVİZ-AVRO) FON,Katılım,VERIFY_ELIGIBILITY,Serbest fon; nitelikli yatırımcı / dağıtım kısıtı olabilir,True,2026-09-28,58.5182,-0.3392,-0.6342,0.295,-0.559,2.9059,-3.4649,5.0347,9.4068,16.7643,3.6914,-1.3766,-1.1946,1108481444.71,69.0,329,0.0,0.0,0.0,0.0,0.0,0.0,0.0,0.0,0.0,0.0,0.0,0.0,0.0,0.0,2026-09-28,2026-09-28,2026-09-28 14:23:46
ZLB,TEB PORTFÖY TEB ÖZEL BANKACILIK SERBEST (DÖVİZ) ÖZEL FON,Bankacılık / Finans,VERIFY_ELIGIBILITY,Serbest fon; nitelikli yatırımcı / dağıtım kısıtı olabilir,True,2026-09-28,51.2801,0.2993,0.0473,0.2519,1.1876,2.3,-1.1124,4.8992,12.078,20.1921,1.3672,-0.1478,-0.0305,472592692.82,46.0,329,0.0,0.0,0.0,0.0,0.0,0.0,0.0,0.0,0.0,0.0,0.0,0.0,0.0,0.0,2026-09-28,2026-09-28,2026-09-28 14:23:46
ZLG,AK PORTFÖY MARAL SERBEST (DÖVİZ) ÖZEL FON,Diğer / Belirsiz,VERIFY_ELIGIBILITY,Serbest fon; nitelikli yatırımcı / dağıtım kısıtı olabilir,True,2026-09-28,65.9028,0.3439,0.2441,0.0998,1.127,2.1702,-1.0432,5.3851,12.1873,21.9522,1.2302,-0.0597,0.0,1109329633.6,1.0,329,0.0,0.0,0.0,0.0,0.0,0.0,0.0,0.0,2.8,0.0,0.0,0.0,0.0,0.0,2026-09-28,2026-09-28,2026-09-28 14:23:46
ZMT,AZİMUT PORTFÖY 22.0 SERBEST (DÖVİZ-AVRO) FON,Diğer / Belirsiz,VERIFY_ELIGIBILITY,Serbest fon; nitelikli yatırımcı / dağıtım kısıtı olabilir,True,2026-09-28,63.1368,-0.3958,-0.8072,0.4114,-1.0966,3.235,-4.3316,4.6588,11.0575,18.6403,3.9181,-1.7143,-1.6112,1650297142.1,261.0,329,0.0,0.0,0.0,0.0,0.0,0.0,0.0,0.0,10.85,0.0,0.0,0.0,0.0,0.0,2026-09-28,2026-09-28,2026-09-28 14:23:46
ZMU,AZİMUT PORTFÖY 23.0 HİSSE SENEDİ SERBEST FON (HİSSE SENEDİ YOĞUN FON),Hisse Senedi,VERIFY_ELIGIBILITY,Serbest fon; nitelikli yatırımcı / dağıtım kısıtı olabilir,True,2026-09-28,0.2195,0.3937,0.9151,-0.5214,2.3491,2.226,0.1231,6.4832,-74.5908,-79.8427,2.4138,-0.9806,0.0,20237890.24,14.0,329,87.48,0.0,0.0,0.0,0.0,0.0,0.0,0.0,3.83,0.0,0.0,0.0,0.0,0.0,2026-09-28,2026-09-28,2026-09-28 14:23:46
ZOS,ZİRAAT PORTFÖY ONBEŞİNCİ SERBEST FON,Diğer / Belirsiz,VERIFY_ELIGIBILITY,Serbest fon; nitelikli yatırımcı / dağıtım kısıtı olabilir,True,2026-09-28,1.8922,-1.0697,0.5736,-1.6434,-1.5343,4.7495,-6.2837,5.4386,12.4375,32.8653,5.777,-1.8,-1.5343,579985300.7,11.0,329,-16.27,0.0,0.0,0.0,0.0,0.0,0.27,0.0,2.73,45.97,0.0,0.0,23.22,0.0,2026-09-28,2026-09-28,2026-09-28 14:23:46
ZP1,ZİRAAT PORTFÖY ANTALYA SERBEST (DÖVİZ) ÖZEL FON,Diğer / Belirsiz,VERIFY_ELIGIBILITY,Serbest fon; nitelikli yatırımcı / dağıtım kısıtı olabilir,True,2026-09-28,64.4357,0.3083,0.2502,0.0581,1.1944,1.752,-0.5576,4.7752,11.4693,20.9308,1.3128,-0.0832,-0.0091,65333799.08,2.0,329,0.0,0.0,0.0,0.0,0.0,0.0,0.0,0.0,0.0,0.0,0.0,0.0,0.0,0.0,2026-09-28,2026-09-28,2026-09-28 14:23:46
ZP2,ZİRAAT PORTFÖY İKİNCİ İSTATİSTİKSEL ARBİTRAJ SERBEST (TL) ÖZEL FON,Diğer / Belirsiz,VERIFY_ELIGIBILITY,Serbest fon; nitelikli yatırımcı / dağıtım kısıtı olabilir,True,2026-09-28,6.043,1.6022,0.8707,0.7315,3.2649,3.2033,0.0616,9.8492,23.4228,50.4518,8.2057,-1.3384,0.0,645312468.63,1.0,329,29.98,0.0,0.0,0.0,0.0,0.0,0.0,0.0,0.0,0.0,0.0,0.0,41.6,0.0,2026-09-28,2026-09-28,2026-09-28 14:23:46
ZP3,ZİRAAT PORTFÖY ÜÇÜNCÜ İSTATİSTİKSEL ARBİTRAJ SERBEST (TL) ÖZEL FON,Diğer / Belirsiz,VERIFY_ELIGIBILITY,Serbest fon; nitelikli yatırımcı / dağıtım kısıtı olabilir,True,2026-09-28,2.6873,-25.8486,-23.016,-2.8326,-45.8256,17.4125,-63.2382,-39.6942,-32.8927,-16.1001,64.0202,-46.699,-45.8256,300499830.09,1.0,329,84.26,0.0,0.0,0.0,0.0,0.0,0.0,0.0,0.0,0.0,0.0,0.0,0.0,0.0,2026-09-28,2026-09-28,2026-09-28 14:23:46
ZP6,ZİRAAT PORTFÖY SEDEF KATILIM SERBEST (DÖVİZ - AMERİKAN DOLARI) FON,Katılım,VERIFY_ELIGIBILITY,Serbest fon; nitelikli yatırımcı / dağıtım kısıtı olabilir,True,2026-09-28,59.6527,0.3203,0.2753,0.045,1.3087,1.8944,-0.5857,5.0857,11.8726,21.3631,1.2701,-0.0546,0.0,5191566010.71,1412.0,329,0.0,0.0,0.0,0.0,0.0,0.0,0.0,0.0,0.0,0.0,0.0,0.0,0.0,0.0,2026-09-28,2026-09-28,2026-09-28 14:23:46
ZP7,ZİRAAT PORTFÖY TE4 SERBEST (DÖVİZ) ÖZEL FON,Diğer / Belirsiz,VERIFY_ELIGIBILITY,Serbest fon; nitelikli yatırımcı / dağıtım kısıtı olabilir,True,2026-09-28,66.877,-0.7736,-1.3058,0.5322,-2.8135,3.5499,-6.3633,2.7247,9.1716,16.3817,5.7386,-2.9959,-2.978,1263057629.49,1.0,329,0.0,0.0,0.0,0.0,0.0,0.0,0.0,0.0,0.0,0.0,0.0,0.0,0.0,0.0,2026-09-28,2026-09-28,2026-09-28 14:23:46
ZP9,ZİRAAT PORTFÖY AKİK KATILIM SERBEST (DÖVİZ-AVRO) FON,Katılım,VERIFY_ELIGIBILITY,Serbest fon; nitelikli yatırımcı / dağıtım kısıtı olabilir,True,2026-09-28,60.9907,-0.3095,-0.6411,0.3315,-0.516,2.9539,-3.47,5.1421,9.3847,16.0115,3.7096,-1.3545,-1.1679,2965640667.54,786.0,329,0.0,0.0,0.0,0.0,0.0,0.0,0.0,0.0,0.0,0.0,0.0,0.0,0.0,0.0,2026-09-28,2026-09-28,2026-09-28 14:23:46
ZPA,ZİRAAT PORTFÖY SERBEST (DÖVİZ) FON,Diğer / Belirsiz,VERIFY_ELIGIBILITY,Serbest fon; nitelikli yatırımcı / dağıtım kısıtı olabilir,True,2026-09-28,68.6684,0.4554,0.4606,-0.0052,1.8566,1.913,-0.0564,5.7971,13.0512,22.8989,1.2246,0.0,0.0,4488508199.59,964.0,329,0.0,0.0,0.0,0.0,0.0,0.0,0.0,0.0,0.0,0.0,0.0,0.0,0.0,0.0,2026-09-28,2026-09-28,2026-09-28 14:23:46
ZPJ,ZİRAAT PORTFÖY KATILIM HİSSE SENEDİ SERBEST (TL) FON (HİSSE SENEDİ YOĞUN FON),Hisse Senedi,VERIFY_ELIGIBILITY,Serbest fon; nitelikli yatırımcı / dağıtım kısıtı olabilir,True,2026-09-28,10.3057,-0.761,-10.5836,9.8226,-12.4156,8.9537,-21.3693,-3.9962,3.1008,3.6527,29.8421,-13.5654,-12.8306,92792357.23,285.0,329,83.65,0.0,0.0,0.0,0.0,0.0,0.0,0.0,0.0,0.0,0.0,0.0,0.0,0.0,2026-09-28,2026-09-28,2026-09-28 14:23:46
ZPN,ZİRAAT PORTFÖY BUDİN SERBEST (DÖVİZ) ÖZEL FON,Diğer / Belirsiz,VERIFY_ELIGIBILITY,Serbest fon; nitelikli yatırımcı / dağıtım kısıtı olabilir,True,2026-09-28,72.9011,0.0159,-0.3788,0.3947,-0.398,3.2585,-3.6565,3.4551,14.4756,25.695,5.0419,-1.1918,-0.94,1933757672.97,1.0,329,0.0,16.55,0.0,0.0,0.0,0.0,0.0,0.0,0.0,0.0,0.0,0.0,0.0,0.0,2026-09-28,2026-09-28,2026-09-28 14:23:46
ZR2,ZİRAAT PORTFÖY YEŞİLKÖY SERBEST ÖZEL FON,Diğer / Belirsiz,VERIFY_ELIGIBILITY,Serbest fon; nitelikli yatırımcı / dağıtım kısıtı olabilir,True,2026-09-28,1.2402,-7.7487,-8.2909,0.5422,-16.3694,8.2896,-24.659,-9.4368,9.6232,2.6277,21.6332,-16.9028,-16.3694,1174104386.24,1.0,329,21.57,0.0,0.0,0.0,0.0,0.0,0.0,0.0,0.0,0.0,0.0,0.0,0.04,0.0,2026-09-28,2026-09-28,2026-09-28 14:23:46
ZR3,ZİRAAT PORTFÖY ONÜÇÜNCÜ SERBEST (TL) FON,Diğer / Belirsiz,VERIFY_ELIGIBILITY,Serbest fon; nitelikli yatırımcı / dağıtım kısıtı olabilir,True,2026-09-28,0.3299,-7.7827,-13.0581,5.2753,-37.4619,-10.272,-27.1898,-53.1172,-10.1437,-83.0435,32.4647,-53.1172,-53.1172,98848638.97,118.0,329,45.45,0.0,0.0,0.0,0.0,0.0,0.0,0.0,0.0,0.0,0.0,0.0,54.55,0.0,2026-09-28,2026-09-28,2026-09-28 14:23:46
ZSB,ZİRAAT PORTFÖY İKİNCİ İSTATİSTİKSEL ARBİTRAJ SERBEST FON,Diğer / Belirsiz,VERIFY_ELIGIBILITY,Serbest fon; nitelikli yatırımcı / dağıtım kısıtı olabilir,True,2026-09-28,12.8707,1.2082,1.3024,-0.0942,5.7113,5.1242,0.5871,16.6935,62.2304,114.2998,2.8783,-0.09,0.0,2787636427.46,25.0,329,-4.06,0.0,0.0,0.0,0.0,0.0,0.0,0.0,0.0,0.0,0.0,0.0,25.19,0.0,2026-09-28,2026-09-28,2026-09-28 14:23:46
ZSN,ZİRAAT PORTFÖY ÖPY BEŞİNCİ SERBEST (DÖVİZ-ABD DOLARI) ÖZEL FON,Diğer / Belirsiz,VERIFY_ELIGIBILITY,Serbest fon; nitelikli yatırımcı / dağıtım kısıtı olabilir,True,2026-09-28,58.336,0.4715,0.4722,-0.0007,1.9522,2.0691,-0.1169,6.2882,13.6085,26.4204,1.03,0.0,0.0,6856687931.14,2.0,329,0.0,0.0,0.0,0.0,0.0,0.0,0.0,0.0,0.0,0.0,0.0,0.0,0.0,0.0,2026-09-28,2026-09-28,2026-09-28 14:23:46
ZTF,ZİRAAT PORTFÖY BİRİNCİ İSTATİSTİKSEL ARBİTRAJ SERBEST (TL) ÖZEL FON,Diğer / Belirsiz,VERIFY_ELIGIBILITY,Serbest fon; nitelikli yatırımcı / dağıtım kısıtı olabilir,True,2026-09-28,7.831,0.6444,0.593,0.0513,2.4854,3.154,-0.6686,8.6764,21.1949,46.1121,0.9738,-0.0646,0.0,2152456883.17,1.0,329,22.48,0.0,0.0,0.0,0.0,0.0,0.0,0.0,4.27,0.97,0.0,0.0,64.15,0.0,2026-09-28,2026-09-28,2026-09-28 14:23:46
ZUD,ZİRAAT PORTFÖY THE SERBEST ÖZEL FON,Diğer / Belirsiz,VERIFY_ELIGIBILITY,Serbest fon; nitelikli yatırımcı / dağıtım kısıtı olabilir,True,2026-09-28,4.456,0.7389,0.3787,0.3602,2.6284,7.1606,-4.5322,10.4661,18.7991,43.0247,4.004,-1.254,0.0,3966891000.68,1.0,329,3.19,3.7,0.0,0.0,0.0,0.0,2.0,0.26,0.0,0.5,0.0,0.0,78.02,0.0,2026-09-28,2026-09-28,2026-09-28 14:23:46
ZUE,ZİRAAT PORTFÖY TS SERBEST ÖZEL FON,Diğer / Belirsiz,VERIFY_ELIGIBILITY,Serbest fon; nitelikli yatırımcı / dağıtım kısıtı olabilir,True,2026-09-28,5.2371,0.1281,0.1434,-0.0153,1.594,2.036,-0.4421,6.6084,16.4889,16.9746,1.5697,-0.312,0.0,3710583794.1,1.0,329,0.0,0.0,0.0,0.0,0.0,0.0,0.0,0.0,0.0,0.0,0.0,0.0,10.11,0.0,2026-09-28,2026-09-28,2026-09-28 14:23:46
ZUS,ZİRAAT PORTFÖY BAŞAK SERBEST (DÖVİZ-AMERİKAN DOLARI) FON,Diğer / Belirsiz,VERIFY_ELIGIBILITY,Serbest fon; nitelikli yatırımcı / dağıtım kısıtı olabilir,True,2026-09-28,51.6229,0.4124,0.4185,-0.0061,1.6756,1.7282,-0.0526,5.2821,11.567,21.1525,1.1645,0.0,0.0,59152134477.03,3285.0,329,0.0,0.0,0.0,0.0,0.0,0.0,0.0,0.0,0.0,0.0,0.0,0.0,91.32,0.0,2026-09-28,2026-09-28,2026-09-28 14:23:46
ZVB,ATLAS PORTFÖY SERBEST (TL) FON,Diğer / Belirsiz,VERIFY_ELIGIBILITY,Serbest fon; nitelikli yatırımcı / dağıtım kısıtı olabilir,True,2026-09-28,99.5147,0.4051,-0.3539,0.7591,1.7959,2.1799,-0.384,6.7335,24.7153,78.2892,4.1467,-0.7469,-0.1662,249645326.9,11.0,329,8.44,0.0,0.0,0.0,0.0,0.0,0.0,0.0,75.19,0.0,0.0,0.0,0.0,0.0,2026-09-28,2026-09-28,2026-09-28 14:23:46
ZVO,ZİRAAT PORTFÖY ÜÇÜNCÜ SERBEST (TL) FON,Diğer / Belirsiz,VERIFY_ELIGIBILITY,Serbest fon; nitelikli yatırımcı / dağıtım kısıtı olabilir,True,2026-09-28,3.7664,-0.0061,-4.3178,4.3116,3.9428,1.9466,1.9961,8.6099,11.1821,-15.6646,36.7051,-8.6742,-4.3236,835657995.2,308.0,329,32.04,0.0,0.0,0.0,0.0,0.0,0.0,0.0,0.0,5.38,0.0,0.0,62.55,0.0,2026-09-28,2026-09-28,2026-09-28 14:23:46
ZYC,ZİRAAT PORTFÖY TS SERBEST (TL) ÖZEL FON,Diğer / Belirsiz,VERIFY_ELIGIBILITY,Serbest fon; nitelikli yatırımcı / dağıtım kısıtı olabilir,True,2026-09-28,5.1306,0.7132,0.7206,-0.0074,2.9611,3.0765,-0.1154,9.7987,22.2557,47.6919,1.3483,0.0,0.0,9411579989.12,1.0,329,0.0,0.0,0.0,0.0,0.0,0.0,0.0,1.1,0.0,0.0,0.0,0.0,7.75,0.0,2026-09-28,2026-09-28,2026-09-28 14:23:46
ZYD,ZİRAAT PORTFÖY THE SERBEST (TL) ÖZEL FON,Diğer / Belirsiz,VERIFY_ELIGIBILITY,Serbest fon; nitelikli yatırımcı / dağıtım kısıtı olabilir,True,2026-09-28,5.091,0.6865,0.6954,-0.0089,2.8505,2.9289,-0.0783,9.3158,21.09,45.7224,1.2955,0.0,0.0,9388669572.95,1.0,329,0.0,0.0,0.0,0.0,0.0,0.0,0.0,1.1,0.0,0.0,0.0,0.0,7.54,0.0,2026-09-28,2026-09-28,2026-09-28 14:23:46
ZZL,ZİRAAT PORTFÖY ONDÖRDÜNCÜ SERBEST FON,Diğer / Belirsiz,VERIFY_ELIGIBILITY,Serbest fon; nitelikli yatırımcı / dağıtım kısıtı olabilir,True,2026-09-28,84.8729,-0.0125,-0.7564,0.7439,-0.2279,3.4623,-3.6902,5.1383,14.6781,26.8175,3.5816,-0.8749,-0.7748,43227377.76,15.0,329,8.4,0.0,0.0,0.0,0.0,0.0,0.0,0.0,34.09,0.0,0.0,0.0,0.0,0.0,2026-09-28,2026-09-28,2026-09-28 14:23:46
TNR,TUNA PORTFÖY ÖPY PARA PİYASASI ÖZEL FONU,Diğer / Belirsiz,EXCLUDE,Para piyasası fonu,False,2026-09-21,1.0021,,,,,,,,,,,,,55117.64,15.0,1,,,,,,,,,,,,,,,2026-09-28,2026-09-28,2026-09-28 14:23:46
GO2,ONE PORTFÖY KATILIM FON SEPETİ FONU,Fon Sepeti,RETAIL_CANDIDATE,,False,2026-08-28,4.9704,0.5617,0.5467,0.015,2.4989,2.5192,-0.0203,5.4445,14.4679,46.5266,1.5392,-1.1976,-0.008,25332562.28,435.0,308,,,,,,,,,,,,,,,2026-09-28,2026-09-28,2026-09-28 14:23:46
HNC,HEDEF PORTFÖY ÜÇÜNCÜ HİSSE SENEDİ FONU (HİSSE SENEDİ YOĞUN FON),Hisse Senedi,RETAIL_CANDIDATE,,False,2026-08-20,1.3845,2.041,-0.6215,2.6625,0.0933,3.6941,-3.6007,4.9208,6.5696,23.2807,16.9582,-6.7836,-0.8608,5203965.74,98.0,302,,,,,,,,,,,,,,,2026-09-28,2026-09-28,2026-09-28 14:23:46
BLG,AZİMUT PORTFÖY BİLGE SERBEST ÖZEL FON,Diğer / Belirsiz,VERIFY_ELIGIBILITY,Serbest fon; nitelikli yatırımcı / dağıtım kısıtı olabilir,False,2026-04-15,2.3203,-0.3604,-1.3081,0.9477,-0.2433,2.3342,-2.5775,4.1576,-29.363,,7.7048,-1.9661,-1.9661,8965808.56,1.0,218,,,,,,,,,,,,,,,2026-09-28,2026-09-28,2026-09-28 14:23:46
DKY,DENİZ PORTFÖY KAR PAYI ÖDEYEN ONÜÇÜNCÜ SERBEST (DÖVİZ) FON,Diğer / Belirsiz,VERIFY_ELIGIBILITY,Serbest fon; nitelikli yatırımcı / dağıtım kısıtı olabilir,False,2026-08-17,47.7527,0.0248,0.505,-0.4802,1.3904,1.5855,-0.1951,4.5868,11.0601,17.1506,1.8211,-0.3041,-0.2996,2689347690.92,228.0,295,,,,,,,,,,,,,,,2026-09-28,2026-09-28,2026-09-28 14:23:46
DMR,ZİRAAT PORTFÖY DEMİRAY SERBEST (DÖVİZ) ÖZEL FON,Diğer / Belirsiz,VERIFY_ELIGIBILITY,Serbest fon; nitelikli yatırımcı / dağıtım kısıtı olabilir,False,2026-09-10,59.7937,0.6699,0.28,0.3899,1.7802,2.4108,-0.6307,5.6298,14.4426,26.7364,1.9308,-0.5638,-0.0154,17726999621.59,1.0,317,,,,,,,,,,,,,,,2026-09-28,2026-09-28,2026-09-28 14:23:46
DP6,DENİZ PORTFÖY KAR PAYI ÖDEYEN BEŞİNCİ SERBEST (DÖVİZ) FON,Diğer / Belirsiz,VERIFY_ELIGIBILITY,Serbest fon; nitelikli yatırımcı / dağıtım kısıtı olabilir,False,2026-09-11,48.4233,0.0474,0.4883,-0.4409,1.0362,1.8622,-0.8261,4.1533,13.4979,24.4908,2.4969,-0.3968,-0.3968,1945531864.21,212.0,318,,,,,,,,,,,,,,,2026-09-28,2026-09-28,2026-09-28 14:23:46
DPP,DENİZ PORTFÖY HLC SERBEST (DÖVİZ) ÖZEL FON,Diğer / Belirsiz,VERIFY_ELIGIBILITY,Serbest fon; nitelikli yatırımcı / dağıtım kısıtı olabilir,False,2026-09-16,151.6946,0.1592,0.3727,-0.2136,1.4454,-0.7355,2.1808,-6.8382,0.3611,15.3583,3.3274,-10.2133,-6.8382,54363384.24,2.0,321,,,,,,,,,,,,,,,2026-09-28,2026-09-28,2026-09-28 14:23:46
DRS,DENİZ PORTFÖY GÜL SERBEST (DÖVİZ) ÖZEL FON,Diğer / Belirsiz,VERIFY_ELIGIBILITY,Serbest fon; nitelikli yatırımcı / dağıtım kısıtı olabilir,False,2026-06-10,69.9537,-1.1406,1.3266,-2.4672,0.0294,3.99,-3.9606,2.7927,8.2061,,6.8883,-2.7392,-1.7579,232404096.31,3.0,252,,,,,,,,,,,,,,,2026-09-28,2026-09-28,2026-09-28 14:23:46
DSU,AKTİF PORTFÖY AKTİF SERBEST (DÖVİZ - ABD DOLARI) FON,Diğer / Belirsiz,VERIFY_ELIGIBILITY,Serbest fon; nitelikli yatırımcı / dağıtım kısıtı olabilir,False,2025-09-26,0.0,-100.0,0.1686,-100.1686,-100.0,1.5295,-101.5295,-100.0,,,355.2124,-100.0,-100.0,0.0,2.0,78,,,,,,,,,,,,,,,2026-09-28,2026-09-28,2026-09-28 14:23:46
DZG,DENİZ PORTFÖY ZB SERBEST (DÖVİZ) ÖZEL FON,Diğer / Belirsiz,VERIFY_ELIGIBILITY,Serbest fon; nitelikli yatırımcı / dağıtım kısıtı olabilir,False,2026-02-11,57.988,-0.0987,0.2097,-0.3084,0.896,1.5299,-0.634,4.5674,10.9551,,1.8724,-0.3104,-0.249,114142650.45,2.0,174,,,,,,,,,,,,,,,2026-09-28,2026-09-28,2026-09-28 14:23:46
FDY,QNB PORTFÖY KAR PAYI ÖDEYEN DÖRDÜNCÜ SERBEST (DÖVİZ) FON,Diğer / Belirsiz,VERIFY_ELIGIBILITY,Serbest fon; nitelikli yatırımcı / dağıtım kısıtı olabilir,False,2026-08-21,1.048,-97.7994,0.4545,-98.254,-97.7751,1.5527,-99.3278,-97.6961,-97.5982,-97.4299,347.4411,-97.8058,-97.8058,0.01,879.0,294,,,,,,,,,,,,,,,2026-09-28,2026-09-28,2026-09-28 14:23:46
FKH,QNB PORTFÖY KAR PAYI ÖDEYEN İKİNCİ SERBEST (DÖVİZ) FON,Diğer / Belirsiz,VERIFY_ELIGIBILITY,Serbest fon; nitelikli yatırımcı / dağıtım kısıtı olabilir,False,2026-08-07,10.0,-79.1423,0.4215,-79.5638,-78.9269,1.5269,-80.4538,-78.179,-77.1394,-75.5701,280.6463,-79.1423,-79.1423,0.01,2108.0,293,,,,,,,,,,,,,,,2026-09-28,2026-09-28,2026-09-28 14:23:46
FNE,AZİMUT PORTFÖY FİNE AGRO SERBEST (TL) ÖZEL FON,Diğer / Belirsiz,VERIFY_ELIGIBILITY,Serbest fon; nitelikli yatırımcı / dağıtım kısıtı olabilir,False,2026-07-08,2.1883,-23.1178,0.4936,-23.6115,-22.0056,2.1727,-24.1782,-19.1285,-22.7118,-4.8525,64.574,-23.2806,-23.2806,853100.94,1.0,272,,,,,,,,,,,,,,,2026-09-28,2026-09-28,2026-09-28 14:23:46
IHE,INVEO PORTFÖY BEYAZ HİSSE SENEDİ SERBEST (TL) ÖZEL FON (HİSSE SENEDİ YOĞUN FON),Hisse Senedi,VERIFY_ELIGIBILITY,Serbest fon; nitelikli yatırımcı / dağıtım kısıtı olabilir,False,2025-10-10,0.0,-100.0,2.4843,-102.4843,-100.0,-35.7384,-64.2616,-100.0,,,383.4256,-100.0,-100.0,0.0,1.0,88,,,,,,,,,,,,,,,2026-09-28,2026-09-28,2026-09-28 14:23:46
IJS,İŞ PORTFÖY TÜRK REASÜRANS SERBEST ÖZEL FON,Diğer / Belirsiz,VERIFY_ELIGIBILITY,Serbest fon; nitelikli yatırımcı / dağıtım kısıtı olabilir,False,2026-01-28,0.0,-100.0,0.7149,-100.7149,-100.0,3.0724,-103.0724,-100.0,-100.0,,355.5745,-100.0,-100.0,0.0,1.0,164,,,,,,,,,,,,,,,2026-09-28,2026-09-28,2026-09-28 14:23:46
IVA,İSTANBUL PORTFÖY BAYRAKTAR SERBEST ÖZEL FON,Diğer / Belirsiz,VERIFY_ELIGIBILITY,Serbest fon; nitelikli yatırımcı / dağıtım kısıtı olabilir,False,2026-07-23,0.0,-100.0,0.1849,-100.1849,-100.0,1.8143,-101.8143,-100.0,-100.0,-100.0,355.3272,-100.0,-100.0,0.0,3.0,282,,,,,,,,,,,,,,,2026-09-28,2026-09-28,2026-09-28 14:23:46
LFD,İŞ PORTFÖY AZİM HİSSE SENEDİ SERBEST ÖZEL FON (HİSSE SENEDİ YOĞUN FON),Hisse Senedi,VERIFY_ELIGIBILITY,Serbest fon; nitelikli yatırımcı / dağıtım kısıtı olabilir,False,2026-09-16,0.0,-100.0,-2.0461,-97.9539,-100.0,-3.7409,-96.2591,-100.0,-100.0,-100.0,355.4388,-100.0,-100.0,0.0,1.0,321,,,,,,,,,,,,,,,2026-09-28,2026-09-28,2026-09-28 14:23:46
MLK,TERA PORTFÖY MASLAK SERBEST ÖZEL FON,Diğer / Belirsiz,VERIFY_ELIGIBILITY,Serbest fon; nitelikli yatırımcı / dağıtım kısıtı olabilir,False,2026-01-07,1.177,1.0829,0.8973,0.1856,3.8079,4.0483,-0.2403,12.7656,,,1.7094,-0.5589,0.0,116995886.17,1.0,84,,,,,,,,,,,,,,,2026-09-28,2026-09-28,2026-09-28 14:23:46
MSL,DENİZ PORTFÖY MSL SERBEST ÖZEL FON,Diğer / Belirsiz,VERIFY_ELIGIBILITY,Serbest fon; nitelikli yatırımcı / dağıtım kısıtı olabilir,False,2025-11-13,1.283,-8.7366,-3.1311,-5.6055,-8.3268,-2.2715,-6.0553,-12.2739,,,34.3115,-18.3382,-18.3382,177893921.69,1.0,111,,,,,,,,,,,,,,,2026-09-28,2026-09-28,2026-09-28 14:23:46
ORS,DENİZ PORTFÖY ORS HİSSE SENEDİ SERBEST ÖZEL FON (HİSSE SENEDİ YOĞUN FON),Hisse Senedi,VERIFY_ELIGIBILITY,Serbest fon; nitelikli yatırımcı / dağıtım kısıtı olabilir,False,2026-04-07,146.5549,-0.2054,-1.1265,0.9211,1.9879,-20.4087,22.3966,-22.2364,10.6182,,26.1111,-29.4232,-28.0203,121997595.01,2.0,212,,,,,,,,,,,,,,,2026-09-28,2026-09-28,2026-09-28 14:23:46
OVT,QNB PORTFÖY DCD SERBEST (DÖVİZ) ÖZEL FON,Diğer / Belirsiz,VERIFY_ELIGIBILITY,Serbest fon; nitelikli yatırımcı / dağıtım kısıtı olabilir,False,2026-07-16,0.0,-100.0,13.7741,-113.7741,-100.0,104.1918,-204.1918,-100.0,-100.0,-100.0,374.8257,-100.0,-100.0,0.01,1.0,277,,,,,,,,,,,,,,,2026-09-28,2026-09-28,2026-09-28 14:23:46
PAP,AK PORTFÖY MİSTRAL SERBEST(DÖVİZ) ÖZEL FON,Diğer / Belirsiz,VERIFY_ELIGIBILITY,Serbest fon; nitelikli yatırımcı / dağıtım kısıtı olabilir,False,2026-04-21,0.0,-100.0,1.8493,-101.8493,-100.0,-1.646,-98.354,-100.0,-100.0,,355.6292,-100.0,-100.0,0.0,1.0,222,,,,,,,,,,,,,,,2026-09-28,2026-09-28,2026-09-28 14:23:46
PNR,AZİMUT PORTFÖY PINAR SERBEST ÖZEL FON,Diğer / Belirsiz,VERIFY_ELIGIBILITY,Serbest fon; nitelikli yatırımcı / dağıtım kısıtı olabilir,False,2026-04-15,2.3339,-0.8966,-1.9002,1.0035,-1.3973,2.2499,-3.6471,2.6416,-27.5897,,9.9765,-3.0719,-3.0719,6899582.26,1.0,218,,,,,,,,,,,,,,,2026-09-28,2026-09-28,2026-09-28 14:23:46
PUZ,AZİMUT PORTFÖY LUNA HİSSE SENEDİ SERBEST ÖZEL FON (HİSSE SENEDİ YOĞUN FON),Hisse Senedi,VERIFY_ELIGIBILITY,Serbest fon; nitelikli yatırımcı / dağıtım kısıtı olabilir,False,2026-05-05,9.0917,-0.5915,-0.2501,-0.3414,5.2352,1.9631,3.2721,4.0067,18.5406,,15.5181,-6.7598,-2.1159,146563942.34,2.0,230,,,,,,,,,,,,,,,2026-09-28,2026-09-28,2026-09-28 14:23:46
TNA,TEB PORTFÖY ONBEŞİNCİ SERBEST ÖZEL FON,Diğer / Belirsiz,VERIFY_ELIGIBILITY,Serbest fon; nitelikli yatırımcı / dağıtım kısıtı olabilir,False,2026-08-25,0.0,-100.0,0.1695,-100.1695,-100.0,6.3817,-106.3817,-100.0,-100.0,,355.1581,-100.0,-100.0,0.0,0.0,237,,,,,,,,,,,,,,,2026-09-28,2026-09-28,2026-09-28 14:23:46
YRB,AK PORTFÖY 2025 SERBEST (DÖVİZ) FON,Diğer / Belirsiz,VERIFY_ELIGIBILITY,Serbest fon; nitelikli yatırımcı / dağıtım kısıtı olabilir,False,2025-11-18,45.6571,0.276,0.3911,-0.1151,1.2673,1.5391,-0.2719,4.1383,,,1.2097,-0.0929,0.0,14397215898.03,2472.0,114,,,,,,,,,,,,,,,2026-09-28,2026-09-28,2026-09-28 14:23:46
YTC,YAPI KREDİ PORTFÖY TEMMUZ 2026 SERBEST (DÖVİZ-POUND) FON,Diğer / Belirsiz,VERIFY_ELIGIBILITY,Serbest fon; nitelikli yatırımcı / dağıtım kısıtı olabilir,False,2026-07-30,65.7692,-0.1796,0.5427,-0.7223,2.3376,0.1586,2.1789,4.7302,10.7511,20.9315,6.2897,-1.4924,-0.8293,324708489.82,119.0,272,,,,,,,,,,,,,,,2026-09-28,2026-09-28,2026-09-28 14:23:46
ZCF,ZİRAAT PORTFÖY MKA SERBEST (TL) ÖZEL FON,Diğer / Belirsiz,VERIFY_ELIGIBILITY,Serbest fon; nitelikli yatırımcı / dağıtım kısıtı olabilir,False,2026-09-10,4.2117,1.8886,-0.0364,1.925,4.0691,2.9407,1.1284,8.2484,20.5063,47.7877,4.9487,-1.022,0.0,1941568434.4,1.0,317,,,,,,,,,,,,,,,2026-09-28,2026-09-28,2026-09-28 14:23:46
ZFH,ZİRAAT PORTFÖY İVME KATILIM SERBEST ÖZEL FON,Katılım,VERIFY_ELIGIBILITY,Serbest fon; nitelikli yatırımcı / dağıtım kısıtı olabilir,False,2026-03-06,3.7398,0.5283,0.6272,-0.0989,2.3516,2.632,-0.2803,11.8392,12.4887,,1.384,-0.1278,-0.0029,44034253.2,1.0,191,,,,,,,,,,,,,,,2026-09-28,2026-09-28,2026-09-28 14:23:46
ZFZ,ZİRAAT PORTFÖY ANKARA SERBEST (DÖVİZ) ÖZEL FON,Diğer / Belirsiz,VERIFY_ELIGIBILITY,Serbest fon; nitelikli yatırımcı / dağıtım kısıtı olabilir,False,2026-09-10,71.4369,0.7555,0.296,0.4594,2.2487,2.6087,-0.3599,6.5533,14.2385,26.3434,1.4801,-0.2943,0.0,22961740124.56,3.0,317,,,,,,,,,,,,,,,2026-09-28,2026-09-28,2026-09-28 14:23:46
ZJR,ZİRAAT PORTFÖY TÜRK REASÜRANS HİSSE SENEDİ SERBEST ÖZEL FON (HİSSE SENEDİ YOĞUN FON),Hisse Senedi,VERIFY_ELIGIBILITY,Serbest fon; nitelikli yatırımcı / dağıtım kısıtı olabilir,False,2026-08-19,29.5148,-47.0909,-0.8542,-46.2367,-50.6368,783.7788,-834.4157,356.9177,339.2972,468.5893,166.7992,-51.2656,-51.2656,105574.4,1.0,301,,,,,,,,,,,,,,,2026-09-28,2026-09-28,2026-09-28 14:23:46
ZKK,ZİRAAT PORTFÖY ESSA KATILIM SERBEST (DÖVİZ-AVRO) ÖZEL FON,Katılım,VERIFY_ELIGIBILITY,Serbest fon; nitelikli yatırımcı / dağıtım kısıtı olabilir,False,2026-09-10,25.6205,0.9892,-0.37,1.3592,2.6602,3.1025,-0.4423,5.8312,12.0935,19.7233,4.091,-1.7549,0.0,2399808404.15,1.0,317,,,,,,,,,,,,,,,2026-09-28,2026-09-28,2026-09-28 14:23:46
ZNF,ZİRAAT PORTFÖY BDEM SERBEST (DÖVİZ-AVRO) ÖZEL FON,Diğer / Belirsiz,VERIFY_ELIGIBILITY,Serbest fon; nitelikli yatırımcı / dağıtım kısıtı olabilir,False,2026-09-10,56.1588,0.9928,-0.3662,1.359,2.6718,3.1154,-0.4436,5.8804,12.2945,19.8767,4.0891,-1.745,0.0,854726081.43,1.0,317,,,,,,,,,,,,,,,2026-09-28,2026-09-28,2026-09-28 14:23:46
ZSK,ZİRAAT PORTFÖY SSA KATILIM SERBEST (DÖVİZ) ÖZEL FON,Katılım,VERIFY_ELIGIBILITY,Serbest fon; nitelikli yatırımcı / dağıtım kısıtı olabilir,False,2026-09-10,59.4231,0.4658,0.2665,0.1992,1.872,2.0887,-0.2167,5.6913,9.4221,26.0498,1.4096,-0.062,0.0,2586179159.27,1.0,317,,,,,,,,,,,,,,,2026-09-28,2026-09-28,2026-09-28 14:23:46
